
     Program BANDS v.6.7MaX starts on 13Sep2024 at 22:49:27 

     This program is part of the open-source Quantum ESPRESSO suite
     for quantum simulation of materials; please cite
         "P. Giannozzi et al., J. Phys.:Condens. Matter 21 395502 (2009);
         "P. Giannozzi et al., J. Phys.:Condens. Matter 29 465901 (2017);
          URL http://www.quantum-espresso.org", 
     in publications or presentations arising from this work. More details at
     http://www.quantum-espresso.org/quote

     Parallel version (MPI), running on     1 processors

     MPI processes distributed on     1 nodes

     Reading xml data from directory:

     ./cunipt.save/
     file Cu.upf: wavefunction(s)  4S 3D renormalized
     file Ni.upf: wavefunction(s)  3P 3D renormalized
     file Pt.upf: wavefunction(s)  6S 5D renormalized

     IMPORTANT: XC functional enforced from input :
     Exchange-correlation= PBE
                           (   1   4   3   4   0   0   0)
     Any further DFT definition will be discarded
     Please, verify this is what you really want


     G-vector sticks info
     --------------------
     sticks:   dense  smooth     PW     G-vecs:    dense   smooth      PW
     Sum         967     967    301                20179    20179    3383


     Check: negative core charge=   -0.000002
     Reading collected, re-writing distributed wavefunctions
     high-symmetry point:  0.0000 0.0000 0.0000   x coordinate   0.0000
     high-symmetry point: -0.4000 0.4000-0.4000   x coordinate   0.6928
     high-symmetry point:  0.5000-0.5000 0.5000   x coordinate   0.6928
     high-symmetry point:  0.0000 0.2000 0.0000   x coordinate   0.6928
     high-symmetry point: -0.3000 0.5000-0.3000   x coordinate   1.2124
     high-symmetry point:  0.6000-0.4000 0.6000   x coordinate   1.2124
     high-symmetry point:  0.2000 0.0000 0.2000   x coordinate   1.9053
     high-symmetry point:  0.0000 0.4000 0.0000   x coordinate   2.3952
     high-symmetry point: -0.2000 0.6000-0.2000   x coordinate   2.7416
     high-symmetry point:  0.7000-0.3000 0.7000   x coordinate   2.7416
     high-symmetry point:  0.4000 0.0000 0.4000   x coordinate   3.2612
     high-symmetry point:  0.0000 0.6000 0.0000   x coordinate   4.0858
     high-symmetry point: -0.1000 0.7000-0.1000   x coordinate   4.2590
     high-symmetry point:  0.8000-0.2000 0.8000   x coordinate   4.2590
     high-symmetry point:  0.6000-0.0000 0.6000   x coordinate   4.6054
     high-symmetry point:  0.0000 0.8000 0.0000   x coordinate   4.6054
     high-symmetry point:  0.9000-0.1000 0.9000   x coordinate   4.6054
     high-symmetry point:  0.8000 0.0000 0.8000   x coordinate   4.7786
     high-symmetry point:  0.0000-1.0000 0.0000   x coordinate   4.7786
     high-symmetry point: -0.2000 0.4000 0.0000   x coordinate   4.7786
     high-symmetry point: -0.3000 0.5000-0.1000   x coordinate   4.9518
     high-symmetry point:  0.6000-0.4000 0.8000   x coordinate   4.9518
     high-symmetry point:  0.5000-0.3000 0.7000   x coordinate   5.1250
     high-symmetry point: -0.2000 0.6000 0.0000   x coordinate   5.1250
     high-symmetry point:  0.7000-0.3000 0.9000   x coordinate   5.1250
     high-symmetry point:  0.4000 0.0000 0.6000   x coordinate   5.6446
     high-symmetry point:  0.8000-0.2000 1.0000   x coordinate   6.2446
     high-symmetry point:  0.6000 0.0000 0.8000   x coordinate   6.5911
     high-symmetry point: -0.2000-1.0000 0.0000   x coordinate   6.5911
     high-symmetry point:  0.6000-0.2000 1.0000   x coordinate   6.5911
     high-symmetry point:  0.5000-0.1000 0.9000   x coordinate   6.7643
     high-symmetry point: -0.4000-1.0000 0.0000   x coordinate   6.7643

     Plottable bands (eV) written to file band.dat.gnu
     Bands written to file band.dat

 **************************************************************************

                    xk=(   0.00000,   0.00000,   0.00000  )

     point group T_d (-43m) 
     there are  5 classes
     the character table:

       E     8C3   3C2   6S4   6s_d 
A_1    1.00  1.00  1.00  1.00  1.00
A_2    1.00  1.00  1.00 -1.00 -1.00
E      2.00 -1.00  2.00  0.00  0.00
T_1    3.00  0.00 -1.00  1.00 -1.00
T_2    3.00  0.00 -1.00 -1.00  1.00

     the symmetry operations in each class and the name of the first element:

     E        1
                                                                 
     8C3      5    7    8    6   12    9   10   11
                                                                 
     3C2      2    3    4
                                                                 
     6S4     15   16   20   19   23   24
                                                                 
     6s_d    13   14   17   18   21   22
                                                                 

     Band symmetry, T_d (-43m)  point group:

     e(  1 -  1) =    -91.24388  eV     1   --> A_1  G_1  P_1  
     e(  2 -  4) =    -51.63474  eV     3   --> T_2  G_15 P_4  
     e(  5 -  5) =      3.73834  eV     1   --> A_1  G_1  P_1  
     e(  6 -  7) =      7.55363  eV     2   --> E    G_12 P_3  
     e(  8 - 10) =      7.74531  eV     3   --> T_2  G_15 P_4  
     e( 11 - 13) =      8.99466  eV     3   --> T_2  G_15 P_4  
     e( 14 - 15) =     10.42189  eV     2   --> E    G_12 P_3  
     e( 16 - 18) =     10.77287  eV     3   --> T_2  G_15 P_4  
     e( 19 - 20) =     11.30725  eV     2   --> E    G_12 P_3  
     e( 21 - 21) =     20.01892  eV     1   --> A_1  G_1  P_1  
     e( 22 - 24) =     21.15113  eV     3   --> T_2  G_15 P_4  
     e( 25 - 27) =     21.22619  eV     3   --> T_2  G_15 P_4  
     e( 28 - 28) =     22.09253  eV     1   --> A_1  G_1  P_1  

 **************************************************************************

 **************************************************************************

                    xk=(  -0.10000,   0.10000,  -0.10000  )

     point group C_3v (3m)  
     there are  3 classes
     the character table:

       E     2C3   3s_v 
A_1    1.00  1.00  1.00
A_2    1.00  1.00 -1.00
E      2.00 -1.00  0.00

     the symmetry operations in each class and the name of the first element:

     E        1
                                                                 
     2C3      2    3
                                                                 
     3s_v     4    5    6
                                                                 

     Band symmetry, C_3v (3m)   point group:

     e(  1 -  1) =    -91.24317  eV     1   --> A_1  L_1       
     e(  2 -  2) =    -51.63445  eV     1   --> A_1  L_1       
     e(  3 -  4) =    -51.63435  eV     2   --> E    L_3       
     e(  5 -  5) =      3.88857  eV     1   --> A_1  L_1       
     e(  6 -  7) =      7.58119  eV     2   --> E    L_3       
     e(  8 -  8) =      7.71055  eV     1   --> A_1  L_1       
     e(  9 - 10) =      7.74735  eV     2   --> E    L_3       
     e( 11 - 11) =      9.00953  eV     1   --> A_1  L_1       
     e( 12 - 13) =      9.02593  eV     2   --> E    L_3       
     e( 14 - 15) =     10.40205  eV     2   --> E    L_3       
     e( 16 - 16) =     10.66461  eV     1   --> A_1  L_1       
     e( 17 - 18) =     10.75781  eV     2   --> E    L_3       
     e( 19 - 20) =     11.30364  eV     2   --> E    L_3       
     e( 21 - 21) =     18.52957  eV     1   --> A_1  L_1       
     e( 22 - 23) =     20.15007  eV     2   --> E    L_3       
     e( 24 - 24) =     20.23197  eV     1   --> A_1  L_1       
     e( 25 - 25) =     21.89322  eV     1   --> A_1  L_1       
     e( 26 - 27) =     22.13293  eV     2   --> E    L_3       
     e( 28 - 28) =     22.44507  eV     1   --> A_1  L_1       

 **************************************************************************

 **************************************************************************

                    xk=(  -0.20000,   0.20000,  -0.20000  )

     Band symmetry, C_3v (3m)   point group:

     e(  1 -  1) =    -91.24313  eV     1   --> A_1  L_1       
     e(  2 -  2) =    -51.63466  eV     1   --> A_1  L_1       
     e(  3 -  4) =    -51.63442  eV     2   --> E    L_3       
     e(  5 -  5) =      4.32076  eV     1   --> A_1  L_1       
     e(  6 -  7) =      7.62359  eV     2   --> E    L_3       
     e(  8 -  8) =      7.64358  eV     1   --> A_1  L_1       
     e(  9 - 10) =      7.79018  eV     2   --> E    L_3       
     e( 11 - 11) =      9.00762  eV     1   --> A_1  L_1       
     e( 12 - 13) =      9.11115  eV     2   --> E    L_3       
     e( 14 - 15) =     10.30594  eV     2   --> E    L_3       
     e( 16 - 16) =     10.40586  eV     1   --> A_1  L_1       
     e( 17 - 18) =     10.74769  eV     2   --> E    L_3       
     e( 19 - 20) =     11.30364  eV     2   --> E    L_3       
     e( 21 - 21) =     16.14741  eV     1   --> A_1  L_1       
     e( 22 - 23) =     19.19738  eV     2   --> E    L_3       
     e( 24 - 24) =     20.19036  eV     1   --> A_1  L_1       
     e( 25 - 25) =     21.79951  eV     1   --> A_1  L_1       
     e( 26 - 27) =     21.98160  eV     2   --> E    L_3       
     e( 28 - 28) =     23.06907  eV     1   --> A_1  L_1       

 **************************************************************************

 **************************************************************************

                    xk=(  -0.30000,   0.30000,  -0.30000  )

     Band symmetry, C_3v (3m)   point group:

     e(  1 -  1) =    -91.24299  eV     1   --> A_1  L_1       
     e(  2 -  4) =    -51.63452  eV     3   --> A_1  L_1       
     e(  2 -  4) =    -51.63452  eV     3   --> E    L_3       
     e(  5 -  5) =      4.97093  eV     1   --> A_1  L_1       
     e(  6 -  6) =      7.61817  eV     1   --> A_1  L_1       
     e(  7 -  8) =      7.61942  eV     2   --> E    L_3       
     e(  9 - 10) =      7.92015  eV     2   --> E    L_3       
     e( 11 - 11) =      8.88364  eV     1   --> A_1  L_1       
     e( 12 - 13) =      9.22761  eV     2   --> E    L_3       
     e( 14 - 15) =     10.10595  eV     2   --> E    L_3       
     e( 16 - 16) =     10.15462  eV     1   --> A_1  L_1       
     e( 17 - 18) =     10.78592  eV     2   --> E    L_3       
     e( 19 - 20) =     11.31527  eV     2   --> E    L_3       
     e( 21 - 21) =     14.08445  eV     1   --> A_1  L_1       
     e( 22 - 23) =     18.39781  eV     2   --> E    L_3       
     e( 24 - 24) =     20.05122  eV     1   --> A_1  L_1       
     e( 25 - 25) =     21.60051  eV     1   --> A_1  L_1       
     e( 26 - 27) =     21.68733  eV     2   --> E    L_3       
     e( 28 - 28) =     24.47150  eV     1   --> A_1  L_1       

 **************************************************************************

 **************************************************************************

                    xk=(  -0.40000,   0.40000,  -0.40000  )

     Band symmetry, C_3v (3m)   point group:

     e(  1 -  1) =    -91.24277  eV     1   --> A_1  L_1       
     e(  2 -  2) =    -51.63458  eV     1   --> A_1  L_1       
     e(  3 -  4) =    -51.63434  eV     2   --> E    L_3       
     e(  5 -  5) =      5.66088  eV     1   --> A_1  L_1       
     e(  6 -  7) =      7.60085  eV     2   --> E    L_3       
     e(  8 -  8) =      7.70831  eV     1   --> A_1  L_1       
     e(  9 - 10) =      8.06526  eV     2   --> E    L_3       
     e( 11 - 11) =      8.57761  eV     1   --> A_1  L_1       
     e( 12 - 13) =      9.34845  eV     2   --> E    L_3       
     e( 14 - 15) =      9.87301  eV     2   --> E    L_3       
     e( 16 - 16) =     10.02350  eV     1   --> A_1  L_1       
     e( 17 - 18) =     10.84365  eV     2   --> E    L_3       
     e( 19 - 20) =     11.32966  eV     2   --> E    L_3       
     e( 21 - 21) =     12.58120  eV     1   --> A_1  L_1       
     e( 22 - 23) =     17.85213  eV     2   --> E    L_3       
     e( 24 - 24) =     19.91505  eV     1   --> A_1  L_1       
     e( 25 - 25) =     21.47762  eV     1   --> A_1  L_1       
     e( 26 - 27) =     21.48920  eV     2   --> E    L_3       
     e( 28 - 28) =     26.27290  eV     1   -->   ?

 **************************************************************************

 **************************************************************************

                    xk=(   0.50000,  -0.50000,   0.50000  )

     Band symmetry, C_3v (3m)   point group:

     e(  1 -  1) =    -91.24274  eV     1   --> A_1  L_1       
     e(  2 -  2) =    -51.63466  eV     1   --> A_1  L_1       
     e(  3 -  4) =    -51.63436  eV     2   --> E    L_3       
     e(  5 -  5) =      5.99197  eV     1   --> A_1  L_1       
     e(  6 -  7) =      7.59257  eV     2   --> E    L_3       
     e(  8 -  8) =      7.88693  eV     1   --> A_1  L_1       
     e(  9 - 10) =      8.13053  eV     2   --> E    L_3       
     e( 11 - 11) =      8.28190  eV     1   --> A_1  L_1       
     e( 12 - 13) =      9.42073  eV     2   --> E    L_3       
     e( 14 - 15) =      9.74682  eV     2   --> E    L_3       
     e( 16 - 16) =      9.98892  eV     1   --> A_1  L_1       
     e( 17 - 18) =     10.87067  eV     2   --> E    L_3       
     e( 19 - 20) =     11.33585  eV     2   --> E    L_3       
     e( 21 - 21) =     12.00290  eV     1   --> A_1  L_1       
     e( 22 - 23) =     17.65655  eV     2   --> E    L_3       
     e( 24 - 24) =     19.86225  eV     1   --> A_1  L_1       
     e( 25 - 26) =     21.42119  eV     2   --> E    L_3       
     e( 27 - 27) =     21.43698  eV     1   --> A_1  L_1       
     e( 28 - 28) =     26.99226  eV     1   -->   ?

 **************************************************************************

 **************************************************************************

                    xk=(   0.00000,   0.20000,   0.00000  )

     point group C_2v (mm2) 
     there are  4 classes
     the character table:

       E     C2    s_v   s_v' 
A_1    1.00  1.00  1.00  1.00
A_2    1.00  1.00 -1.00 -1.00
B_1    1.00 -1.00  1.00 -1.00
B_2    1.00 -1.00 -1.00  1.00

     the symmetry operations in each class and the name of the first element:

     E        1
                                                                 
     C2       2
                                                                 
     s_v      4
                                                                 
     s_v'     3
                                                                 

     Band symmetry, C_2v (mm2)  point group:

     e(  1 -  1) =    -91.24318  eV     1   --> A_1  D_1  S_1  
     e(  2 -  4) =    -51.63448  eV     3   --> A_1  D_1  S_1  
     e(  2 -  4) =    -51.63448  eV     3   --> B_1  D_3  S_3  
     e(  2 -  4) =    -51.63448  eV     3   --> B_2  D_4  S_4  
     e(  5 -  5) =      3.93913  eV     1   --> A_1  D_1  S_1  
     e(  6 -  6) =      7.54573  eV     1   --> A_1  D_1  S_1  
     e(  7 -  7) =      7.63318  eV     1   --> A_2  D_2  S_2  
     e(  8 -  8) =      7.67329  eV     1   --> A_1  D_1  S_1  
     e(  9 - 10) =      7.75773  eV     2   --> B_1  D_3  S_3  
     e(  9 - 10) =      7.75773  eV     2   --> B_2  D_4  S_4  
     e( 11 - 11) =      8.91777  eV     1   --> A_1  D_1  S_1  
     e( 12 - 13) =      9.09105  eV     2   --> B_1  D_3  S_3  
     e( 12 - 13) =      9.09105  eV     2   --> B_2  D_4  S_4  
     e( 14 - 15) =     10.39847  eV     2   --> A_1  D_1  S_1  
     e( 14 - 15) =     10.39847  eV     2   --> A_2  D_2  S_2  
     e( 16 - 16) =     10.69478  eV     1   --> A_1  D_1  S_1  
     e( 17 - 18) =     10.72687  eV     2   --> B_1  D_3  S_3  
     e( 17 - 18) =     10.72687  eV     2   --> B_2  D_4  S_4  
     e( 19 - 19) =     11.24389  eV     1   --> A_2  D_2  S_2  
     e( 20 - 20) =     11.34404  eV     1   --> A_1  D_1  S_1  
     e( 21 - 22) =     19.10520  eV     2   --> B_1  D_3  S_3  
     e( 21 - 22) =     19.10520  eV     2   --> B_2  D_4  S_4  
     e( 23 - 23) =     19.56384  eV     1   --> A_1  D_1  S_1  
     e( 24 - 24) =     19.88361  eV     1   --> A_1  D_1  S_1  
     e( 25 - 25) =     21.26711  eV     1   --> A_1  D_1  S_1  
     e( 26 - 26) =     22.13150  eV     1   --> A_1  D_1  S_1  
     e( 27 - 28) =     22.76886  eV     2   --> B_1  D_3  S_3  
     e( 27 - 28) =     22.76886  eV     2   --> B_2  D_4  S_4  

 **************************************************************************

 **************************************************************************

                    xk=(  -0.10000,   0.30000,  -0.10000  )

     point group C_s (m)    
     there are  2 classes
     the character table:

       E     s    
A'     1.00  1.00
A''    1.00 -1.00

     the symmetry operations in each class and the name of the first element:

     E        1
                                                                 
     s        2
                                                                 

     Band symmetry, C_s (m)     point group:

     e(  1 -  1) =    -91.24320  eV     1   --> A'             
     e(  2 -  2) =    -51.63469  eV     1   --> A'             
     e(  3 -  4) =    -51.63446  eV     2   --> A'             
     e(  3 -  4) =    -51.63446  eV     2   --> A''            
     e(  5 -  5) =      4.27969  eV     1   --> A'             
     e(  6 -  6) =      7.52148  eV     1   --> A'             
     e(  7 -  7) =      7.62897  eV     1   --> A'             
     e(  8 -  8) =      7.69747  eV     1   --> A''            
     e(  9 -  9) =      7.76728  eV     1   --> A'             
     e( 10 - 10) =      7.80640  eV     1   --> A''            
     e( 11 - 11) =      8.88668  eV     1   --> A'             
     e( 12 - 12) =      9.18174  eV     1   --> A'             
     e( 13 - 13) =      9.20650  eV     1   --> A''            
     e( 14 - 14) =     10.32232  eV     1   --> A''            
     e( 15 - 15) =     10.34574  eV     1   --> A'             
     e( 16 - 16) =     10.50403  eV     1   --> A'             
     e( 17 - 17) =     10.70359  eV     1   --> A''            
     e( 18 - 18) =     10.73531  eV     1   --> A'             
     e( 19 - 19) =     11.19464  eV     1   --> A''            
     e( 20 - 20) =     11.36193  eV     1   --> A'             
     e( 21 - 21) =     16.90089  eV     1   --> A'             
     e( 22 - 22) =     18.17609  eV     1   --> A''            
     e( 23 - 23) =     19.07167  eV     1   --> A'             
     e( 24 - 24) =     20.06257  eV     1   --> A'             
     e( 25 - 25) =     21.00721  eV     1   --> A'             
     e( 26 - 26) =     22.26206  eV     1   --> A'             
     e( 27 - 27) =     22.93180  eV     1   --> A''            
     e( 28 - 28) =     22.96460  eV     1   --> A'             

 **************************************************************************

 **************************************************************************

                    xk=(  -0.20000,   0.40000,  -0.20000  )

     Band symmetry, C_s (m)     point group:

     e(  1 -  1) =    -91.24299  eV     1   --> A'             
     e(  2 -  4) =    -51.63458  eV     3   -->   2 A'             
     e(  2 -  4) =    -51.63458  eV     3   --> A''            
     e(  5 -  5) =      4.86526  eV     1   --> A'             
     e(  6 -  6) =      7.45872  eV     1   --> A'             
     e(  7 -  7) =      7.65787  eV     1   --> A'             
     e(  8 -  8) =      7.68629  eV     1   --> A''            
     e(  9 -  9) =      7.80789  eV     1   --> A'             
     e( 10 - 10) =      7.95614  eV     1   --> A''            
     e( 11 - 11) =      8.90061  eV     1   --> A'             
     e( 12 - 12) =      9.22807  eV     1   --> A'             
     e( 13 - 13) =      9.34161  eV     1   --> A''            
     e( 14 - 14) =     10.11192  eV     1   --> A''            
     e( 15 - 15) =     10.21307  eV     1   --> A'             
     e( 16 - 16) =     10.25339  eV     1   --> A'             
     e( 17 - 17) =     10.75498  eV     1   --> A''            
     e( 18 - 18) =     10.76139  eV     1   --> A'             
     e( 19 - 19) =     11.18833  eV     1   --> A''            
     e( 20 - 20) =     11.37309  eV     1   --> A'             
     e( 21 - 21) =     14.71800  eV     1   --> A'             
     e( 22 - 22) =     17.46706  eV     1   --> A''            
     e( 23 - 23) =     18.22306  eV     1   --> A'             
     e( 24 - 24) =     19.79630  eV     1   --> A'             
     e( 25 - 25) =     22.08587  eV     1   --> A'             
     e( 26 - 26) =     22.24998  eV     1   --> A'             
     e( 27 - 27) =     22.74329  eV     1   --> A''            
     e( 28 - 28) =     22.79199  eV     1   --> A'             

 **************************************************************************

 **************************************************************************

                    xk=(  -0.30000,   0.50000,  -0.30000  )

     Band symmetry, C_s (m)     point group:

     e(  1 -  1) =    -91.24291  eV     1   --> A'             
     e(  2 -  2) =    -51.63466  eV     1   --> A'             
     e(  3 -  4) =    -51.63443  eV     2   --> A'             
     e(  3 -  4) =    -51.63443  eV     2   --> A''            
     e(  5 -  5) =      5.56651  eV     1   --> A'             
     e(  6 -  6) =      7.42588  eV     1   --> A'             
     e(  7 -  7) =      7.65509  eV     1   --> A''            
     e(  8 -  8) =      7.71155  eV     1   --> A'             
     e(  9 -  9) =      7.89930  eV     1   --> A'             
     e( 10 - 10) =      8.11198  eV     1   --> A''            
     e( 11 - 11) =      8.83644  eV     1   --> A'             
     e( 12 - 12) =      9.26149  eV     1   --> A'             
     e( 13 - 13) =      9.46106  eV     1   --> A''            
     e( 14 - 14) =      9.84568  eV     1   --> A''            
     e( 15 - 15) =     10.01399  eV     1   --> A'             
     e( 16 - 16) =     10.09251  eV     1   --> A'             
     e( 17 - 17) =     10.81390  eV     1   --> A'             
     e( 18 - 18) =     10.82052  eV     1   --> A''            
     e( 19 - 19) =     11.23942  eV     1   --> A''            
     e( 20 - 20) =     11.37003  eV     1   --> A'             
     e( 21 - 21) =     12.98312  eV     1   --> A'             
     e( 22 - 22) =     17.07739  eV     1   --> A''            
     e( 23 - 23) =     17.38189  eV     1   --> A'             
     e( 24 - 24) =     19.62829  eV     1   --> A'             
     e( 25 - 25) =     22.11737  eV     1   --> A'             
     e( 26 - 26) =     22.39606  eV     1   --> A''            
     e( 27 - 27) =     22.45325  eV     1   --> A'             
     e( 28 - 28) =     23.93547  eV     1   --> A'             

 **************************************************************************

 **************************************************************************

                    xk=(   0.60000,  -0.40000,   0.60000  )

     Band symmetry, C_s (m)     point group:

     e(  1 -  1) =    -91.24289  eV     1   --> A'             
     e(  2 -  2) =    -51.63470  eV     1   --> A'             
     e(  3 -  4) =    -51.63446  eV     2   --> A'             
     e(  3 -  4) =    -51.63446  eV     2   --> A''            
     e(  5 -  5) =      6.06067  eV     1   --> A'             
     e(  6 -  6) =      7.44575  eV     1   --> A'             
     e(  7 -  7) =      7.62820  eV     1   --> A''            
     e(  8 -  8) =      7.83279  eV     1   --> A'             
     e(  9 -  9) =      7.93300  eV     1   --> A'             
     e( 10 - 10) =      8.18391  eV     1   --> A''            
     e( 11 - 11) =      8.68007  eV     1   --> A'             
     e( 12 - 12) =      9.36768  eV     1   --> A'             
     e( 13 - 13) =      9.45949  eV     1   --> A''            
     e( 14 - 14) =      9.73450  eV     1   --> A''            
     e( 15 - 15) =      9.84195  eV     1   --> A'             
     e( 16 - 16) =     10.01281  eV     1   --> A'             
     e( 17 - 17) =     10.83028  eV     1   --> A''            
     e( 18 - 18) =     10.87941  eV     1   --> A'             
     e( 19 - 19) =     11.32533  eV     1   --> A''            
     e( 20 - 20) =     11.33304  eV     1   --> A'             
     e( 21 - 21) =     12.03223  eV     1   --> A'             
     e( 22 - 22) =     16.76693  eV     1   --> A'             
     e( 23 - 23) =     17.09741  eV     1   --> A''            
     e( 24 - 24) =     19.61643  eV     1   --> A'             
     e( 25 - 25) =     21.88806  eV     1   --> A'             
     e( 26 - 26) =     22.05095  eV     1   --> A''            
     e( 27 - 27) =     22.62655  eV     1   --> A'             
     e( 28 - 28) =     25.71335  eV     1   --> A'             

 **************************************************************************

 **************************************************************************

                    xk=(   0.50000,  -0.30000,   0.50000  )

     Band symmetry, C_s (m)     point group:

     e(  1 -  1) =    -91.24290  eV     1   --> A'             
     e(  2 -  2) =    -51.63468  eV     1   --> A'             
     e(  3 -  4) =    -51.63445  eV     2   --> A'             
     e(  3 -  4) =    -51.63445  eV     2   --> A''            
     e(  5 -  5) =      5.94304  eV     1   --> A'             
     e(  6 -  6) =      7.47921  eV     1   --> A'             
     e(  7 -  7) =      7.61645  eV     1   --> A''            
     e(  8 -  8) =      7.77053  eV     1   --> A'             
     e(  9 -  9) =      7.98669  eV     1   --> A'             
     e( 10 - 10) =      8.11169  eV     1   --> A''            
     e( 11 - 11) =      8.74215  eV     1   --> A'             
     e( 12 - 12) =      9.31456  eV     1   --> A''            
     e( 13 - 13) =      9.47530  eV     1   --> A'             
     e( 14 - 14) =      9.75831  eV     1   --> A'             
     e( 15 - 15) =      9.88093  eV     1   --> A''            
     e( 16 - 16) =     10.02251  eV     1   --> A'             
     e( 17 - 17) =     10.79678  eV     1   --> A''            
     e( 18 - 18) =     10.89718  eV     1   --> A'             
     e( 19 - 19) =     11.25345  eV     1   --> A'             
     e( 20 - 20) =     11.38467  eV     1   --> A''            
     e( 21 - 21) =     12.25079  eV     1   --> A'             
     e( 22 - 22) =     16.50694  eV     1   --> A'             
     e( 23 - 23) =     17.55554  eV     1   --> A''            
     e( 24 - 24) =     19.75847  eV     1   --> A'             
     e( 25 - 25) =     21.66133  eV     1   --> A'             
     e( 26 - 26) =     21.78577  eV     1   --> A''            
     e( 27 - 27) =     22.97370  eV     1   --> A'             
     e( 28 - 28) =     26.00174  eV     1   --> A'             

 **************************************************************************

 **************************************************************************

                    xk=(   0.40000,  -0.20000,   0.40000  )

     Band symmetry, C_s (m)     point group:

     e(  1 -  1) =    -91.24282  eV     1   --> A'             
     e(  2 -  2) =    -51.63455  eV     1   --> A'             
     e(  3 -  4) =    -51.63435  eV     2   --> A'             
     e(  3 -  4) =    -51.63435  eV     2   --> A''            
     e(  5 -  5) =      5.32828  eV     1   --> A'             
     e(  6 -  6) =      7.50078  eV     1   --> A'             
     e(  7 -  7) =      7.62078  eV     1   --> A''            
     e(  8 -  8) =      7.68733  eV     1   --> A'             
     e(  9 -  9) =      7.94544  eV     1   --> A''            
     e( 10 - 10) =      7.96781  eV     1   --> A'             
     e( 11 - 11) =      8.93102  eV     1   --> A'             
     e( 12 - 12) =      9.18778  eV     1   --> A''            
     e( 13 - 13) =      9.41630  eV     1   --> A'             
     e( 14 - 14) =      9.92570  eV     1   --> A'             
     e( 15 - 15) =     10.09176  eV     1   --> A''            
     e( 16 - 16) =     10.11232  eV     1   --> A'             
     e( 17 - 17) =     10.75771  eV     1   --> A''            
     e( 18 - 18) =     10.84565  eV     1   --> A'             
     e( 19 - 19) =     11.19139  eV     1   --> A'             
     e( 20 - 20) =     11.39661  eV     1   --> A''            
     e( 21 - 21) =     13.51756  eV     1   --> A'             
     e( 22 - 22) =     16.63707  eV     1   --> A'             
     e( 23 - 23) =     18.39317  eV     1   --> A''            
     e( 24 - 24) =     20.06507  eV     1   --> A'             
     e( 25 - 25) =     21.50395  eV     1   --> A'             
     e( 26 - 26) =     21.63637  eV     1   --> A''            
     e( 27 - 27) =     23.32194  eV     1   --> A'             
     e( 28 - 28) =     24.26575  eV     1   --> A'             

 **************************************************************************

 **************************************************************************

                    xk=(   0.30000,  -0.10000,   0.30000  )

     Band symmetry, C_s (m)     point group:

     e(  1 -  1) =    -91.24312  eV     1   --> A'             
     e(  2 -  2) =    -51.63464  eV     1   --> A'             
     e(  3 -  4) =    -51.63448  eV     2   --> A'             
     e(  3 -  4) =    -51.63448  eV     2   --> A''            
     e(  5 -  5) =      4.64396  eV     1   --> A'             
     e(  6 -  6) =      7.55173  eV     1   --> A'             
     e(  7 -  7) =      7.62511  eV     1   --> A''            
     e(  8 -  8) =      7.67840  eV     1   --> A'             
     e(  9 -  9) =      7.79309  eV     1   --> A''            
     e( 10 - 10) =      7.86994  eV     1   --> A'             
     e( 11 - 11) =      9.00926  eV     1   --> A'             
     e( 12 - 12) =      9.08639  eV     1   --> A''            
     e( 13 - 13) =      9.29611  eV     1   --> A'             
     e( 14 - 14) =     10.17738  eV     1   --> A'             
     e( 15 - 15) =     10.27367  eV     1   --> A''            
     e( 16 - 16) =     10.29994  eV     1   --> A'             
     e( 17 - 17) =     10.74255  eV     1   --> A''            
     e( 18 - 18) =     10.75728  eV     1   --> A'             
     e( 19 - 19) =     11.19230  eV     1   --> A'             
     e( 20 - 20) =     11.37825  eV     1   --> A''            
     e( 21 - 21) =     15.42867  eV     1   --> A'             
     e( 22 - 22) =     17.09367  eV     1   --> A'             
     e( 23 - 23) =     19.49591  eV     1   --> A''            
     e( 24 - 24) =     20.53908  eV     1   --> A'             
     e( 25 - 25) =     21.36987  eV     1   --> A'             
     e( 26 - 26) =     21.59250  eV     1   --> A''            
     e( 27 - 27) =     22.76685  eV     1   --> A'             
     e( 28 - 28) =     23.25413  eV     1   --> A''            

 **************************************************************************

 **************************************************************************

                    xk=(   0.20000,   0.00000,   0.20000  )

     Band symmetry, C_s (m)     point group:

     e(  1 -  1) =    -91.24321  eV     1   --> A'             
     e(  2 -  2) =    -51.63461  eV     1   --> A'             
     e(  3 -  4) =    -51.63444  eV     2   --> A'             
     e(  3 -  4) =    -51.63444  eV     2   --> A''            
     e(  5 -  5) =      4.13337  eV     1   --> A'             
     e(  6 -  6) =      7.59427  eV     1   --> A''            
     e(  7 -  7) =      7.61980  eV     1   --> A'             
     e(  8 -  8) =      7.66725  eV     1   --> A'             
     e(  9 -  9) =      7.74063  eV     1   --> A''            
     e( 10 - 10) =      7.78606  eV     1   --> A'             
     e( 11 - 11) =      8.99888  eV     1   --> A'             
     e( 12 - 12) =      9.02604  eV     1   --> A''            
     e( 13 - 13) =      9.16104  eV     1   --> A'             
     e( 14 - 14) =     10.34533  eV     1   --> A'             
     e( 15 - 15) =     10.37124  eV     1   --> A''            
     e( 16 - 16) =     10.53490  eV     1   --> A'             
     e( 17 - 17) =     10.71978  eV     1   --> A'             
     e( 18 - 18) =     10.75502  eV     1   --> A''            
     e( 19 - 19) =     11.23986  eV     1   --> A'             
     e( 20 - 20) =     11.34740  eV     1   --> A''            
     e( 21 - 21) =     17.64119  eV     1   --> A'             
     e( 22 - 22) =     17.83744  eV     1   --> A'             
     e( 23 - 23) =     20.62785  eV     1   --> A''            
     e( 24 - 24) =     20.79054  eV     1   --> A'             
     e( 25 - 25) =     21.36042  eV     1   --> A'             
     e( 26 - 26) =     21.41779  eV     1   --> A''            
     e( 27 - 27) =     22.14491  eV     1   --> A'             
     e( 28 - 28) =     22.39272  eV     1   --> A''            

 **************************************************************************

 **************************************************************************

                    xk=(   0.00000,   0.40000,   0.00000  )

     point group C_2v (mm2) 
     there are  4 classes
     the character table:

       E     C2    s_v   s_v' 
A_1    1.00  1.00  1.00  1.00
A_2    1.00  1.00 -1.00 -1.00
B_1    1.00 -1.00  1.00 -1.00
B_2    1.00 -1.00 -1.00  1.00

     the symmetry operations in each class and the name of the first element:

     E        1
                                                                 
     C2       2
                                                                 
     s_v      4
                                                                 
     s_v'     3
                                                                 

     Band symmetry, C_2v (mm2)  point group:

     e(  1 -  1) =    -91.24330  eV     1   --> A_1  D_1  S_1  
     e(  2 -  2) =    -51.63478  eV     1   --> A_1  D_1  S_1  
     e(  3 -  4) =    -51.63455  eV     2   --> B_1  D_3  S_3  
     e(  3 -  4) =    -51.63455  eV     2   --> B_2  D_4  S_4  
     e(  5 -  5) =      4.52695  eV     1   --> A_1  D_1  S_1  
     e(  6 -  6) =      7.38537  eV     1   --> A_1  D_1  S_1  
     e(  7 -  7) =      7.57488  eV     1   --> A_1  D_1  S_1  
     e(  8 -  9) =      7.79276  eV     2   --> B_1  D_3  S_3  
     e(  8 -  9) =      7.79276  eV     2   --> B_2  D_4  S_4  
     e( 10 - 10) =      7.86471  eV     1   --> A_2  D_2  S_2  
     e( 11 - 11) =      8.76645  eV     1   --> A_1  D_1  S_1  
     e( 12 - 13) =      9.35221  eV     2   --> B_1  D_3  S_3  
     e( 12 - 13) =      9.35221  eV     2   --> B_2  D_4  S_4  
     e( 14 - 14) =     10.30981  eV     1   --> A_2  D_2  S_2  
     e( 15 - 15) =     10.32510  eV     1   --> A_1  D_1  S_1  
     e( 16 - 16) =     10.58856  eV     1   --> A_1  D_1  S_1  
     e( 17 - 18) =     10.64065  eV     2   --> B_1  D_3  S_3  
     e( 17 - 18) =     10.64065  eV     2   --> B_2  D_4  S_4  
     e( 19 - 19) =     11.08151  eV     1   --> A_2  D_2  S_2  
     e( 20 - 20) =     11.37808  eV     1   --> A_1  D_1  S_1  
     e( 21 - 22) =     17.17911  eV     2   --> B_1  D_3  S_3  
     e( 21 - 22) =     17.17911  eV     2   --> B_2  D_4  S_4  
     e( 23 - 23) =     17.65972  eV     1   --> A_1  D_1  S_1  
     e( 24 - 24) =     19.19149  eV     1   --> A_1  D_1  S_1  
     e( 25 - 25) =     20.03286  eV     1   --> A_1  D_1  S_1  
     e( 26 - 27) =     23.69107  eV     2   --> B_1  D_3  S_3  
     e( 26 - 27) =     23.69107  eV     2   --> B_2  D_4  S_4  
     e( 28 - 28) =     23.92744  eV     1   --> A_1  D_1  S_1  

 **************************************************************************

 **************************************************************************

                    xk=(  -0.10000,   0.50000,  -0.10000  )

     point group C_s (m)    
     there are  2 classes
     the character table:

       E     s    
A'     1.00  1.00
A''    1.00 -1.00

     the symmetry operations in each class and the name of the first element:

     E        1
                                                                 
     s        2
                                                                 

     Band symmetry, C_s (m)     point group:

     e(  1 -  1) =    -91.24294  eV     1   --> A'             
     e(  2 -  2) =    -51.63457  eV     1   --> A'             
     e(  3 -  4) =    -51.63442  eV     2   --> A'             
     e(  3 -  4) =    -51.63442  eV     2   --> A''            
     e(  5 -  5) =      5.03264  eV     1   --> A'             
     e(  6 -  6) =      7.25691  eV     1   --> A'             
     e(  7 -  7) =      7.56528  eV     1   --> A'             
     e(  8 -  8) =      7.78498  eV     1   --> A''            
     e(  9 -  9) =      7.80956  eV     1   --> A'             
     e( 10 - 10) =      8.05093  eV     1   --> A''            
     e( 11 - 11) =      8.74767  eV     1   --> A'             
     e( 12 - 12) =      9.47342  eV     1   --> A'             
     e( 13 - 13) =      9.50465  eV     1   --> A''            
     e( 14 - 14) =     10.13438  eV     1   --> A''            
     e( 15 - 15) =     10.25961  eV     1   --> A'             
     e( 16 - 16) =     10.40627  eV     1   --> A'             
     e( 17 - 17) =     10.68634  eV     1   --> A''            
     e( 18 - 18) =     10.71449  eV     1   --> A'             
     e( 19 - 19) =     11.03137  eV     1   --> A''            
     e( 20 - 20) =     11.38404  eV     1   --> A'             
     e( 21 - 21) =     15.29635  eV     1   --> A'             
     e( 22 - 22) =     16.39442  eV     1   --> A''            
     e( 23 - 23) =     16.86946  eV     1   --> A'             
     e( 24 - 24) =     19.33484  eV     1   --> A'             
     e( 25 - 25) =     20.26189  eV     1   --> A'             
     e( 26 - 26) =     23.84194  eV     1   --> A'             
     e( 27 - 27) =     24.01398  eV     1   --> A''            
     e( 28 - 28) =     24.56786  eV     1   --> A'             

 **************************************************************************

 **************************************************************************

                    xk=(  -0.20000,   0.60000,  -0.20000  )

     Band symmetry, C_s (m)     point group:

     e(  1 -  1) =    -91.24292  eV     1   --> A'             
     e(  2 -  2) =    -51.63467  eV     1   --> A'             
     e(  3 -  4) =    -51.63445  eV     2   --> A'             
     e(  3 -  4) =    -51.63445  eV     2   --> A''            
     e(  5 -  5) =      5.70069  eV     1   --> A'             
     e(  6 -  6) =      7.17155  eV     1   --> A'             
     e(  7 -  7) =      7.60630  eV     1   --> A'             
     e(  8 -  8) =      7.75224  eV     1   --> A''            
     e(  9 -  9) =      7.82770  eV     1   --> A'             
     e( 10 - 10) =      8.24191  eV     1   --> A''            
     e( 11 - 11) =      8.81368  eV     1   --> A'             
     e( 12 - 12) =      9.51082  eV     1   --> A'             
     e( 13 - 13) =      9.63272  eV     1   --> A''            
     e( 14 - 14) =      9.82357  eV     1   --> A''            
     e( 15 - 15) =     10.12067  eV     1   --> A'             
     e( 16 - 16) =     10.24545  eV     1   --> A'             
     e( 17 - 17) =     10.74717  eV     1   --> A''            
     e( 18 - 18) =     10.80675  eV     1   --> A'             
     e( 19 - 19) =     11.12829  eV     1   --> A''            
     e( 20 - 20) =     11.38569  eV     1   --> A'             
     e( 21 - 21) =     13.42821  eV     1   --> A'             
     e( 22 - 22) =     15.95383  eV     1   --> A''            
     e( 23 - 23) =     15.98923  eV     1   --> A'             
     e( 24 - 24) =     19.31566  eV     1   --> A'             
     e( 25 - 25) =     21.60085  eV     1   --> A'             
     e( 26 - 26) =     23.58950  eV     1   --> A'             
     e( 27 - 27) =     23.82358  eV     1   --> A''            
     e( 28 - 28) =     24.63541  eV     1   --> A'             

 **************************************************************************

 **************************************************************************

                    xk=(   0.70000,  -0.30000,   0.70000  )

     Band symmetry, C_s (m)     point group:

     e(  1 -  1) =    -91.24281  eV     1   --> A'             
     e(  2 -  2) =    -51.63463  eV     1   --> A'             
     e(  3 -  4) =    -51.63440  eV     2   --> A'             
     e(  3 -  4) =    -51.63440  eV     2   --> A''            
     e(  5 -  5) =      6.27390  eV     1   --> A'             
     e(  6 -  6) =      7.17680  eV     1   --> A'             
     e(  7 -  7) =      7.68154  eV     1   --> A'             
     e(  8 -  8) =      7.71220  eV     1   --> A''            
     e(  9 -  9) =      7.84034  eV     1   --> A'             
     e( 10 - 10) =      8.34992  eV     1   --> A''            
     e( 11 - 11) =      8.92623  eV     1   --> A'             
     e( 12 - 12) =      9.50479  eV     1   --> A'             
     e( 13 - 13) =      9.51333  eV     1   --> A''            
     e( 14 - 14) =      9.75360  eV     1   --> A''            
     e( 15 - 15) =      9.99235  eV     1   --> A'             
     e( 16 - 16) =     10.12075  eV     1   --> A'             
     e( 17 - 17) =     10.72143  eV     1   --> A''            
     e( 18 - 18) =     10.91358  eV     1   --> A'             
     e( 19 - 19) =     11.31071  eV     1   --> A''            
     e( 20 - 20) =     11.37032  eV     1   --> A'             
     e( 21 - 21) =     12.12982  eV     1   --> A'             
     e( 22 - 22) =     15.23509  eV     1   --> A'             
     e( 23 - 23) =     15.97651  eV     1   --> A''            
     e( 24 - 24) =     19.35407  eV     1   --> A'             
     e( 25 - 25) =     23.11974  eV     1   --> A'             
     e( 26 - 26) =     23.30770  eV     1   --> A'             
     e( 27 - 27) =     23.40369  eV     1   --> A''            
     e( 28 - 28) =     24.94188  eV     1   --> A'             

 **************************************************************************

 **************************************************************************

                    xk=(   0.60000,  -0.20000,   0.60000  )

     Band symmetry, C_s (m)     point group:

     e(  1 -  1) =    -91.24306  eV     1   --> A'             
     e(  2 -  2) =    -51.63483  eV     1   --> A'             
     e(  3 -  4) =    -51.63453  eV     2   --> A'             
     e(  3 -  4) =    -51.63453  eV     2   --> A''            
     e(  5 -  5) =      6.33250  eV     1   --> A'             
     e(  6 -  6) =      7.29302  eV     1   --> A'             
     e(  7 -  7) =      7.67909  eV     1   --> A''            
     e(  8 -  8) =      7.72720  eV     1   --> A'             
     e(  9 -  9) =      7.83362  eV     1   --> A'             
     e( 10 - 10) =      8.28009  eV     1   --> A''            
     e( 11 - 11) =      9.07073  eV     1   --> A'             
     e( 12 - 12) =      9.31434  eV     1   --> A''            
     e( 13 - 13) =      9.52427  eV     1   --> A'             
     e( 14 - 14) =      9.86736  eV     1   --> A'             
     e( 15 - 15) =      9.89204  eV     1   --> A''            
     e( 16 - 16) =     10.06471  eV     1   --> A'             
     e( 17 - 17) =     10.68214  eV     1   --> A''            
     e( 18 - 18) =     10.92605  eV     1   --> A'             
     e( 19 - 19) =     11.25796  eV     1   --> A'             
     e( 20 - 20) =     11.42326  eV     1   --> A''            
     e( 21 - 21) =     12.01889  eV     1   --> A'             
     e( 22 - 22) =     14.76935  eV     1   --> A'             
     e( 23 - 23) =     16.49455  eV     1   --> A''            
     e( 24 - 24) =     19.50736  eV     1   --> A'             
     e( 25 - 25) =     22.75914  eV     1   --> A'             
     e( 26 - 26) =     22.96860  eV     1   --> A''            
     e( 27 - 27) =     24.51514  eV     1   --> A'             
     e( 28 - 28) =     25.89225  eV     1   --> A'             

 **************************************************************************

 **************************************************************************

                    xk=(   0.50000,  -0.10000,   0.50000  )

     Band symmetry, C_s (m)     point group:

     e(  1 -  1) =    -91.24297  eV     1   --> A'             
     e(  2 -  2) =    -51.63466  eV     1   --> A'             
     e(  3 -  4) =    -51.63451  eV     2   --> A'             
     e(  3 -  4) =    -51.63451  eV     2   --> A''            
     e(  5 -  5) =      5.86225  eV     1   --> A'             
     e(  6 -  6) =      7.36998  eV     1   --> A'             
     e(  7 -  7) =      7.66061  eV     1   --> A''            
     e(  8 -  8) =      7.67739  eV     1   --> A'             
     e(  9 -  9) =      7.90477  eV     1   --> A'             
     e( 10 - 10) =      8.07576  eV     1   --> A''            
     e( 11 - 11) =      9.13505  eV     1   --> A'             
     e( 12 - 12) =      9.20329  eV     1   --> A''            
     e( 13 - 13) =      9.60837  eV     1   --> A'             
     e( 14 - 14) =      9.76875  eV     1   --> A'             
     e( 15 - 15) =     10.05711  eV     1   --> A''            
     e( 16 - 16) =     10.09944  eV     1   --> A'             
     e( 17 - 17) =     10.67176  eV     1   --> A''            
     e( 18 - 18) =     10.93169  eV     1   --> A'             
     e( 19 - 19) =     11.07529  eV     1   --> A'             
     e( 20 - 20) =     11.44951  eV     1   --> A''            
     e( 21 - 21) =     13.08433  eV     1   --> A'             
     e( 22 - 22) =     14.70740  eV     1   --> A'             
     e( 23 - 23) =     17.40889  eV     1   --> A''            
     e( 24 - 24) =     19.79044  eV     1   --> A'             
     e( 25 - 25) =     22.46288  eV     1   --> A'             
     e( 26 - 26) =     22.59364  eV     1   --> A''            
     e( 27 - 27) =     23.92186  eV     1   --> A'             
     e( 28 - 28) =     24.84828  eV     1   --> A''            

 **************************************************************************

 **************************************************************************

                    xk=(   0.40000,   0.00000,   0.40000  )

     Band symmetry, C_s (m)     point group:

     e(  1 -  1) =    -91.24293  eV     1   --> A'             
     e(  2 -  4) =    -51.63456  eV     3   -->   2 A'             
     e(  2 -  4) =    -51.63456  eV     3   --> A''            
     e(  5 -  5) =      5.20184  eV     1   --> A'             
     e(  6 -  6) =      7.44513  eV     1   --> A'             
     e(  7 -  7) =      7.64992  eV     1   --> A''            
     e(  8 -  8) =      7.68166  eV     1   --> A'             
     e(  9 -  9) =      7.88138  eV     1   --> A''            
     e( 10 - 10) =      7.91695  eV     1   --> A'             
     e( 11 - 11) =      9.08913  eV     1   --> A'             
     e( 12 - 12) =      9.12490  eV     1   --> A''            
     e( 13 - 13) =      9.48485  eV     1   --> A'             
     e( 14 - 14) =      9.95400  eV     1   --> A'             
     e( 15 - 15) =     10.18678  eV     1   --> A'             
     e( 16 - 16) =     10.19658  eV     1   --> A''            
     e( 17 - 17) =     10.70171  eV     1   --> A''            
     e( 18 - 18) =     10.85108  eV     1   --> A'             
     e( 19 - 19) =     11.07264  eV     1   --> A'             
     e( 20 - 20) =     11.42642  eV     1   --> A''            
     e( 21 - 21) =     14.62799  eV     1   --> A'             
     e( 22 - 22) =     15.20896  eV     1   --> A'             
     e( 23 - 23) =     18.54018  eV     1   --> A''            
     e( 24 - 24) =     20.20404  eV     1   --> A'             
     e( 25 - 25) =     22.05347  eV     1   --> A'             
     e( 26 - 26) =     22.18572  eV     1   --> A''            
     e( 27 - 27) =     22.82624  eV     1   --> A'             
     e( 28 - 28) =     23.61342  eV     1   --> A''            

 **************************************************************************

 **************************************************************************

                    xk=(   0.00000,   0.60000,   0.00000  )

     point group C_2v (mm2) 
     there are  4 classes
     the character table:

       E     C2    s_v   s_v' 
A_1    1.00  1.00  1.00  1.00
A_2    1.00  1.00 -1.00 -1.00
B_1    1.00 -1.00  1.00 -1.00
B_2    1.00 -1.00 -1.00  1.00

     the symmetry operations in each class and the name of the first element:

     E        1
                                                                 
     C2       2
                                                                 
     s_v      4
                                                                 
     s_v'     3
                                                                 

     Band symmetry, C_2v (mm2)  point group:

     e(  1 -  1) =    -91.24287  eV     1   --> A_1  D_1  S_1  
     e(  2 -  2) =    -51.63468  eV     1   --> A_1  D_1  S_1  
     e(  3 -  4) =    -51.63430  eV     2   --> B_1  D_3  S_3  
     e(  3 -  4) =    -51.63430  eV     2   --> B_2  D_4  S_4  
     e(  5 -  5) =      5.45608  eV     1   --> A_1  D_1  S_1  
     e(  6 -  6) =      7.07968  eV     1   --> A_1  D_1  S_1  
     e(  7 -  7) =      7.47404  eV     1   --> A_1  D_1  S_1  
     e(  8 -  9) =      7.84083  eV     2   --> B_1  D_3  S_3  
     e(  8 -  9) =      7.84083  eV     2   --> B_2  D_4  S_4  
     e( 10 - 10) =      8.22627  eV     1   --> A_2  D_2  S_2  
     e( 11 - 11) =      8.63696  eV     1   --> A_1  D_1  S_1  
     e( 12 - 13) =      9.64521  eV     2   --> B_1  D_3  S_3  
     e( 12 - 13) =      9.64521  eV     2   --> B_2  D_4  S_4  
     e( 14 - 14) =     10.09743  eV     1   --> A_2  D_2  S_2  
     e( 15 - 15) =     10.26066  eV     1   --> A_1  D_1  S_1  
     e( 16 - 16) =     10.51791  eV     1   --> A_1  D_1  S_1  
     e( 17 - 18) =     10.69622  eV     2   --> B_1  D_3  S_3  
     e( 17 - 18) =     10.69622  eV     2   --> B_2  D_4  S_4  
     e( 19 - 19) =     10.90720  eV     1   --> A_2  D_2  S_2  
     e( 20 - 20) =     11.38889  eV     1   --> A_1  D_1  S_1  
     e( 21 - 21) =     15.24897  eV     1   --> A_1  D_1  S_1  
     e( 22 - 23) =     15.47455  eV     2   --> B_1  D_3  S_3  
     e( 22 - 23) =     15.47455  eV     2   --> B_2  D_4  S_4  
     e( 24 - 24) =     18.98793  eV     1   --> A_1  D_1  S_1  
     e( 25 - 25) =     19.48435  eV     1   --> A_1  D_1  S_1  
     e( 26 - 27) =     25.10320  eV     2   --> B_1  D_3  S_3  
     e( 26 - 27) =     25.10320  eV     2   --> B_2  D_4  S_4  
     e( 28 - 28) =     26.15661  eV     1   --> A_1  D_1  S_1  

 **************************************************************************

 **************************************************************************

                    xk=(  -0.10000,   0.70000,  -0.10000  )

     point group C_s (m)    
     there are  2 classes
     the character table:

       E     s    
A'     1.00  1.00
A''    1.00 -1.00

     the symmetry operations in each class and the name of the first element:

     E        1
                                                                 
     s        2
                                                                 

     Band symmetry, C_s (m)     point group:

     e(  1 -  1) =    -91.24291  eV     1   --> A'             
     e(  2 -  2) =    -51.63470  eV     1   --> A'             
     e(  3 -  4) =    -51.63445  eV     2   --> A'             
     e(  3 -  4) =    -51.63445  eV     2   --> A''            
     e(  5 -  5) =      6.06334  eV     1   --> A'             
     e(  6 -  6) =      6.96049  eV     1   --> A'             
     e(  7 -  7) =      7.44657  eV     1   --> A'             
     e(  8 -  8) =      7.83995  eV     1   --> A''            
     e(  9 -  9) =      7.85186  eV     1   --> A'             
     e( 10 - 10) =      8.44282  eV     1   --> A''            
     e( 11 - 11) =      8.61924  eV     1   --> A'             
     e( 12 - 12) =      9.71020  eV     1   --> A''            
     e( 13 - 13) =      9.71242  eV     1   --> A'             
     e( 14 - 14) =      9.87156  eV     1   --> A''            
     e( 15 - 15) =     10.21114  eV     1   --> A'             
     e( 16 - 16) =     10.42642  eV     1   --> A'             
     e( 17 - 17) =     10.72453  eV     1   --> A''            
     e( 18 - 18) =     10.87456  eV     1   --> A'             
     e( 19 - 19) =     11.03745  eV     1   --> A''            
     e( 20 - 20) =     11.41365  eV     1   --> A'             
     e( 21 - 21) =     13.73799  eV     1   --> A'             
     e( 22 - 22) =     14.73097  eV     1   --> A'             
     e( 23 - 23) =     14.88496  eV     1   --> A''            
     e( 24 - 24) =     19.11326  eV     1   --> A'             
     e( 25 - 25) =     19.89203  eV     1   --> A'             
     e( 26 - 26) =     25.33506  eV     1   --> A'             
     e( 27 - 27) =     25.43363  eV     1   --> A''            
     e( 28 - 28) =     26.87544  eV     1   --> A'             

 **************************************************************************

 **************************************************************************

                    xk=(   0.80000,  -0.20000,   0.80000  )

     Band symmetry, C_s (m)     point group:

     e(  1 -  1) =    -91.24287  eV     1   --> A'             
     e(  2 -  2) =    -51.63470  eV     1   --> A'             
     e(  3 -  4) =    -51.63443  eV     2   --> A'             
     e(  3 -  4) =    -51.63443  eV     2   --> A''            
     e(  5 -  5) =      6.62694  eV     1   --> A'             
     e(  6 -  6) =      6.96301  eV     1   --> A'             
     e(  7 -  7) =      7.48644  eV     1   --> A'             
     e(  8 -  8) =      7.80342  eV     1   --> A''            
     e(  9 -  9) =      7.81594  eV     1   --> A'             
     e( 10 - 10) =      8.61452  eV     1   --> A''            
     e( 11 - 11) =      8.72177  eV     1   --> A'             
     e( 12 - 12) =      9.46651  eV     1   --> A''            
     e( 13 - 13) =      9.75979  eV     1   --> A'             
     e( 14 - 14) =      9.86458  eV     1   --> A''            
     e( 15 - 15) =     10.11394  eV     1   --> A'             
     e( 16 - 16) =     10.32966  eV     1   --> A'             
     e( 17 - 17) =     10.62462  eV     1   --> A''            
     e( 18 - 18) =     11.05819  eV     1   --> A'             
     e( 19 - 19) =     11.32387  eV     1   --> A''            
     e( 20 - 20) =     11.50237  eV     1   --> A'             
     e( 21 - 21) =     12.33121  eV     1   --> A'             
     e( 22 - 22) =     13.90273  eV     1   --> A'             
     e( 23 - 23) =     14.80888  eV     1   --> A''            
     e( 24 - 24) =     19.17389  eV     1   --> A'             
     e( 25 - 25) =     21.30906  eV     1   --> A'             
     e( 26 - 26) =     24.92924  eV     1   --> A'             
     e( 27 - 27) =     25.02226  eV     1   --> A''            
     e( 28 - 28) =     26.95479  eV     1   --> A'             

 **************************************************************************

 **************************************************************************

                    xk=(   0.70000,  -0.10000,   0.70000  )

     Band symmetry, C_s (m)     point group:

     e(  1 -  1) =    -91.24300  eV     1   --> A'             
     e(  2 -  2) =    -51.63481  eV     1   --> A'             
     e(  3 -  4) =    -51.63451  eV     2   --> A'             
     e(  3 -  4) =    -51.63451  eV     2   --> A''            
     e(  5 -  5) =      6.67941  eV     1   --> A'             
     e(  6 -  6) =      7.22830  eV     1   --> A'             
     e(  7 -  7) =      7.58459  eV     1   --> A'             
     e(  8 -  8) =      7.71501  eV     1   --> A'             
     e(  9 -  9) =      7.75316  eV     1   --> A''            
     e( 10 - 10) =      8.57919  eV     1   --> A''            
     e( 11 - 11) =      8.96810  eV     1   --> A'             
     e( 12 - 12) =      9.26555  eV     1   --> A''            
     e( 13 - 13) =      9.79909  eV     1   --> A'             
     e( 14 - 14) =      9.94082  eV     1   --> A''            
     e( 15 - 15) =     10.02350  eV     1   --> A'             
     e( 16 - 16) =     10.21104  eV     1   --> A'             
     e( 17 - 17) =     10.55494  eV     1   --> A''            
     e( 18 - 18) =     11.01701  eV     1   --> A'             
     e( 19 - 19) =     11.43664  eV     1   --> A'             
     e( 20 - 20) =     11.46441  eV     1   --> A''            
     e( 21 - 21) =     11.96364  eV     1   --> A'             
     e( 22 - 22) =     13.29198  eV     1   --> A'             
     e( 23 - 23) =     15.32049  eV     1   --> A''            
     e( 24 - 24) =     19.29309  eV     1   --> A'             
     e( 25 - 25) =     23.11499  eV     1   --> A'             
     e( 26 - 26) =     24.38088  eV     1   --> A''            
     e( 27 - 27) =     24.43898  eV     1   --> A'             
     e( 28 - 28) =     26.02604  eV     1   --> A'             

 **************************************************************************

 **************************************************************************

                    xk=(   0.60000,  -0.00000,   0.60000  )

     Band symmetry, C_s (m)     point group:

     e(  1 -  1) =    -91.24294  eV     1   --> A'             
     e(  2 -  2) =    -51.63471  eV     1   --> A'             
     e(  3 -  4) =    -51.63451  eV     2   --> A'             
     e(  3 -  4) =    -51.63451  eV     2   --> A''            
     e(  5 -  5) =      6.39602  eV     1   --> A'             
     e(  6 -  6) =      7.30834  eV     1   --> A'             
     e(  7 -  7) =      7.63247  eV     1   --> A'             
     e(  8 -  8) =      7.70476  eV     1   --> A''            
     e(  9 -  9) =      7.78129  eV     1   --> A'             
     e( 10 - 10) =      8.32210  eV     1   --> A''            
     e( 11 - 11) =      9.19471  eV     1   --> A'             
     e( 12 - 12) =      9.22981  eV     1   --> A''            
     e( 13 - 13) =      9.66416  eV     1   --> A'             
     e( 14 - 14) =      9.90311  eV     1   --> A'             
     e( 15 - 15) =     10.00536  eV     1   --> A''            
     e( 16 - 16) =     10.12797  eV     1   --> A'             
     e( 17 - 17) =     10.57782  eV     1   --> A''            
     e( 18 - 18) =     10.87485  eV     1   --> A'             
     e( 19 - 19) =     11.20803  eV     1   --> A'             
     e( 20 - 20) =     11.48147  eV     1   --> A''            
     e( 21 - 21) =     12.75755  eV     1   --> A'             
     e( 22 - 22) =     13.27701  eV     1   --> A'             
     e( 23 - 23) =     16.26666  eV     1   --> A''            
     e( 24 - 24) =     19.50021  eV     1   --> A'             
     e( 25 - 25) =     23.60738  eV     1   --> A''            
     e( 26 - 26) =     23.83150  eV     1   --> A'             
     e( 27 - 27) =     24.16308  eV     1   --> A'             
     e( 28 - 28) =     25.45244  eV     1   --> A'             

 **************************************************************************

 **************************************************************************

                    xk=(   0.00000,   0.80000,   0.00000  )

     point group C_2v (mm2) 
     there are  4 classes
     the character table:

       E     C2    s_v   s_v' 
A_1    1.00  1.00  1.00  1.00
A_2    1.00  1.00 -1.00 -1.00
B_1    1.00 -1.00  1.00 -1.00
B_2    1.00 -1.00 -1.00  1.00

     the symmetry operations in each class and the name of the first element:

     E        1
                                                                 
     C2       2
                                                                 
     s_v      4
                                                                 
     s_v'     3
                                                                 

     Band symmetry, C_2v (mm2)  point group:

     e(  1 -  1) =    -91.24278  eV     1   --> A_1  D_1  S_1  
     e(  2 -  2) =    -51.63480  eV     1   --> A_1  D_1  S_1  
     e(  3 -  4) =    -51.63430  eV     2   --> B_1  D_3  S_3  
     e(  3 -  4) =    -51.63430  eV     2   --> B_2  D_4  S_4  
     e(  5 -  5) =      6.59517  eV     1   --> A_1  D_1  S_1  
     e(  6 -  6) =      6.82822  eV     1   --> A_1  D_1  S_1  
     e(  7 -  7) =      7.35761  eV     1   --> A_1  D_1  S_1  
     e(  8 -  9) =      7.88358  eV     2   --> B_1  D_3  S_3  
     e(  8 -  9) =      7.88358  eV     2   --> B_2  D_4  S_4  
     e( 10 - 10) =      8.41201  eV     1   --> A_1  D_1  S_1  
     e( 11 - 11) =      8.67627  eV     1   --> A_2  D_2  S_2  
     e( 12 - 12) =      9.72846  eV     1   --> A_2  D_2  S_2  
     e( 13 - 14) =      9.75481  eV     2   --> B_1  D_3  S_3  
     e( 13 - 14) =      9.75481  eV     2   --> B_2  D_4  S_4  
     e( 15 - 15) =     10.23849  eV     1   --> A_1  D_1  S_1  
     e( 16 - 16) =     10.47056  eV     1   --> A_1  D_1  S_1  
     e( 17 - 17) =     10.80501  eV     1   --> A_2  D_2  S_2  
     e( 18 - 19) =     11.11218  eV     2   --> B_1  D_3  S_3  
     e( 18 - 19) =     11.11218  eV     2   --> B_2  D_4  S_4  
     e( 20 - 20) =     11.47450  eV     1   --> A_1  D_1  S_1  
     e( 21 - 21) =     13.23376  eV     1   --> A_1  D_1  S_1  
     e( 22 - 23) =     14.08846  eV     2   --> B_1  D_3  S_3  
     e( 22 - 23) =     14.08846  eV     2   --> B_2  D_4  S_4  
     e( 24 - 24) =     18.91226  eV     1   --> A_1  D_1  S_1  
     e( 25 - 25) =     19.27317  eV     1   --> A_1  D_1  S_1  
     e( 26 - 27) =     26.91054  eV     2   --> B_1  D_3  S_3  
     e( 26 - 27) =     26.91054  eV     2   --> B_2  D_4  S_4  
     e( 28 - 28) =     28.42575  eV     1   --> A_1  D_1  S_1  

 **************************************************************************

 **************************************************************************

                    xk=(   0.90000,  -0.10000,   0.90000  )

     point group C_s (m)    
     there are  2 classes
     the character table:

       E     s    
A'     1.00  1.00
A''    1.00 -1.00

     the symmetry operations in each class and the name of the first element:

     E        1
                                                                 
     s        2
                                                                 

     Band symmetry, C_s (m)     point group:

     e(  1 -  1) =    -91.24282  eV     1   --> A'             
     e(  2 -  2) =    -51.63479  eV     1   --> A'             
     e(  3 -  4) =    -51.63436  eV     2   --> A'             
     e(  3 -  4) =    -51.63436  eV     2   --> A''            
     e(  5 -  5) =      6.76531  eV     1   --> A'             
     e(  6 -  6) =      7.14386  eV     1   --> A'             
     e(  7 -  7) =      7.37196  eV     1   --> A'             
     e(  8 -  8) =      7.80989  eV     1   --> A'             
     e(  9 -  9) =      7.87368  eV     1   --> A''            
     e( 10 - 10) =      8.35218  eV     1   --> A'             
     e( 11 - 11) =      8.90131  eV     1   --> A''            
     e( 12 - 12) =      9.39872  eV     1   --> A''            
     e( 13 - 13) =      9.77908  eV     1   --> A'             
     e( 14 - 14) =      9.84457  eV     1   --> A''            
     e( 15 - 15) =     10.20349  eV     1   --> A'             
     e( 16 - 16) =     10.43735  eV     1   --> A'             
     e( 17 - 17) =     10.69352  eV     1   --> A''            
     e( 18 - 18) =     11.32944  eV     1   --> A'             
     e( 19 - 19) =     11.40154  eV     1   --> A''            
     e( 20 - 20) =     11.66485  eV     1   --> A'             
     e( 21 - 21) =     12.41802  eV     1   --> A'             
     e( 22 - 22) =     13.29071  eV     1   --> A'             
     e( 23 - 23) =     13.84119  eV     1   --> A''            
     e( 24 - 24) =     19.04577  eV     1   --> A'             
     e( 25 - 25) =     19.75553  eV     1   --> A'             
     e( 26 - 26) =     26.76407  eV     1   --> A''            
     e( 27 - 27) =     27.02004  eV     1   --> A'             
     e( 28 - 28) =     28.58111  eV     1   --> A'             

 **************************************************************************

 **************************************************************************

                    xk=(   0.80000,   0.00000,   0.80000  )

     Band symmetry, C_s (m)     point group:

     e(  1 -  1) =    -91.24289  eV     1   --> A'             
     e(  2 -  2) =    -51.63481  eV     1   --> A'             
     e(  3 -  4) =    -51.63438  eV     2   --> A'             
     e(  3 -  4) =    -51.63438  eV     2   --> A''            
     e(  5 -  5) =      6.76991  eV     1   --> A'             
     e(  6 -  6) =      7.39598  eV     1   --> A'             
     e(  7 -  7) =      7.44578  eV     1   --> A'             
     e(  8 -  8) =      7.61507  eV     1   --> A'             
     e(  9 -  9) =      7.82296  eV     1   --> A''            
     e( 10 - 10) =      8.63616  eV     1   --> A'             
     e( 11 - 11) =      8.94488  eV     1   --> A''            
     e( 12 - 12) =      9.14990  eV     1   --> A''            
     e( 13 - 13) =      9.84755  eV     1   --> A'             
     e( 14 - 14) =      9.94471  eV     1   --> A''            
     e( 15 - 15) =     10.12424  eV     1   --> A'             
     e( 16 - 16) =     10.37059  eV     1   --> A'             
     e( 17 - 17) =     10.55192  eV     1   --> A''            
     e( 18 - 18) =     11.34233  eV     1   --> A'             
     e( 19 - 19) =     11.49467  eV     1   --> A''            
     e( 20 - 20) =     11.71300  eV     1   --> A'             
     e( 21 - 21) =     12.15404  eV     1   --> A'             
     e( 22 - 22) =     12.49917  eV     1   --> A'             
     e( 23 - 23) =     14.33349  eV     1   --> A''            
     e( 24 - 24) =     19.14468  eV     1   --> A'             
     e( 25 - 25) =     21.22557  eV     1   --> A'             
     e( 26 - 26) =     25.71379  eV     1   --> A''            
     e( 27 - 27) =     26.28289  eV     1   --> A'             
     e( 28 - 28) =     26.74908  eV     1   --> A'             

 **************************************************************************

 **************************************************************************

                    xk=(   0.00000,  -1.00000,   0.00000  )

     point group D_2d (-42m)
     there are  5 classes
     the character table:

       E     2S4   C2    2C2'  2s_d 
A_1    1.00  1.00  1.00  1.00  1.00
A_2    1.00  1.00  1.00 -1.00 -1.00
B_1    1.00 -1.00  1.00  1.00 -1.00
B_2    1.00 -1.00  1.00 -1.00  1.00
E      2.00  0.00 -2.00  0.00  0.00

     the symmetry operations in each class and the name of the first element:

     E        1
                                                                 
     2S4      7    8
                                                                 
     C2       3
                                                                 
     2C2'     2    4
                                                                 
     2s_d     5    6
                                                                 

     Band symmetry, D_2d (-42m) point group:

     e(  1 -  1) =    -91.24261  eV     1   --> A_1  X_1  W_1  
     e(  2 -  2) =    -51.63479  eV     1   --> B_2  X_3  W_2  
     e(  3 -  4) =    -51.63418  eV     2   --> E    X_5  W_3  
     e(  5 -  5) =      6.72261  eV     1   --> A_1  X_1  W_1  
     e(  6 -  6) =      7.24887  eV     1   --> B_2  X_3  W_2  
     e(  7 -  7) =      7.60306  eV     1   --> B_2  X_3  W_2  
     e(  8 -  9) =      7.90088  eV     2   --> E    X_5  W_3  
     e( 10 - 10) =      7.91744  eV     1   --> A_1  X_1  W_1  
     e( 11 - 11) =      9.04465  eV     1   --> B_1  X_2  W_1' 
     e( 12 - 12) =      9.38132  eV     1   --> A_2  X_4  W_2' 
     e( 13 - 14) =      9.75826  eV     2   --> E    X_5  W_3  
     e( 15 - 15) =     10.23332  eV     1   --> B_2  X_3  W_2  
     e( 16 - 16) =     10.45559  eV     1   --> A_1  X_1  W_1  
     e( 17 - 17) =     10.77548  eV     1   --> B_1  X_2  W_1' 
     e( 18 - 19) =     11.49006  eV     2   --> E    X_5  W_3  
     e( 20 - 20) =     11.75366  eV     1   --> A_1  X_1  W_1  
     e( 21 - 21) =     12.16976  eV     1   --> B_2  X_3  W_2  
     e( 22 - 23) =     13.41185  eV     2   --> E    X_5  W_3  
     e( 24 - 24) =     18.89619  eV     1   --> A_1  X_1  W_1  
     e( 25 - 25) =     19.22131  eV     1   --> B_2  X_3  W_2  
     e( 26 - 26) =     28.44960  eV     1   --> B_1  X_2  W_1' 
     e( 27 - 28) =     28.47858  eV     2   --> E    X_5  W_3  

 **************************************************************************

 **************************************************************************

                    xk=(  -0.20000,   0.40000,   0.00000  )

     point group C_1 (1)    
     there are  1 classes
     the character table:

       E    
A      1.00

     the symmetry operations in each class and the name of the first element:

     E        1
                                                                 

     Band symmetry, C_1 (1)     point group:

     e(  1 -  1) =    -91.24311  eV     1   --> A              
     e(  2 -  2) =    -51.63463  eV     1   --> A              
     e(  3 -  4) =    -51.63451  eV     2   -->   2 A              
     e(  5 -  5) =      4.70148  eV     1   --> A              
     e(  6 -  6) =      7.42211  eV     1   --> A              
     e(  7 -  7) =      7.62648  eV     1   --> A              
     e(  8 -  8) =      7.73119  eV     1   --> A              
     e(  9 -  9) =      7.77671  eV     1   --> A              
     e( 10 - 10) =      7.91563  eV     1   --> A              
     e( 11 - 11) =      8.86081  eV     1   --> A              
     e( 12 - 12) =      9.26804  eV     1   --> A              
     e( 13 - 13) =      9.37507  eV     1   --> A              
     e( 14 - 14) =     10.18521  eV     1   --> A              
     e( 15 - 15) =     10.28732  eV     1   --> A              
     e( 16 - 16) =     10.37157  eV     1   --> A              
     e( 17 - 17) =     10.71314  eV     1   --> A              
     e( 18 - 18) =     10.73243  eV     1   --> A              
     e( 19 - 19) =     11.11807  eV     1   --> A              
     e( 20 - 20) =     11.38563  eV     1   --> A              
     e( 21 - 21) =     15.97347  eV     1   --> A              
     e( 22 - 22) =     16.38824  eV     1   --> A              
     e( 23 - 23) =     18.47903  eV     1   --> A              
     e( 24 - 24) =     20.23312  eV     1   --> A              
     e( 25 - 25) =     20.70014  eV     1   --> A              
     e( 26 - 26) =     22.48797  eV     1   --> A              
     e( 27 - 27) =     23.07117  eV     1   --> A              
     e( 28 - 28) =     24.06513  eV     1   --> A              

 **************************************************************************

 **************************************************************************

                    xk=(  -0.30000,   0.50000,  -0.10000  )

     Band symmetry, C_1 (1)     point group:

     e(  1 -  1) =    -91.24295  eV     1   --> A              
     e(  2 -  2) =    -51.63464  eV     1   --> A              
     e(  3 -  4) =    -51.63445  eV     2   -->   2 A              
     e(  5 -  5) =      5.33184  eV     1   --> A              
     e(  6 -  6) =      7.33182  eV     1   --> A              
     e(  7 -  7) =      7.66078  eV     1   --> A              
     e(  8 -  8) =      7.71565  eV     1   --> A              
     e(  9 -  9) =      7.81327  eV     1   --> A              
     e( 10 - 10) =      8.06392  eV     1   --> A              
     e( 11 - 11) =      8.91232  eV     1   --> A              
     e( 12 - 12) =      9.32365  eV     1   --> A              
     e( 13 - 13) =      9.52419  eV     1   --> A              
     e( 14 - 14) =      9.93094  eV     1   --> A              
     e( 15 - 15) =     10.16181  eV     1   --> A              
     e( 16 - 16) =     10.21130  eV     1   --> A              
     e( 17 - 17) =     10.71144  eV     1   --> A              
     e( 18 - 18) =     10.83865  eV     1   --> A              
     e( 19 - 19) =     11.09119  eV     1   --> A              
     e( 20 - 20) =     11.40683  eV     1   --> A              
     e( 21 - 21) =     14.09220  eV     1   --> A              
     e( 22 - 22) =     15.71366  eV     1   --> A              
     e( 23 - 23) =     17.51177  eV     1   --> A              
     e( 24 - 24) =     20.17619  eV     1   --> A              
     e( 25 - 25) =     21.52867  eV     1   --> A              
     e( 26 - 26) =     22.36972  eV     1   --> A              
     e( 27 - 27) =     23.31072  eV     1   --> A              
     e( 28 - 28) =     24.56882  eV     1   --> A              

 **************************************************************************

 **************************************************************************

                    xk=(   0.60000,  -0.40000,   0.80000  )

     Band symmetry, C_1 (1)     point group:

     e(  1 -  1) =    -91.24284  eV     1   --> A              
     e(  2 -  2) =    -51.63463  eV     1   --> A              
     e(  3 -  4) =    -51.63440  eV     2   -->   2 A              
     e(  5 -  5) =      5.98965  eV     1   --> A              
     e(  6 -  6) =      7.29097  eV     1   --> A              
     e(  7 -  7) =      7.67063  eV     1   --> A              
     e(  8 -  8) =      7.72775  eV     1   --> A              
     e(  9 -  9) =      7.86199  eV     1   --> A              
     e( 10 - 10) =      8.20244  eV     1   --> A              
     e( 11 - 11) =      8.96938  eV     1   --> A              
     e( 12 - 12) =      9.33635  eV     1   --> A              
     e( 13 - 13) =      9.58071  eV     1   --> A              
     e( 14 - 14) =      9.73184  eV     1   --> A              
     e( 15 - 15) =     10.00770  eV     1   --> A              
     e( 16 - 16) =     10.09335  eV     1   --> A              
     e( 17 - 17) =     10.71459  eV     1   --> A              
     e( 18 - 18) =     10.92039  eV     1   --> A              
     e( 19 - 19) =     11.18260  eV     1   --> A              
     e( 20 - 20) =     11.41069  eV     1   --> A              
     e( 21 - 21) =     12.55419  eV     1   --> A              
     e( 22 - 22) =     15.47393  eV     1   --> A              
     e( 23 - 23) =     16.67527  eV     1   --> A              
     e( 24 - 24) =     20.00959  eV     1   --> A              
     e( 25 - 25) =     21.64293  eV     1   --> A              
     e( 26 - 26) =     23.25822  eV     1   --> A              
     e( 27 - 27) =     23.81629  eV     1   --> A              
     e( 28 - 28) =     24.51938  eV     1   --> A              

 **************************************************************************

 **************************************************************************

                    xk=(   0.50000,  -0.30000,   0.70000  )

     Band symmetry, C_1 (1)     point group:

     e(  1 -  1) =    -91.24291  eV     1   --> A              
     e(  2 -  2) =    -51.63475  eV     1   --> A              
     e(  3 -  3) =    -51.63447  eV     1   --> A              
     e(  4 -  4) =    -51.63435  eV     1   --> A              
     e(  5 -  5) =      6.29666  eV     1   --> A              
     e(  6 -  6) =      7.29094  eV     1   --> A              
     e(  7 -  7) =      7.65760  eV     1   --> A              
     e(  8 -  8) =      7.78291  eV     1   --> A              
     e(  9 -  9) =      7.86202  eV     1   --> A              
     e( 10 - 10) =      8.26510  eV     1   --> A              
     e( 11 - 11) =      8.98381  eV     1   --> A              
     e( 12 - 12) =      9.35948  eV     1   --> A              
     e( 13 - 13) =      9.46831  eV     1   --> A              
     e( 14 - 14) =      9.78644  eV     1   --> A              
     e( 15 - 15) =      9.90633  eV     1   --> A              
     e( 16 - 16) =     10.04166  eV     1   --> A              
     e( 17 - 17) =     10.71131  eV     1   --> A              
     e( 18 - 18) =     10.96662  eV     1   --> A              
     e( 19 - 19) =     11.27944  eV     1   --> A              
     e( 20 - 20) =     11.39321  eV     1   --> A              
     e( 21 - 21) =     11.90408  eV     1   --> A              
     e( 22 - 22) =     15.47405  eV     1   --> A              
     e( 23 - 23) =     16.28634  eV     1   --> A              
     e( 24 - 24) =     19.95229  eV     1   --> A              
     e( 25 - 25) =     21.58701  eV     1   --> A              
     e( 26 - 26) =     23.59410  eV     1   --> A              
     e( 27 - 27) =     23.92956  eV     1   --> A              
     e( 28 - 28) =     25.74600  eV     1   --> A              

 **************************************************************************

 **************************************************************************

                    xk=(  -0.20000,   0.60000,   0.00000  )

     Band symmetry, C_1 (1)     point group:

     e(  1 -  1) =    -91.24304  eV     1   --> A              
     e(  2 -  2) =    -51.63473  eV     1   --> A              
     e(  3 -  4) =    -51.63451  eV     2   -->   2 A              
     e(  5 -  5) =      5.58822  eV     1   --> A              
     e(  6 -  6) =      7.12259  eV     1   --> A              
     e(  7 -  7) =      7.54383  eV     1   --> A              
     e(  8 -  8) =      7.78637  eV     1   --> A              
     e(  9 -  9) =      7.83298  eV     1   --> A              
     e( 10 - 10) =      8.23127  eV     1   --> A              
     e( 11 - 11) =      8.74501  eV     1   --> A              
     e( 12 - 12) =      9.57963  eV     1   --> A              
     e( 13 - 13) =      9.65234  eV     1   --> A              
     e( 14 - 14) =      9.93086  eV     1   --> A              
     e( 15 - 15) =     10.20778  eV     1   --> A              
     e( 16 - 16) =     10.34370  eV     1   --> A              
     e( 17 - 17) =     10.67825  eV     1   --> A              
     e( 18 - 18) =     10.82904  eV     1   --> A              
     e( 19 - 19) =     11.00789  eV     1   --> A              
     e( 20 - 20) =     11.39858  eV     1   --> A              
     e( 21 - 21) =     14.39258  eV     1   --> A              
     e( 22 - 22) =     14.98352  eV     1   --> A              
     e( 23 - 23) =     16.07802  eV     1   --> A              
     e( 24 - 24) =     19.78955  eV     1   --> A              
     e( 25 - 25) =     20.20594  eV     1   --> A              
     e( 26 - 26) =     23.56450  eV     1   --> A              
     e( 27 - 27) =     24.89980  eV     1   --> A              
     e( 28 - 28) =     25.94030  eV     1   --> A              

 **************************************************************************

 **************************************************************************

                    xk=(   0.70000,  -0.30000,   0.90000  )

     Band symmetry, C_1 (1)     point group:

     e(  1 -  1) =    -91.24288  eV     1   --> A              
     e(  2 -  2) =    -51.63467  eV     1   --> A              
     e(  3 -  4) =    -51.63442  eV     2   -->   2 A              
     e(  5 -  5) =      6.22936  eV     1   --> A              
     e(  6 -  6) =      7.05256  eV     1   --> A              
     e(  7 -  7) =      7.56873  eV     1   --> A              
     e(  8 -  8) =      7.74625  eV     1   --> A              
     e(  9 -  9) =      7.85525  eV     1   --> A              
     e( 10 - 10) =      8.40325  eV     1   --> A              
     e( 11 - 11) =      8.83376  eV     1   --> A              
     e( 12 - 12) =      9.61797  eV     1   --> A              
     e( 13 - 13) =      9.64696  eV     1   --> A              
     e( 14 - 14) =      9.75740  eV     1   --> A              
     e( 15 - 15) =     10.11710  eV     1   --> A              
     e( 16 - 16) =     10.25599  eV     1   --> A              
     e( 17 - 17) =     10.61927  eV     1   --> A              
     e( 18 - 18) =     10.98987  eV     1   --> A              
     e( 19 - 19) =     11.15849  eV     1   --> A              
     e( 20 - 20) =     11.43694  eV     1   --> A              
     e( 21 - 21) =     12.91578  eV     1   --> A              
     e( 22 - 22) =     14.40672  eV     1   --> A              
     e( 23 - 23) =     15.32697  eV     1   --> A              
     e( 24 - 24) =     19.93361  eV     1   --> A              
     e( 25 - 25) =     21.44381  eV     1   --> A              
     e( 26 - 26) =     23.04853  eV     1   --> A              
     e( 27 - 27) =     25.28175  eV     1   --> A              
     e( 28 - 28) =     26.22878  eV     1   --> A              

 **************************************************************************

 **************************************************************************

                    xk=(   0.60000,  -0.20000,   0.80000  )

     Band symmetry, C_1 (1)     point group:

     e(  1 -  1) =    -91.24286  eV     1   --> A              
     e(  2 -  2) =    -51.63473  eV     1   --> A              
     e(  3 -  3) =    -51.63443  eV     1   --> A              
     e(  4 -  4) =    -51.63431  eV     1   --> A              
     e(  5 -  5) =      6.61005  eV     1   --> A              
     e(  6 -  6) =      7.10874  eV     1   --> A              
     e(  7 -  7) =      7.62018  eV     1   --> A              
     e(  8 -  8) =      7.69732  eV     1   --> A              
     e(  9 -  9) =      7.85704  eV     1   --> A              
     e( 10 - 10) =      8.47454  eV     1   --> A              
     e( 11 - 11) =      9.01415  eV     1   --> A              
     e( 12 - 12) =      9.35896  eV     1   --> A              
     e( 13 - 13) =      9.68411  eV     1   --> A              
     e( 14 - 14) =      9.81825  eV     1   --> A              
     e( 15 - 15) =     10.05395  eV     1   --> A              
     e( 16 - 16) =     10.15248  eV     1   --> A              
     e( 17 - 17) =     10.55493  eV     1   --> A              
     e( 18 - 18) =     11.09816  eV     1   --> A              
     e( 19 - 19) =     11.34275  eV     1   --> A              
     e( 20 - 20) =     11.51265  eV     1   --> A              
     e( 21 - 21) =     11.86585  eV     1   --> A              
     e( 22 - 22) =     14.08050  eV     1   --> A              
     e( 23 - 23) =     15.11910  eV     1   --> A              
     e( 24 - 24) =     20.04530  eV     1   --> A              
     e( 25 - 25) =     22.49138  eV     1   --> A              
     e( 26 - 26) =     23.28325  eV     1   --> A              
     e( 27 - 27) =     25.06553  eV     1   --> A              
     e( 28 - 28) =     25.67487  eV     1   --> A              

 **************************************************************************

 **************************************************************************

                    xk=(   0.50000,  -0.10000,   0.70000  )

     Band symmetry, C_1 (1)     point group:

     e(  1 -  1) =    -91.24286  eV     1   --> A              
     e(  2 -  2) =    -51.63470  eV     1   --> A              
     e(  3 -  4) =    -51.63443  eV     2   -->   2 A              
     e(  5 -  5) =      6.46738  eV     1   --> A              
     e(  6 -  6) =      7.19404  eV     1   --> A              
     e(  7 -  7) =      7.64263  eV     1   --> A              
     e(  8 -  8) =      7.70642  eV     1   --> A              
     e(  9 -  9) =      7.83239  eV     1   --> A              
     e( 10 - 10) =      8.36924  eV     1   --> A              
     e( 11 - 11) =      9.11596  eV     1   --> A              
     e( 12 - 12) =      9.32437  eV     1   --> A              
     e( 13 - 13) =      9.63339  eV     1   --> A              
     e( 14 - 14) =      9.82770  eV     1   --> A              
     e( 15 - 15) =     10.06180  eV     1   --> A              
     e( 16 - 16) =     10.11390  eV     1   --> A              
     e( 17 - 17) =     10.55489  eV     1   --> A              
     e( 18 - 18) =     11.01472  eV     1   --> A              
     e( 19 - 19) =     11.22776  eV     1   --> A              
     e( 20 - 20) =     11.48051  eV     1   --> A              
     e( 21 - 21) =     12.31310  eV     1   --> A              
     e( 22 - 22) =     13.81204  eV     1   --> A              
     e( 23 - 23) =     15.65599  eV     1   --> A              
     e( 24 - 24) =     20.29752  eV     1   --> A              
     e( 25 - 25) =     22.14176  eV     1   --> A              
     e( 26 - 26) =     23.66336  eV     1   --> A              
     e( 27 - 27) =     24.89191  eV     1   --> A              
     e( 28 - 28) =     25.24087  eV     1   --> A              

 **************************************************************************

 **************************************************************************

                    xk=(   0.40000,   0.00000,   0.60000  )

     Band symmetry, C_1 (1)     point group:

     e(  1 -  1) =    -91.24290  eV     1   --> A              
     e(  2 -  2) =    -51.63465  eV     1   --> A              
     e(  3 -  4) =    -51.63444  eV     2   -->   2 A              
     e(  5 -  5) =      5.94388  eV     1   --> A              
     e(  6 -  6) =      7.23453  eV     1   --> A              
     e(  7 -  7) =      7.65775  eV     1   --> A              
     e(  8 -  8) =      7.72336  eV     1   --> A              
     e(  9 -  9) =      7.82373  eV     1   --> A              
     e( 10 - 10) =      8.19415  eV     1   --> A              
     e( 11 - 11) =      9.00528  eV     1   --> A              
     e( 12 - 12) =      9.39976  eV     1   --> A              
     e( 13 - 13) =      9.65765  eV     1   --> A              
     e( 14 - 14) =      9.76217  eV     1   --> A              
     e( 15 - 15) =     10.11497  eV     1   --> A              
     e( 16 - 16) =     10.14944  eV     1   --> A              
     e( 17 - 17) =     10.62605  eV     1   --> A              
     e( 18 - 18) =     10.98636  eV     1   --> A              
     e( 19 - 19) =     11.02985  eV     1   --> A              
     e( 20 - 20) =     11.45024  eV     1   --> A              
     e( 21 - 21) =     13.46110  eV     1   --> A              
     e( 22 - 22) =     14.10359  eV     1   --> A              
     e( 23 - 23) =     16.54704  eV     1   --> A              
     e( 24 - 24) =     20.65448  eV     1   --> A              
     e( 25 - 25) =     21.56741  eV     1   --> A              
     e( 26 - 26) =     22.54184  eV     1   --> A              
     e( 27 - 27) =     24.24481  eV     1   --> A              
     e( 28 - 28) =     25.67553  eV     1   --> A              

 **************************************************************************

 **************************************************************************

                    xk=(   0.80000,  -0.20000,   1.00000  )

     Band symmetry, C_1 (1)     point group:

     e(  1 -  1) =    -91.24290  eV     1   --> A              
     e(  2 -  2) =    -51.63473  eV     1   --> A              
     e(  3 -  4) =    -51.63446  eV     2   -->   2 A              
     e(  5 -  5) =      6.64460  eV     1   --> A              
     e(  6 -  6) =      6.87275  eV     1   --> A              
     e(  7 -  7) =      7.42109  eV     1   --> A              
     e(  8 -  8) =      7.79070  eV     1   --> A              
     e(  9 -  9) =      7.89323  eV     1   --> A              
     e( 10 - 10) =      8.58500  eV     1   --> A              
     e( 11 - 11) =      8.65885  eV     1   --> A              
     e( 12 - 12) =      9.55070  eV     1   --> A              
     e( 13 - 13) =      9.76018  eV     1   --> A              
     e( 14 - 14) =      9.85082  eV     1   --> A              
     e( 15 - 15) =     10.18304  eV     1   --> A              
     e( 16 - 16) =     10.40064  eV     1   --> A              
     e( 17 - 17) =     10.62505  eV     1   --> A              
     e( 18 - 18) =     11.13875  eV     1   --> A              
     e( 19 - 19) =     11.22958  eV     1   --> A              
     e( 20 - 20) =     11.50497  eV     1   --> A              
     e( 21 - 21) =     12.95838  eV     1   --> A              
     e( 22 - 22) =     13.77999  eV     1   --> A              
     e( 23 - 23) =     14.20833  eV     1   --> A              
     e( 24 - 24) =     19.60201  eV     1   --> A              
     e( 25 - 25) =     19.97911  eV     1   --> A              
     e( 26 - 26) =     24.89846  eV     1   --> A              
     e( 27 - 27) =     26.74351  eV     1   --> A              
     e( 28 - 28) =     27.85248  eV     1   --> A              

 **************************************************************************

 **************************************************************************

                    xk=(   0.70000,  -0.10000,   0.90000  )

     Band symmetry, C_1 (1)     point group:

     e(  1 -  1) =    -91.24290  eV     1   --> A              
     e(  2 -  2) =    -51.63479  eV     1   --> A              
     e(  3 -  4) =    -51.63442  eV     2   -->   2 A              
     e(  5 -  5) =      6.82481  eV     1   --> A              
     e(  6 -  6) =      7.12552  eV     1   --> A              
     e(  7 -  7) =      7.46189  eV     1   --> A              
     e(  8 -  8) =      7.67916  eV     1   --> A              
     e(  9 -  9) =      7.89495  eV     1   --> A              
     e( 10 - 10) =      8.72893  eV     1   --> A              
     e( 11 - 11) =      8.80021  eV     1   --> A              
     e( 12 - 12) =      9.27961  eV     1   --> A              
     e( 13 - 13) =      9.78849  eV     1   --> A              
     e( 14 - 14) =      9.94915  eV     1   --> A              
     e( 15 - 15) =     10.12677  eV     1   --> A              
     e( 16 - 16) =     10.30733  eV     1   --> A              
     e( 17 - 17) =     10.49439  eV     1   --> A              
     e( 18 - 18) =     11.25773  eV     1   --> A              
     e( 19 - 19) =     11.47718  eV     1   --> A              
     e( 20 - 20) =     11.76598  eV     1   --> A              
     e( 21 - 21) =     12.05870  eV     1   --> A              
     e( 22 - 22) =     13.05103  eV     1   --> A              
     e( 23 - 23) =     14.03965  eV     1   --> A              
     e( 24 - 24) =     19.83866  eV     1   --> A              
     e( 25 - 25) =     21.31629  eV     1   --> A              
     e( 26 - 26) =     24.26263  eV     1   --> A              
     e( 27 - 27) =     26.00254  eV     1   --> A              
     e( 28 - 28) =     26.95316  eV     1   --> A              

 **************************************************************************

 **************************************************************************

                    xk=(   0.60000,   0.00000,   0.80000  )

     Band symmetry, C_1 (1)     point group:

     e(  1 -  1) =    -91.24297  eV     1   --> A              
     e(  2 -  2) =    -51.63482  eV     1   --> A              
     e(  3 -  3) =    -51.63452  eV     1   --> A              
     e(  4 -  4) =    -51.63441  eV     1   --> A              
     e(  5 -  5) =      6.76655  eV     1   --> A              
     e(  6 -  6) =      7.21450  eV     1   --> A              
     e(  7 -  7) =      7.56262  eV     1   --> A              
     e(  8 -  8) =      7.63881  eV     1   --> A              
     e(  9 -  9) =      7.85330  eV     1   --> A              
     e( 10 - 10) =      8.63425  eV     1   --> A              
     e( 11 - 11) =      9.02996  eV     1   --> A              
     e( 12 - 12) =      9.21047  eV     1   --> A              
     e( 13 - 13) =      9.82303  eV     1   --> A              
     e( 14 - 14) =      9.90639  eV     1   --> A              
     e( 15 - 15) =     10.10615  eV     1   --> A              
     e( 16 - 16) =     10.18202  eV     1   --> A              
     e( 17 - 17) =     10.45497  eV     1   --> A              
     e( 18 - 18) =     11.17409  eV     1   --> A              
     e( 19 - 19) =     11.40621  eV     1   --> A              
     e( 20 - 20) =     11.55040  eV     1   --> A              
     e( 21 - 21) =     12.36714  eV     1   --> A              
     e( 22 - 22) =     12.62495  eV     1   --> A              
     e( 23 - 23) =     14.68021  eV     1   --> A              
     e( 24 - 24) =     20.04805  eV     1   --> A              
     e( 25 - 25) =     23.18887  eV     1   --> A              
     e( 26 - 26) =     23.48039  eV     1   --> A              
     e( 27 - 27) =     24.37899  eV     1   --> A              
     e( 28 - 28) =     26.11860  eV     1   --> A              

 **************************************************************************

 **************************************************************************

                    xk=(  -0.20000,  -1.00000,   0.00000  )

     point group C_2  (2)   
     there are  2 classes
     the character table:

       E     C2   
A      1.00  1.00
B      1.00 -1.00

     the symmetry operations in each class and the name of the first element:

     E        1
                                                                 
     C2       2
                                                                 

     Band symmetry, C_2  (2)    point group:

     e(  1 -  1) =    -91.24282  eV     1   --> A              
     e(  2 -  2) =    -51.63485  eV     1   --> B              
     e(  3 -  4) =    -51.63432  eV     2   --> A              
     e(  3 -  4) =    -51.63432  eV     2   --> B              
     e(  5 -  5) =      6.76890  eV     1   --> A              
     e(  6 -  6) =      7.33177  eV     1   --> B              
     e(  7 -  7) =      7.48774  eV     1   --> A              
     e(  8 -  8) =      7.60792  eV     1   --> B              
     e(  9 -  9) =      7.91764  eV     1   --> B              
     e( 10 - 10) =      8.40196  eV     1   --> A              
     e( 11 - 11) =      9.10295  eV     1   --> A              
     e( 12 - 12) =      9.14124  eV     1   --> B              
     e( 13 - 13) =      9.75913  eV     1   --> A              
     e( 14 - 14) =      9.93091  eV     1   --> B              
     e( 15 - 15) =     10.18198  eV     1   --> B              
     e( 16 - 16) =     10.41110  eV     1   --> A              
     e( 17 - 17) =     10.59260  eV     1   --> A              
     e( 18 - 18) =     11.38574  eV     1   --> A              
     e( 19 - 19) =     11.54050  eV     1   --> B              
     e( 20 - 20) =     11.94019  eV     1   --> A              
     e( 21 - 21) =     12.03237  eV     1   --> B              
     e( 22 - 22) =     13.18367  eV     1   --> A              
     e( 23 - 23) =     13.34198  eV     1   --> B              
     e( 24 - 24) =     19.55317  eV     1   --> A              
     e( 25 - 25) =     19.92003  eV     1   --> B              
     e( 26 - 26) =     25.94798  eV     1   --> A              
     e( 27 - 27) =     27.06619  eV     1   --> B              
     e( 28 - 28) =     28.11962  eV     1   --> B              

 **************************************************************************

 **************************************************************************

                    xk=(   0.60000,  -0.20000,   1.00000  )

     point group C_1 (1)    
     there are  1 classes
     the character table:

       E    
A      1.00

     the symmetry operations in each class and the name of the first element:

     E        1
                                                                 

     Band symmetry, C_1 (1)     point group:

     e(  1 -  1) =    -91.24284  eV     1   --> A              
     e(  2 -  2) =    -51.63470  eV     1   --> A              
     e(  3 -  4) =    -51.63440  eV     2   -->   2 A              
     e(  5 -  5) =      6.72932  eV     1   --> A              
     e(  6 -  6) =      7.00509  eV     1   --> A              
     e(  7 -  7) =      7.55802  eV     1   --> A              
     e(  8 -  8) =      7.68201  eV     1   --> A              
     e(  9 -  9) =      7.90498  eV     1   --> A              
     e( 10 - 10) =      8.56288  eV     1   --> A              
     e( 11 - 11) =      8.94469  eV     1   --> A              
     e( 12 - 12) =      9.39926  eV     1   --> A              
     e( 13 - 13) =      9.76536  eV     1   --> A              
     e( 14 - 14) =      9.78715  eV     1   --> A              
     e( 15 - 15) =     10.11645  eV     1   --> A              
     e( 16 - 16) =     10.22748  eV     1   --> A              
     e( 17 - 17) =     10.47561  eV     1   --> A              
     e( 18 - 18) =     11.17160  eV     1   --> A              
     e( 19 - 19) =     11.32388  eV     1   --> A              
     e( 20 - 20) =     11.55670  eV     1   --> A              
     e( 21 - 21) =     12.54668  eV     1   --> A              
     e( 22 - 22) =     13.18190  eV     1   --> A              
     e( 23 - 23) =     14.46588  eV     1   --> A              
     e( 24 - 24) =     21.26804  eV     1   --> A              
     e( 25 - 25) =     21.49553  eV     1   --> A              
     e( 26 - 26) =     22.61283  eV     1   --> A              
     e( 27 - 27) =     25.49079  eV     1   --> A              
     e( 28 - 28) =     26.37433  eV     1   --> A              

 **************************************************************************

 **************************************************************************

                    xk=(   0.50000,  -0.10000,   0.90000  )

     Band symmetry, C_1 (1)     point group:

     e(  1 -  1) =    -91.24289  eV     1   --> A              
     e(  2 -  2) =    -51.63476  eV     1   --> A              
     e(  3 -  4) =    -51.63446  eV     2   -->   2 A              
     e(  5 -  5) =      6.89549  eV     1   --> A              
     e(  6 -  6) =      7.04713  eV     1   --> A              
     e(  7 -  7) =      7.55803  eV     1   --> A              
     e(  8 -  8) =      7.64034  eV     1   --> A              
     e(  9 -  9) =      7.92948  eV     1   --> A              
     e( 10 - 10) =      8.64819  eV     1   --> A              
     e( 11 - 11) =      9.08232  eV     1   --> A              
     e( 12 - 12) =      9.22362  eV     1   --> A              
     e( 13 - 13) =      9.79143  eV     1   --> A              
     e( 14 - 14) =      9.85176  eV     1   --> A              
     e( 15 - 15) =     10.10240  eV     1   --> A              
     e( 16 - 16) =     10.17116  eV     1   --> A              
     e( 17 - 17) =     10.43245  eV     1   --> A              
     e( 18 - 18) =     11.23473  eV     1   --> A              
     e( 19 - 19) =     11.51603  eV     1   --> A              
     e( 20 - 20) =     11.74757  eV     1   --> A              
     e( 21 - 21) =     11.95343  eV     1   --> A              
     e( 22 - 22) =     13.02851  eV     1   --> A              
     e( 23 - 23) =     13.99769  eV     1   --> A              
     e( 24 - 24) =     21.40604  eV     1   --> A              
     e( 25 - 25) =     22.08041  eV     1   --> A              
     e( 26 - 26) =     23.50913  eV     1   --> A              
     e( 27 - 27) =     23.53606  eV     1   --> A              
     e( 28 - 28) =     26.82531  eV     1   --> A              

 **************************************************************************

 **************************************************************************

                    xk=(  -0.40000,  -1.00000,   0.00000  )

     point group C_2  (2)   
     there are  2 classes
     the character table:

       E     C2   
A      1.00  1.00
B      1.00 -1.00

     the symmetry operations in each class and the name of the first element:

     E        1
                                                                 
     C2       2
                                                                 

     Band symmetry, C_2  (2)    point group:

     e(  1 -  1) =    -91.24287  eV     1   --> A              
     e(  2 -  2) =    -51.63475  eV     1   --> B              
     e(  3 -  4) =    -51.63442  eV     2   --> A              
     e(  3 -  4) =    -51.63442  eV     2   --> B              
     e(  5 -  5) =      6.91033  eV     1   --> A              
     e(  6 -  6) =      7.15150  eV     1   --> A              
     e(  7 -  7) =      7.49162  eV     1   --> B              
     e(  8 -  8) =      7.61590  eV     1   --> B              
     e(  9 -  9) =      7.95550  eV     1   --> B              
     e( 10 - 10) =      8.83274  eV     1   --> B              
     e( 11 - 11) =      8.90683  eV     1   --> A              
     e( 12 - 12) =      9.18282  eV     1   --> A              
     e( 13 - 13) =      9.76289  eV     1   --> A              
     e( 14 - 14) =     10.05493  eV     1   --> B              
     e( 15 - 15) =     10.08476  eV     1   --> A              
     e( 16 - 16) =     10.14820  eV     1   --> B              
     e( 17 - 17) =     10.43992  eV     1   --> A              
     e( 18 - 18) =     11.29473  eV     1   --> A              
     e( 19 - 19) =     11.62152  eV     1   --> B              
     e( 20 - 20) =     11.80161  eV     1   --> B              
     e( 21 - 21) =     12.29282  eV     1   --> A              
     e( 22 - 22) =     12.73147  eV     1   --> A              
     e( 23 - 23) =     13.26173  eV     1   --> B              
     e( 24 - 24) =     21.19969  eV     1   --> A              
     e( 25 - 25) =     21.69422  eV     1   --> B              
     e( 26 - 26) =     23.41392  eV     1   --> A              
     e( 27 - 27) =     24.23367  eV     1   --> B              
     e( 28 - 28) =     27.73020  eV     1   --> B              

 **************************************************************************

     BANDS        :      6.49s CPU      7.07s WALL


   This run was terminated on:  22:49:34  13Sep2024            

=------------------------------------------------------------------------------=
   JOB DONE.
=------------------------------------------------------------------------------=
