
     Program PROJWFC v.6.7MaX starts on 13Sep2024 at 22:10:38 

     This program is part of the open-source Quantum ESPRESSO suite
     for quantum simulation of materials; please cite
         "P. Giannozzi et al., J. Phys.:Condens. Matter 21 395502 (2009);
         "P. Giannozzi et al., J. Phys.:Condens. Matter 29 465901 (2017);
          URL http://www.quantum-espresso.org", 
     in publications or presentations arising from this work. More details at
     http://www.quantum-espresso.org/quote

     Parallel version (MPI), running on     1 processors

     MPI processes distributed on     1 nodes

     Reading xml data from directory:

     ././cunipt.save/
     file Cu.upf: wavefunction(s)  4S 3D renormalized
     file Ni.upf: wavefunction(s)  3P 3D renormalized
     file Pt.upf: wavefunction(s)  6S 5D renormalized

     IMPORTANT: XC functional enforced from input :
     Exchange-correlation= PBE
                           (   1   4   3   4   0   0   0)
     Any further DFT definition will be discarded
     Please, verify this is what you really want


     G-vector sticks info
     --------------------
     sticks:   dense  smooth     PW     G-vecs:    dense   smooth      PW
     Sum         967     967    301                20179    20179    3383


     Check: negative core charge=   -0.000002

     Gaussian broadening (read from file): ngauss,degauss=   1    0.005000


     Calling projwave .... 

  Problem Sizes 
  natomwfc =           28
  nbnd     =           28
  nkstot   =           72
  npwx     =         2637
  nkb      =           54


     Atomic states used for projection
     (read from pseudopotential files):

     state #   1: atom   1 (Cu ), wfc  1 (l=0 m= 1)
     state #   2: atom   1 (Cu ), wfc  2 (l=1 m= 1)
     state #   3: atom   1 (Cu ), wfc  2 (l=1 m= 2)
     state #   4: atom   1 (Cu ), wfc  2 (l=1 m= 3)
     state #   5: atom   1 (Cu ), wfc  3 (l=2 m= 1)
     state #   6: atom   1 (Cu ), wfc  3 (l=2 m= 2)
     state #   7: atom   1 (Cu ), wfc  3 (l=2 m= 3)
     state #   8: atom   1 (Cu ), wfc  3 (l=2 m= 4)
     state #   9: atom   1 (Cu ), wfc  3 (l=2 m= 5)
     state #  10: atom   2 (Ni ), wfc  1 (l=0 m= 1)
     state #  11: atom   2 (Ni ), wfc  2 (l=0 m= 1)
     state #  12: atom   2 (Ni ), wfc  3 (l=1 m= 1)
     state #  13: atom   2 (Ni ), wfc  3 (l=1 m= 2)
     state #  14: atom   2 (Ni ), wfc  3 (l=1 m= 3)
     state #  15: atom   2 (Ni ), wfc  4 (l=2 m= 1)
     state #  16: atom   2 (Ni ), wfc  4 (l=2 m= 2)
     state #  17: atom   2 (Ni ), wfc  4 (l=2 m= 3)
     state #  18: atom   2 (Ni ), wfc  4 (l=2 m= 4)
     state #  19: atom   2 (Ni ), wfc  4 (l=2 m= 5)
     state #  20: atom   3 (Pt ), wfc  1 (l=0 m= 1)
     state #  21: atom   3 (Pt ), wfc  2 (l=1 m= 1)
     state #  22: atom   3 (Pt ), wfc  2 (l=1 m= 2)
     state #  23: atom   3 (Pt ), wfc  2 (l=1 m= 3)
     state #  24: atom   3 (Pt ), wfc  3 (l=2 m= 1)
     state #  25: atom   3 (Pt ), wfc  3 (l=2 m= 2)
     state #  26: atom   3 (Pt ), wfc  3 (l=2 m= 3)
     state #  27: atom   3 (Pt ), wfc  3 (l=2 m= 4)
     state #  28: atom   3 (Pt ), wfc  3 (l=2 m= 5)

 k =   0.0000000000  0.0000000000  0.0000000000
==== e(   1) =   -91.24388 eV ==== 
     psi = 0.976*[#  10]+0.016*[#  20]+0.007*[#   1]
    |psi|^2 = 1.000
==== e(   2) =   -51.63474 eV ==== 
     psi = 0.333*[#  12]+0.333*[#  13]+0.333*[#  14]
    |psi|^2 = 1.000
==== e(   3) =   -51.63474 eV ==== 
     psi = 0.333*[#  12]+0.333*[#  13]+0.333*[#  14]
    |psi|^2 = 1.000
==== e(   4) =   -51.63474 eV ==== 
     psi = 0.333*[#  12]+0.333*[#  13]+0.333*[#  14]
    |psi|^2 = 1.000
==== e(   5) =     3.73834 eV ==== 
     psi = 0.370*[#  20]+0.310*[#   1]+0.303*[#  11]+0.012*[#  10]
    |psi|^2 = 0.994
==== e(   6) =     7.55363 eV ==== 
     psi = 0.241*[#  24]+0.241*[#  27]+0.162*[#   5]+0.162*[#   8]+0.096*[#  15]
          +0.096*[#  18]
    |psi|^2 = 0.998
==== e(   7) =     7.55363 eV ==== 
     psi = 0.241*[#  24]+0.241*[#  27]+0.162*[#   5]+0.162*[#   8]+0.096*[#  15]
          +0.096*[#  18]
    |psi|^2 = 0.998
==== e(   8) =     7.74531 eV ==== 
     psi = 0.265*[#  25]+0.265*[#  26]+0.265*[#  28]+0.039*[#   6]+0.039*[#   7]
          +0.039*[#   9]+0.016*[#   2]+0.016*[#   3]+0.016*[#   4]+0.012*[#  16]
          +0.012*[#  17]+0.012*[#  19]
    |psi|^2 = 0.996
==== e(   9) =     7.74531 eV ==== 
     psi = 0.265*[#  25]+0.265*[#  26]+0.265*[#  28]+0.039*[#   6]+0.039*[#   7]
          +0.039*[#   9]+0.016*[#   2]+0.016*[#   3]+0.016*[#   4]+0.012*[#  16]
          +0.012*[#  17]+0.012*[#  19]
    |psi|^2 = 0.996
==== e(  10) =     7.74531 eV ==== 
     psi = 0.265*[#  25]+0.265*[#  26]+0.265*[#  28]+0.039*[#   6]+0.039*[#   7]
          +0.039*[#   9]+0.016*[#   2]+0.016*[#   3]+0.016*[#   4]+0.012*[#  16]
          +0.012*[#  17]+0.012*[#  19]
    |psi|^2 = 0.996
==== e(  11) =     8.99466 eV ==== 
     psi = 0.215*[#   6]+0.215*[#   7]+0.215*[#   9]+0.095*[#  16]+0.095*[#  17]
          +0.095*[#  19]+0.012*[#  21]+0.012*[#  22]+0.012*[#  23]+0.011*[#  25]
          +0.011*[#  26]+0.011*[#  28]
    |psi|^2 = 0.999
==== e(  12) =     8.99466 eV ==== 
     psi = 0.215*[#   6]+0.215*[#   7]+0.215*[#   9]+0.095*[#  16]+0.095*[#  17]
          +0.095*[#  19]+0.012*[#  21]+0.012*[#  22]+0.012*[#  23]+0.011*[#  25]
          +0.011*[#  26]+0.011*[#  28]
    |psi|^2 = 0.999
==== e(  13) =     8.99466 eV ==== 
     psi = 0.215*[#   6]+0.215*[#   7]+0.215*[#   9]+0.095*[#  16]+0.095*[#  17]
          +0.095*[#  19]+0.012*[#  21]+0.012*[#  22]+0.012*[#  23]+0.011*[#  25]
          +0.011*[#  26]+0.011*[#  28]
    |psi|^2 = 0.999
==== e(  14) =    10.42189 eV ==== 
     psi = 0.336*[#   5]+0.336*[#   8]+0.097*[#  24]+0.097*[#  27]+0.066*[#  15]
          +0.066*[#  18]
    |psi|^2 = 1.000
==== e(  15) =    10.42190 eV ==== 
     psi = 0.336*[#   5]+0.336*[#   8]+0.097*[#  24]+0.097*[#  27]+0.066*[#  15]
          +0.066*[#  18]
    |psi|^2 = 1.000
==== e(  16) =    10.77287 eV ==== 
     psi = 0.218*[#  16]+0.218*[#  17]+0.218*[#  19]+0.074*[#   6]+0.074*[#   7]
          +0.074*[#   9]+0.034*[#  25]+0.034*[#  26]+0.034*[#  28]+0.005*[#   2]
          +0.005*[#   3]+0.005*[#   4]+0.001*[#  21]+0.001*[#  22]+0.001*[#  23]
          
    |psi|^2 = 0.995
==== e(  17) =    10.77287 eV ==== 
     psi = 0.218*[#  16]+0.218*[#  17]+0.218*[#  19]+0.074*[#   6]+0.074*[#   7]
          +0.074*[#   9]+0.034*[#  25]+0.034*[#  26]+0.034*[#  28]+0.005*[#   2]
          +0.005*[#   3]+0.005*[#   4]+0.001*[#  21]+0.001*[#  22]+0.001*[#  23]
          
    |psi|^2 = 0.995
==== e(  18) =    10.77287 eV ==== 
     psi = 0.218*[#  16]+0.218*[#  17]+0.218*[#  19]+0.074*[#   6]+0.074*[#   7]
          +0.074*[#   9]+0.034*[#  25]+0.034*[#  26]+0.034*[#  28]+0.005*[#   2]
          +0.005*[#   3]+0.005*[#   4]+0.001*[#  21]+0.001*[#  22]+0.001*[#  23]
          
    |psi|^2 = 0.995
==== e(  19) =    11.30725 eV ==== 
     psi = 0.337*[#  15]+0.337*[#  18]+0.161*[#  24]+0.161*[#  27]+0.002*[#   5]
          +0.002*[#   8]
    |psi|^2 = 0.999
==== e(  20) =    11.30726 eV ==== 
     psi = 0.337*[#  15]+0.337*[#  18]+0.161*[#  24]+0.161*[#  27]+0.002*[#   5]
          +0.002*[#   8]
    |psi|^2 = 0.999
==== e(  21) =    20.01892 eV ==== 
     psi = 0.503*[#   1]+0.478*[#  11]+0.006*[#  10]+0.002*[#  20]
    |psi|^2 = 0.988
==== e(  22) =    21.15113 eV ==== 
     psi = 0.218*[#   2]+0.218*[#   3]+0.218*[#   4]+0.027*[#  21]+0.027*[#  22]
          +0.027*[#  23]+0.019*[#  25]+0.019*[#  26]+0.019*[#  28]+0.003*[#  16]
          +0.003*[#  17]+0.003*[#  19]
    |psi|^2 = 0.802
==== e(  23) =    21.15113 eV ==== 
     psi = 0.218*[#   2]+0.218*[#   3]+0.218*[#   4]+0.027*[#  21]+0.027*[#  22]
          +0.027*[#  23]+0.019*[#  25]+0.019*[#  26]+0.019*[#  28]+0.003*[#  16]
          +0.003*[#  17]+0.003*[#  19]
    |psi|^2 = 0.802
==== e(  24) =    21.15113 eV ==== 
     psi = 0.218*[#   2]+0.218*[#   3]+0.218*[#   4]+0.027*[#  21]+0.027*[#  22]
          +0.027*[#  23]+0.019*[#  25]+0.019*[#  26]+0.019*[#  28]+0.003*[#  16]
          +0.003*[#  17]+0.003*[#  19]
    |psi|^2 = 0.802
==== e(  25) =    21.22619 eV ==== 
     psi = 0.273*[#  21]+0.273*[#  22]+0.273*[#  23]+0.029*[#   2]+0.029*[#   3]
          +0.029*[#   4]+0.006*[#  16]+0.006*[#  17]+0.006*[#  19]+0.005*[#   6]
          +0.005*[#   7]+0.005*[#   9]+0.003*[#  25]+0.003*[#  26]+0.003*[#  28]
          
    |psi|^2 = 0.950
==== e(  26) =    21.22620 eV ==== 
     psi = 0.273*[#  21]+0.273*[#  22]+0.273*[#  23]+0.029*[#   2]+0.029*[#   3]
          +0.029*[#   4]+0.006*[#  16]+0.006*[#  17]+0.006*[#  19]+0.005*[#   6]
          +0.005*[#   7]+0.005*[#   9]+0.003*[#  25]+0.003*[#  26]+0.003*[#  28]
          
    |psi|^2 = 0.950
==== e(  27) =    21.22620 eV ==== 
     psi = 0.273*[#  21]+0.273*[#  22]+0.273*[#  23]+0.029*[#   2]+0.029*[#   3]
          +0.029*[#   4]+0.006*[#  16]+0.006*[#  17]+0.006*[#  19]+0.005*[#   6]
          +0.005*[#   7]+0.005*[#   9]+0.003*[#  25]+0.003*[#  26]+0.003*[#  28]
          
    |psi|^2 = 0.950
==== e(  28) =    22.09253 eV ==== 
     psi = 0.312*[#  20]+0.124*[#   1]+0.122*[#  11]+0.003*[#  10]
    |psi|^2 = 0.561

 k =  -0.0833333333  0.0833333333 -0.0833333333
==== e(   1) =   -91.24317 eV ==== 
     psi = 0.969*[#  10]+0.013*[#  20]+0.004*[#   1]+0.002*[#  21]+0.002*[#  22]
          +0.002*[#  23]+0.002*[#  11]+0.001*[#   2]+0.001*[#   3]+0.001*[#   4]
          
    |psi|^2 = 1.000
==== e(   2) =   -51.63436 eV ==== 
     psi = 0.333*[#  12]+0.333*[#  13]+0.333*[#  14]
    |psi|^2 = 1.000
==== e(   3) =   -51.63436 eV ==== 
     psi = 0.333*[#  12]+0.333*[#  13]+0.333*[#  14]
    |psi|^2 = 1.000
==== e(   4) =   -51.63435 eV ==== 
     psi = 0.333*[#  12]+0.333*[#  13]+0.333*[#  14]
    |psi|^2 = 1.000
==== e(   5) =     3.84315 eV ==== 
     psi = 0.337*[#  20]+0.277*[#   1]+0.271*[#  11]+0.016*[#  21]+0.016*[#  22]
          +0.016*[#  23]+0.015*[#   2]+0.015*[#   3]+0.015*[#   4]+0.013*[#  10]
          
    |psi|^2 = 0.995
==== e(   6) =     7.57338 eV ==== 
     psi = 0.237*[#  24]+0.237*[#  27]+0.159*[#   5]+0.159*[#   8]+0.088*[#  15]
          +0.088*[#  18]+0.006*[#  25]+0.006*[#  26]+0.006*[#  28]+0.003*[#   6]
          +0.003*[#   7]+0.003*[#   9]
    |psi|^2 = 0.997
==== e(   7) =     7.57338 eV ==== 
     psi = 0.237*[#  24]+0.237*[#  27]+0.159*[#   5]+0.159*[#   8]+0.088*[#  15]
          +0.088*[#  18]+0.006*[#  25]+0.006*[#  26]+0.006*[#  28]+0.003*[#   6]
          +0.003*[#   7]+0.003*[#   9]
    |psi|^2 = 0.997
==== e(   8) =     7.72039 eV ==== 
     psi = 0.263*[#  25]+0.263*[#  26]+0.263*[#  28]+0.039*[#   6]+0.039*[#   7]
          +0.039*[#   9]+0.014*[#  16]+0.014*[#  17]+0.014*[#  19]+0.013*[#   2]
          +0.013*[#   3]+0.013*[#   4]+0.007*[#   1]+0.002*[#  11]
    |psi|^2 = 0.996
==== e(   9) =     7.74617 eV ==== 
     psi = 0.256*[#  25]+0.256*[#  26]+0.256*[#  28]+0.038*[#   6]+0.038*[#   7]
          +0.038*[#   9]+0.016*[#   2]+0.016*[#   3]+0.016*[#   4]+0.014*[#  16]
          +0.014*[#  17]+0.014*[#  19]+0.007*[#  15]+0.007*[#  18]+0.006*[#  24]
          +0.006*[#  27]
    |psi|^2 = 0.996
==== e(  10) =     7.74617 eV ==== 
     psi = 0.256*[#  25]+0.256*[#  26]+0.256*[#  28]+0.038*[#   6]+0.038*[#   7]
          +0.038*[#   9]+0.016*[#   2]+0.016*[#   3]+0.016*[#   4]+0.014*[#  16]
          +0.014*[#  17]+0.014*[#  19]+0.007*[#  15]+0.007*[#  18]+0.006*[#  24]
          +0.006*[#  27]
    |psi|^2 = 0.996
==== e(  11) =     9.00590 eV ==== 
     psi = 0.214*[#   6]+0.214*[#   7]+0.214*[#   9]+0.087*[#  16]+0.087*[#  17]
          +0.087*[#  19]+0.015*[#  25]+0.015*[#  26]+0.015*[#  28]+0.012*[#  21]
          +0.012*[#  22]+0.012*[#  23]+0.003*[#  20]+0.002*[#   2]+0.002*[#   3]
          +0.002*[#   4]
    |psi|^2 = 0.998
==== e(  12) =     9.01654 eV ==== 
     psi = 0.212*[#   6]+0.212*[#   7]+0.212*[#   9]+0.090*[#  16]+0.090*[#  17]
          +0.090*[#  19]+0.012*[#  21]+0.012*[#  22]+0.012*[#  23]+0.011*[#  25]
          +0.011*[#  26]+0.011*[#  28]+0.008*[#   5]+0.008*[#   8]+0.001*[#   2]
          +0.001*[#   3]+0.001*[#   4]
    |psi|^2 = 0.999
==== e(  13) =     9.01654 eV ==== 
     psi = 0.212*[#   6]+0.212*[#   7]+0.212*[#   9]+0.090*[#  16]+0.090*[#  17]
          +0.090*[#  19]+0.012*[#  21]+0.012*[#  22]+0.012*[#  23]+0.011*[#  25]
          +0.011*[#  26]+0.011*[#  28]+0.008*[#   5]+0.008*[#   8]+0.001*[#   2]
          +0.001*[#   3]+0.001*[#   4]
    |psi|^2 = 0.999
==== e(  14) =    10.40890 eV ==== 
     psi = 0.320*[#   5]+0.320*[#   8]+0.091*[#  24]+0.091*[#  27]+0.068*[#  15]
          +0.068*[#  18]+0.013*[#  16]+0.013*[#  17]+0.013*[#  19]
    |psi|^2 = 1.000
==== e(  15) =    10.40891 eV ==== 
     psi = 0.320*[#   5]+0.320*[#   8]+0.091*[#  24]+0.091*[#  27]+0.068*[#  15]
          +0.068*[#  18]+0.013*[#  16]+0.013*[#  17]+0.013*[#  19]
    |psi|^2 = 1.000
==== e(  16) =    10.69645 eV ==== 
     psi = 0.221*[#  16]+0.221*[#  17]+0.221*[#  19]+0.074*[#   6]+0.074*[#   7]
          +0.074*[#   9]+0.030*[#  25]+0.030*[#  26]+0.030*[#  28]+0.004*[#   2]
          +0.004*[#   3]+0.004*[#   4]+0.003*[#   1]+0.002*[#  21]+0.002*[#  22]
          +0.002*[#  23]
    |psi|^2 = 0.996
==== e(  17) =    10.76173 eV ==== 
     psi = 0.196*[#  16]+0.196*[#  17]+0.196*[#  19]+0.073*[#   6]+0.073*[#   7]
          +0.073*[#   9]+0.034*[#  25]+0.034*[#  26]+0.034*[#  28]+0.015*[#  24]
          +0.015*[#  27]+0.011*[#   5]+0.011*[#   8]+0.007*[#  15]+0.007*[#  18]
          +0.005*[#   2]+0.005*[#   3]+0.005*[#   4]+0.001*[#  21]+0.001*[#  22]
          +0.001*[#  23]
    |psi|^2 = 0.996
==== e(  18) =    10.76173 eV ==== 
     psi = 0.196*[#  16]+0.196*[#  17]+0.196*[#  19]+0.073*[#   6]+0.073*[#   7]
          +0.073*[#   9]+0.034*[#  25]+0.034*[#  26]+0.034*[#  28]+0.015*[#  24]
          +0.015*[#  27]+0.011*[#   5]+0.011*[#   8]+0.007*[#  15]+0.007*[#  18]
          +0.005*[#   2]+0.005*[#   3]+0.005*[#   4]+0.001*[#  21]+0.001*[#  22]
          +0.001*[#  23]
    |psi|^2 = 0.996
==== e(  19) =    11.30446 eV ==== 
     psi = 0.327*[#  15]+0.327*[#  18]+0.149*[#  24]+0.149*[#  27]+0.011*[#  16]
          +0.011*[#  17]+0.011*[#  19]+0.003*[#  25]+0.003*[#  26]+0.003*[#  28]
          
    |psi|^2 = 0.999
==== e(  20) =    11.30446 eV ==== 
     psi = 0.327*[#  15]+0.327*[#  18]+0.149*[#  24]+0.149*[#  27]+0.011*[#  16]
          +0.011*[#  17]+0.011*[#  19]+0.003*[#  25]+0.003*[#  26]+0.003*[#  28]
          
    |psi|^2 = 0.999
==== e(  21) =    18.93703 eV ==== 
     psi = 0.183*[#   1]+0.098*[#  21]+0.098*[#  22]+0.098*[#  23]+0.085*[#  11]
          +0.072*[#  20]+0.066*[#   2]+0.066*[#   3]+0.066*[#   4]+0.015*[#  25]
          +0.015*[#  26]+0.015*[#  28]+0.007*[#  16]+0.007*[#  17]+0.007*[#  19]
          +0.004*[#   6]+0.004*[#   7]+0.004*[#   9]
    |psi|^2 = 0.912
==== e(  22) =    20.23812 eV ==== 
     psi = 0.355*[#  11]+0.321*[#   1]+0.070*[#  20]+0.053*[#  21]+0.053*[#  22]
          +0.053*[#  23]+0.007*[#   2]+0.007*[#   3]+0.007*[#   4]+0.005*[#  10]
          +0.002*[#  16]+0.002*[#  17]+0.002*[#  19]+0.001*[#   6]+0.001*[#   7]
          +0.001*[#   9]
    |psi|^2 = 0.942
==== e(  23) =    20.31832 eV ==== 
     psi = 0.150*[#  21]+0.150*[#  22]+0.150*[#  23]+0.120*[#   2]+0.120*[#   3]
          +0.120*[#   4]+0.012*[#  25]+0.012*[#  26]+0.012*[#  28]+0.006*[#  16]
          +0.006*[#  17]+0.006*[#  19]+0.003*[#   6]+0.003*[#   7]+0.003*[#   9]
          
    |psi|^2 = 0.874
==== e(  24) =    20.31832 eV ==== 
     psi = 0.150*[#  21]+0.150*[#  22]+0.150*[#  23]+0.120*[#   2]+0.120*[#   3]
          +0.120*[#   4]+0.012*[#  25]+0.012*[#  26]+0.012*[#  28]+0.006*[#  16]
          +0.006*[#  17]+0.006*[#  19]+0.003*[#   6]+0.003*[#   7]+0.003*[#   9]
          
    |psi|^2 = 0.874
==== e(  25) =    21.86709 eV ==== 
     psi = 0.141*[#  20]+0.114*[#   2]+0.114*[#   3]+0.114*[#   4]+0.056*[#  11]
          +0.032*[#   1]+0.004*[#  25]+0.004*[#  26]+0.004*[#  28]+0.003*[#  21]
          +0.003*[#  22]+0.003*[#  23]+0.001*[#  10]
    |psi|^2 = 0.594
==== e(  26) =    22.03267 eV ==== 
     psi = 0.158*[#   2]+0.158*[#   3]+0.158*[#   4]+0.143*[#  21]+0.143*[#  22]
          +0.143*[#  23]+0.010*[#  25]+0.010*[#  26]+0.010*[#  28]+0.002*[#  16]
          +0.002*[#  17]+0.002*[#  19]+0.002*[#   6]+0.002*[#   7]+0.002*[#   9]
          
    |psi|^2 = 0.949
==== e(  27) =    22.03267 eV ==== 
     psi = 0.158*[#   2]+0.158*[#   3]+0.158*[#   4]+0.143*[#  21]+0.143*[#  22]
          +0.143*[#  23]+0.010*[#  25]+0.010*[#  26]+0.010*[#  28]+0.002*[#  16]
          +0.002*[#  17]+0.002*[#  19]+0.002*[#   6]+0.002*[#   7]+0.002*[#   9]
          
    |psi|^2 = 0.949
==== e(  28) =    22.43050 eV ==== 
     psi = 0.084*[#  20]+0.067*[#   2]+0.067*[#   3]+0.067*[#   4]+0.066*[#  11]
          +0.035*[#   1]+0.021*[#  21]+0.021*[#  22]+0.021*[#  23]+0.003*[#  25]
          +0.003*[#  26]+0.003*[#  28]+0.002*[#  10]
    |psi|^2 = 0.462

 k =  -0.1666666667  0.1666666667 -0.1666666667
==== e(   1) =   -91.24319 eV ==== 
     psi = 0.958*[#  10]+0.007*[#  20]+0.006*[#  21]+0.006*[#  22]+0.006*[#  23]
          +0.004*[#  11]+0.004*[#   2]+0.004*[#   3]+0.004*[#   4]+0.001*[#   1]
          
    |psi|^2 = 1.000
==== e(   2) =   -51.63465 eV ==== 
     psi = 0.333*[#  12]+0.333*[#  13]+0.333*[#  14]
    |psi|^2 = 1.000
==== e(   3) =   -51.63442 eV ==== 
     psi = 0.333*[#  12]+0.333*[#  13]+0.333*[#  14]
    |psi|^2 = 1.000
==== e(   4) =   -51.63442 eV ==== 
     psi = 0.333*[#  12]+0.333*[#  13]+0.333*[#  14]
    |psi|^2 = 1.000
==== e(   5) =     4.14786 eV ==== 
     psi = 0.281*[#  20]+0.219*[#   1]+0.211*[#  11]+0.045*[#  21]+0.045*[#  22]
          +0.045*[#  23]+0.043*[#   2]+0.043*[#   3]+0.043*[#   4]+0.014*[#  10]
          
    |psi|^2 = 0.996
==== e(   6) =     7.61371 eV ==== 
     psi = 0.195*[#  24]+0.195*[#  27]+0.138*[#   5]+0.138*[#   8]+0.061*[#  15]
          +0.061*[#  18]+0.055*[#  25]+0.055*[#  26]+0.055*[#  28]+0.012*[#   6]
          +0.012*[#   7]+0.012*[#   9]+0.002*[#   2]+0.002*[#   3]+0.002*[#   4]
          
    |psi|^2 = 0.996
==== e(   7) =     7.61371 eV ==== 
     psi = 0.195*[#  24]+0.195*[#  27]+0.138*[#   5]+0.138*[#   8]+0.061*[#  15]
          +0.061*[#  18]+0.055*[#  25]+0.055*[#  26]+0.055*[#  28]+0.012*[#   6]
          +0.012*[#   7]+0.012*[#   9]+0.002*[#   2]+0.002*[#   3]+0.002*[#   4]
          
    |psi|^2 = 0.996
==== e(   8) =     7.66501 eV ==== 
     psi = 0.257*[#  25]+0.257*[#  26]+0.257*[#  28]+0.040*[#   6]+0.040*[#   7]
          +0.040*[#   9]+0.020*[#   1]+0.017*[#  16]+0.017*[#  17]+0.017*[#  19]
          +0.008*[#  11]+0.008*[#   2]+0.008*[#   3]+0.008*[#   4]+0.001*[#  20]
          
    |psi|^2 = 0.996
==== e(   9) =     7.76605 eV ==== 
     psi = 0.197*[#  25]+0.197*[#  26]+0.197*[#  28]+0.054*[#  24]+0.054*[#  27]
          +0.035*[#   6]+0.035*[#   7]+0.035*[#   9]+0.031*[#  15]+0.031*[#  18]
          +0.019*[#  16]+0.019*[#  17]+0.019*[#  19]+0.016*[#   5]+0.016*[#   8]
          +0.013*[#   2]+0.013*[#   3]+0.013*[#   4]
    |psi|^2 = 0.998
==== e(  10) =     7.76606 eV ==== 
     psi = 0.197*[#  25]+0.197*[#  26]+0.197*[#  28]+0.054*[#  24]+0.054*[#  27]
          +0.035*[#   6]+0.035*[#   7]+0.035*[#   9]+0.031*[#  15]+0.031*[#  18]
          +0.019*[#  16]+0.019*[#  17]+0.019*[#  19]+0.016*[#   5]+0.016*[#   8]
          +0.013*[#   2]+0.013*[#   3]+0.013*[#   4]
    |psi|^2 = 0.998
==== e(  11) =     9.01617 eV ==== 
     psi = 0.210*[#   6]+0.210*[#   7]+0.210*[#   9]+0.068*[#  16]+0.068*[#  17]
          +0.068*[#  19]+0.024*[#  25]+0.024*[#  26]+0.024*[#  28]+0.016*[#  21]
          +0.016*[#  22]+0.016*[#  23]+0.012*[#  20]+0.007*[#   1]+0.006*[#   2]
          +0.006*[#   3]+0.006*[#   4]+0.006*[#  11]
    |psi|^2 = 0.997
==== e(  12) =     9.07794 eV ==== 
     psi = 0.204*[#   6]+0.204*[#   7]+0.204*[#   9]+0.079*[#  16]+0.079*[#  17]
          +0.079*[#  19]+0.031*[#   5]+0.031*[#   8]+0.013*[#  25]+0.013*[#  26]
          +0.013*[#  28]+0.012*[#  21]+0.012*[#  22]+0.012*[#  23]+0.004*[#  15]
          +0.004*[#  18]+0.002*[#   2]+0.002*[#   3]+0.002*[#   4]+0.001*[#  24]
          +0.001*[#  27]
    |psi|^2 = 0.999
==== e(  13) =     9.07794 eV ==== 
     psi = 0.204*[#   6]+0.204*[#   7]+0.204*[#   9]+0.079*[#  16]+0.079*[#  17]
          +0.079*[#  19]+0.031*[#   5]+0.031*[#   8]+0.013*[#  25]+0.013*[#  26]
          +0.013*[#  28]+0.012*[#  21]+0.012*[#  22]+0.012*[#  23]+0.004*[#  15]
          +0.004*[#  18]+0.002*[#   2]+0.002*[#   3]+0.002*[#   4]+0.001*[#  24]
          +0.001*[#  27]
    |psi|^2 = 0.999
==== e(  14) =    10.35021 eV ==== 
     psi = 0.269*[#   5]+0.269*[#   8]+0.073*[#  24]+0.073*[#  27]+0.066*[#  15]
          +0.066*[#  18]+0.049*[#  16]+0.049*[#  17]+0.049*[#  19]+0.008*[#   6]
          +0.008*[#   7]+0.008*[#   9]+0.003*[#  25]+0.003*[#  26]+0.003*[#  28]
          
    |psi|^2 = 0.999
==== e(  15) =    10.35021 eV ==== 
     psi = 0.269*[#   5]+0.269*[#   8]+0.073*[#  24]+0.073*[#  27]+0.066*[#  15]
          +0.066*[#  18]+0.049*[#  16]+0.049*[#  17]+0.049*[#  19]+0.008*[#   6]
          +0.008*[#   7]+0.008*[#   9]+0.003*[#  25]+0.003*[#  26]+0.003*[#  28]
          
    |psi|^2 = 0.999
==== e(  16) =    10.49996 eV ==== 
     psi = 0.230*[#  16]+0.230*[#  17]+0.230*[#  19]+0.074*[#   6]+0.074*[#   7]
          +0.074*[#   9]+0.018*[#  25]+0.018*[#  26]+0.018*[#  28]+0.009*[#   1]
          +0.003*[#  21]+0.003*[#  22]+0.003*[#  23]+0.003*[#   2]+0.003*[#   3]
          +0.003*[#   4]+0.002*[#  11]+0.002*[#  20]
    |psi|^2 = 0.997
==== e(  17) =    10.74641 eV ==== 
     psi = 0.138*[#  16]+0.138*[#  17]+0.138*[#  19]+0.065*[#   6]+0.065*[#   7]
          +0.065*[#   9]+0.053*[#  24]+0.053*[#  27]+0.045*[#   5]+0.045*[#   8]
          +0.042*[#  15]+0.042*[#  18]+0.031*[#  25]+0.031*[#  26]+0.031*[#  28]
          +0.004*[#   2]+0.004*[#   3]+0.004*[#   4]+0.001*[#  21]+0.001*[#  22]
          +0.001*[#  23]
    |psi|^2 = 0.996
==== e(  18) =    10.74641 eV ==== 
     psi = 0.138*[#  16]+0.138*[#  17]+0.138*[#  19]+0.065*[#   6]+0.065*[#   7]
          +0.065*[#   9]+0.053*[#  24]+0.053*[#  27]+0.045*[#   5]+0.045*[#   8]
          +0.042*[#  15]+0.042*[#  18]+0.031*[#  25]+0.031*[#  26]+0.031*[#  28]
          +0.004*[#   2]+0.004*[#   3]+0.004*[#   4]+0.001*[#  21]+0.001*[#  22]
          +0.001*[#  23]
    |psi|^2 = 0.996
==== e(  19) =    11.30231 eV ==== 
     psi = 0.293*[#  15]+0.293*[#  18]+0.121*[#  24]+0.121*[#  27]+0.039*[#  16]
          +0.039*[#  17]+0.039*[#  19]+0.013*[#  25]+0.013*[#  26]+0.013*[#  28]
          +0.004*[#   6]+0.004*[#   7]+0.004*[#   9]
    |psi|^2 = 0.998
==== e(  20) =    11.30231 eV ==== 
     psi = 0.293*[#  15]+0.293*[#  18]+0.121*[#  24]+0.121*[#  27]+0.039*[#  16]
          +0.039*[#  17]+0.039*[#  19]+0.013*[#  25]+0.013*[#  26]+0.013*[#  28]
          +0.004*[#   6]+0.004*[#   7]+0.004*[#   9]
    |psi|^2 = 0.998
==== e(  21) =    16.91631 eV ==== 
     psi = 0.167*[#  20]+0.145*[#   1]+0.094*[#  21]+0.094*[#  22]+0.094*[#  23]
          +0.056*[#  11]+0.048*[#   2]+0.048*[#   3]+0.048*[#   4]+0.024*[#  25]
          +0.024*[#  26]+0.024*[#  28]+0.015*[#  16]+0.015*[#  17]+0.015*[#  19]
          +0.007*[#   6]+0.007*[#   7]+0.007*[#   9]+0.001*[#  10]
    |psi|^2 = 0.937
==== e(  22) =    19.50217 eV ==== 
     psi = 0.159*[#  21]+0.159*[#  22]+0.159*[#  23]+0.113*[#   2]+0.113*[#   3]
          +0.113*[#   4]+0.012*[#  25]+0.012*[#  26]+0.012*[#  28]+0.007*[#  16]
          +0.007*[#  17]+0.007*[#  19]+0.004*[#   6]+0.004*[#   7]+0.004*[#   9]
          +0.002*[#  15]+0.002*[#  18]
    |psi|^2 = 0.885
==== e(  23) =    19.50217 eV ==== 
     psi = 0.159*[#  21]+0.159*[#  22]+0.159*[#  23]+0.113*[#   2]+0.113*[#   3]
          +0.113*[#   4]+0.012*[#  25]+0.012*[#  26]+0.012*[#  28]+0.007*[#  16]
          +0.007*[#  17]+0.007*[#  19]+0.004*[#   6]+0.004*[#   7]+0.004*[#   9]
          +0.002*[#  15]+0.002*[#  18]
    |psi|^2 = 0.885
==== e(  24) =    20.21608 eV ==== 
     psi = 0.310*[#   1]+0.299*[#  11]+0.139*[#  20]+0.034*[#  21]+0.034*[#  22]
          +0.034*[#  23]+0.010*[#   2]+0.010*[#   3]+0.010*[#   4]+0.005*[#  10]
          +0.004*[#  25]+0.004*[#  26]+0.004*[#  28]+0.002*[#  16]+0.002*[#  17]
          +0.002*[#  19]+0.001*[#   6]+0.001*[#   7]+0.001*[#   9]
    |psi|^2 = 0.907
==== e(  25) =    21.86580 eV ==== 
     psi = 0.121*[#  11]+0.109*[#   2]+0.109*[#   3]+0.109*[#   4]+0.061*[#   1]
          +0.008*[#  21]+0.008*[#  22]+0.008*[#  23]+0.005*[#  10]+0.002*[#  25]
          +0.002*[#  26]+0.002*[#  28]+0.001*[#  20]
    |psi|^2 = 0.546
==== e(  26) =    22.08155 eV ==== 
     psi = 0.130*[#   2]+0.130*[#   3]+0.130*[#   4]+0.034*[#  21]+0.034*[#  22]
          +0.034*[#  23]+0.005*[#  25]+0.005*[#  26]+0.005*[#  28]+0.002*[#  24]
          +0.002*[#  27]
    |psi|^2 = 0.518
==== e(  27) =    22.08155 eV ==== 
     psi = 0.130*[#   2]+0.130*[#   3]+0.130*[#   4]+0.034*[#  21]+0.034*[#  22]
          +0.034*[#  23]+0.005*[#  25]+0.005*[#  26]+0.005*[#  28]+0.002*[#  24]
          +0.002*[#  27]
    |psi|^2 = 0.518
==== e(  28) =    22.75503 eV ==== 
     psi = 0.232*[#  20]+0.147*[#  11]+0.081*[#   1]+0.051*[#   2]+0.051*[#   3]
          +0.051*[#   4]+0.004*[#  10]+0.002*[#  25]+0.002*[#  26]+0.002*[#  28]
          
    |psi|^2 = 0.627

 k =  -0.2500000000  0.2500000000 -0.2500000000
==== e(   1) =   -91.24308 eV ==== 
     psi = 0.951*[#  10]+0.007*[#  21]+0.007*[#  22]+0.007*[#  23]+0.007*[#  11]
          +0.005*[#   2]+0.005*[#   3]+0.005*[#   4]+0.003*[#  20]
    |psi|^2 = 1.000
==== e(   2) =   -51.63460 eV ==== 
     psi = 0.333*[#  12]+0.333*[#  13]+0.333*[#  14]
    |psi|^2 = 1.000
==== e(   3) =   -51.63447 eV ==== 
     psi = 0.333*[#  12]+0.333*[#  13]+0.333*[#  14]
    |psi|^2 = 1.000
==== e(   4) =   -51.63447 eV ==== 
     psi = 0.333*[#  12]+0.333*[#  13]+0.333*[#  14]
    |psi|^2 = 1.000
==== e(   5) =     4.62573 eV ==== 
     psi = 0.245*[#  20]+0.177*[#   1]+0.161*[#  11]+0.063*[#   2]+0.063*[#   3]
          +0.063*[#   4]+0.062*[#  21]+0.062*[#  22]+0.062*[#  23]+0.015*[#  10]
          +0.004*[#  25]+0.004*[#  26]+0.004*[#  28]+0.002*[#   6]+0.002*[#   7]
          +0.002*[#   9]+0.001*[#  16]+0.001*[#  17]+0.001*[#  19]
    |psi|^2 = 0.997
==== e(   6) =     7.62107 eV ==== 
     psi = 0.248*[#  25]+0.248*[#  26]+0.248*[#  28]+0.039*[#   6]+0.039*[#   7]
          +0.039*[#   9]+0.029*[#   1]+0.019*[#  11]+0.019*[#  16]+0.019*[#  17]
          +0.019*[#  19]+0.006*[#   2]+0.006*[#   3]+0.006*[#   4]+0.003*[#  20]
          +0.003*[#  21]+0.003*[#  22]+0.003*[#  23]
    |psi|^2 = 0.997
==== e(   7) =     7.62609 eV ==== 
     psi = 0.143*[#  25]+0.143*[#  26]+0.143*[#  28]+0.111*[#  24]+0.111*[#  27]
          +0.094*[#   5]+0.094*[#   8]+0.035*[#  15]+0.035*[#  18]+0.019*[#   6]
          +0.019*[#   7]+0.019*[#   9]+0.007*[#   2]+0.007*[#   3]+0.007*[#   4]
          +0.003*[#  16]+0.003*[#  17]+0.003*[#  19]
    |psi|^2 = 0.996
==== e(   8) =     7.62609 eV ==== 
     psi = 0.143*[#  25]+0.143*[#  26]+0.143*[#  28]+0.111*[#  24]+0.111*[#  27]
          +0.094*[#   5]+0.094*[#   8]+0.035*[#  15]+0.035*[#  18]+0.019*[#   6]
          +0.019*[#   7]+0.019*[#   9]+0.007*[#   2]+0.007*[#   3]+0.007*[#   4]
          +0.003*[#  16]+0.003*[#  17]+0.003*[#  19]
    |psi|^2 = 0.996
==== e(   9) =     7.84722 eV ==== 
     psi = 0.147*[#  24]+0.147*[#  27]+0.097*[#  25]+0.097*[#  26]+0.097*[#  28]
          +0.050*[#  15]+0.050*[#  18]+0.050*[#   5]+0.050*[#   8]+0.041*[#   6]
          +0.041*[#   7]+0.041*[#   9]+0.023*[#  16]+0.023*[#  17]+0.023*[#  19]
          +0.007*[#   2]+0.007*[#   3]+0.007*[#   4]
    |psi|^2 = 0.998
==== e(  10) =     7.84722 eV ==== 
     psi = 0.147*[#  24]+0.147*[#  27]+0.097*[#  25]+0.097*[#  26]+0.097*[#  28]
          +0.050*[#  15]+0.050*[#  18]+0.050*[#   5]+0.050*[#   8]+0.041*[#   6]
          +0.041*[#   7]+0.041*[#   9]+0.023*[#  16]+0.023*[#  17]+0.023*[#  19]
          +0.007*[#   2]+0.007*[#   3]+0.007*[#   4]
    |psi|^2 = 0.998
==== e(  11) =     8.96755 eV ==== 
     psi = 0.197*[#   6]+0.197*[#   7]+0.197*[#   9]+0.046*[#  16]+0.046*[#  17]
          +0.046*[#  19]+0.030*[#  21]+0.030*[#  22]+0.030*[#  23]+0.026*[#  25]
          +0.026*[#  26]+0.026*[#  28]+0.024*[#  20]+0.021*[#   1]+0.019*[#  11]
          +0.011*[#   2]+0.011*[#   3]+0.011*[#   4]+0.001*[#  10]
    |psi|^2 = 0.997
==== e(  12) =     9.16718 eV ==== 
     psi = 0.185*[#   6]+0.185*[#   7]+0.185*[#   9]+0.067*[#   5]+0.067*[#   8]
          +0.064*[#  16]+0.064*[#  17]+0.064*[#  19]+0.013*[#  25]+0.013*[#  26]
          +0.013*[#  28]+0.013*[#  15]+0.013*[#  18]+0.012*[#  21]+0.012*[#  22]
          +0.012*[#  23]+0.004*[#  24]+0.004*[#  27]+0.003*[#   2]+0.003*[#   3]
          +0.003*[#   4]
    |psi|^2 = 0.999
==== e(  13) =     9.16718 eV ==== 
     psi = 0.185*[#   6]+0.185*[#   7]+0.185*[#   9]+0.067*[#   5]+0.067*[#   8]
          +0.064*[#  16]+0.064*[#  17]+0.064*[#  19]+0.013*[#  25]+0.013*[#  26]
          +0.013*[#  28]+0.013*[#  15]+0.013*[#  18]+0.012*[#  21]+0.012*[#  22]
          +0.012*[#  23]+0.004*[#  24]+0.004*[#  27]+0.003*[#   2]+0.003*[#   3]
          +0.003*[#   4]
    |psi|^2 = 0.999
==== e(  14) =    10.21632 eV ==== 
     psi = 0.212*[#   5]+0.212*[#   8]+0.079*[#  16]+0.079*[#  17]+0.079*[#  19]
          +0.060*[#  15]+0.060*[#  18]+0.056*[#  24]+0.056*[#  27]+0.026*[#   6]
          +0.026*[#   7]+0.026*[#   9]+0.006*[#  25]+0.006*[#  26]+0.006*[#  28]
          +0.002*[#   2]+0.002*[#   3]+0.002*[#   4]
    |psi|^2 = 0.999
==== e(  15) =    10.21632 eV ==== 
     psi = 0.212*[#   5]+0.212*[#   8]+0.079*[#  16]+0.079*[#  17]+0.079*[#  19]
          +0.060*[#  15]+0.060*[#  18]+0.056*[#  24]+0.056*[#  27]+0.026*[#   6]
          +0.026*[#   7]+0.026*[#   9]+0.006*[#  25]+0.006*[#  26]+0.006*[#  28]
          +0.002*[#   2]+0.002*[#   3]+0.002*[#   4]
    |psi|^2 = 0.999
==== e(  16) =    10.26889 eV ==== 
     psi = 0.234*[#  16]+0.234*[#  17]+0.234*[#  19]+0.080*[#   6]+0.080*[#   7]
          +0.080*[#   9]+0.014*[#   1]+0.006*[#  20]+0.005*[#  21]+0.005*[#  22]
          +0.005*[#  23]+0.005*[#  25]+0.005*[#  26]+0.005*[#  28]+0.002*[#   2]
          +0.002*[#   3]+0.002*[#   4]+0.001*[#  11]
    |psi|^2 = 0.998
==== e(  17) =    10.76123 eV ==== 
     psi = 0.106*[#  15]+0.106*[#  18]+0.087*[#  24]+0.087*[#  27]+0.078*[#  16]
          +0.078*[#  17]+0.078*[#  19]+0.073*[#   5]+0.073*[#   8]+0.046*[#   6]
          +0.046*[#   7]+0.046*[#   9]+0.026*[#  25]+0.026*[#  26]+0.026*[#  28]
          +0.003*[#   2]+0.003*[#   3]+0.003*[#   4]+0.001*[#  21]+0.001*[#  22]
          +0.001*[#  23]
    |psi|^2 = 0.997
==== e(  18) =    10.76123 eV ==== 
     psi = 0.106*[#  15]+0.106*[#  18]+0.087*[#  24]+0.087*[#  27]+0.078*[#  16]
          +0.078*[#  17]+0.078*[#  19]+0.073*[#   5]+0.073*[#   8]+0.046*[#   6]
          +0.046*[#   7]+0.046*[#   9]+0.026*[#  25]+0.026*[#  26]+0.026*[#  28]
          +0.003*[#   2]+0.003*[#   3]+0.003*[#   4]+0.001*[#  21]+0.001*[#  22]
          +0.001*[#  23]
    |psi|^2 = 0.997
==== e(  19) =    11.30832 eV ==== 
     psi = 0.229*[#  15]+0.229*[#  18]+0.091*[#  24]+0.091*[#  27]+0.077*[#  16]
          +0.077*[#  17]+0.077*[#  19]+0.029*[#  25]+0.029*[#  26]+0.029*[#  28]
          +0.012*[#   6]+0.012*[#   7]+0.012*[#   9]+0.001*[#   2]+0.001*[#   3]
          +0.001*[#   4]
    |psi|^2 = 0.998
==== e(  20) =    11.30832 eV ==== 
     psi = 0.229*[#  15]+0.229*[#  18]+0.091*[#  24]+0.091*[#  27]+0.077*[#  16]
          +0.077*[#  17]+0.077*[#  19]+0.029*[#  25]+0.029*[#  26]+0.029*[#  28]
          +0.012*[#   6]+0.012*[#   7]+0.012*[#   9]+0.001*[#   2]+0.001*[#   3]
          +0.001*[#   4]
    |psi|^2 = 0.998
==== e(  21) =    15.06327 eV ==== 
     psi = 0.187*[#  20]+0.112*[#   1]+0.080*[#  21]+0.080*[#  22]+0.080*[#  23]
          +0.060*[#  11]+0.041*[#   2]+0.041*[#   3]+0.041*[#   4]+0.039*[#  25]
          +0.039*[#  26]+0.039*[#  28]+0.030*[#  16]+0.030*[#  17]+0.030*[#  19]
          +0.014*[#   6]+0.014*[#   7]+0.014*[#   9]+0.001*[#  10]
    |psi|^2 = 0.973
==== e(  22) =    18.77261 eV ==== 
     psi = 0.166*[#  21]+0.166*[#  22]+0.166*[#  23]+0.106*[#   2]+0.106*[#   3]
          +0.106*[#   4]+0.009*[#  25]+0.009*[#  26]+0.009*[#  28]+0.007*[#  16]
          +0.007*[#  17]+0.007*[#  19]+0.004*[#  15]+0.004*[#  18]+0.004*[#   6]
          +0.004*[#   7]+0.004*[#   9]+0.002*[#   5]+0.002*[#   8]
    |psi|^2 = 0.888
==== e(  23) =    18.77261 eV ==== 
     psi = 0.166*[#  21]+0.166*[#  22]+0.166*[#  23]+0.106*[#   2]+0.106*[#   3]
          +0.106*[#   4]+0.009*[#  25]+0.009*[#  26]+0.009*[#  28]+0.007*[#  16]
          +0.007*[#  17]+0.007*[#  19]+0.004*[#  15]+0.004*[#  18]+0.004*[#   6]
          +0.004*[#   7]+0.004*[#   9]+0.002*[#   5]+0.002*[#   8]
    |psi|^2 = 0.888
==== e(  24) =    20.12812 eV ==== 
     psi = 0.264*[#   1]+0.235*[#  11]+0.165*[#  20]+0.034*[#  21]+0.034*[#  22]
          +0.034*[#  23]+0.028*[#   2]+0.028*[#   3]+0.028*[#   4]+0.008*[#  10]
          +0.005*[#  25]+0.005*[#  26]+0.005*[#  28]+0.001*[#  16]+0.001*[#  17]
          +0.001*[#  19]+0.001*[#   6]+0.001*[#   7]+0.001*[#   9]
    |psi|^2 = 0.880
==== e(  25) =    21.69300 eV ==== 
     psi = 0.301*[#  11]+0.188*[#   1]+0.079*[#  20]+0.058*[#   2]+0.058*[#   3]
          +0.058*[#   4]+0.011*[#  10]+0.006*[#  25]+0.006*[#  26]+0.006*[#  28]
          +0.004*[#  21]+0.004*[#  22]+0.004*[#  23]+0.001*[#  16]+0.001*[#  17]
          +0.001*[#  19]
    |psi|^2 = 0.790
==== e(  26) =    21.82710 eV ==== 
     psi = 0.130*[#   2]+0.130*[#   3]+0.130*[#   4]+0.021*[#  21]+0.021*[#  22]
          +0.021*[#  23]+0.006*[#  25]+0.006*[#  26]+0.006*[#  28]+0.003*[#  24]
          +0.003*[#  27]+0.001*[#  15]+0.001*[#  18]
    |psi|^2 = 0.483
==== e(  27) =    21.82710 eV ==== 
     psi = 0.130*[#   2]+0.130*[#   3]+0.130*[#   4]+0.021*[#  21]+0.021*[#  22]
          +0.021*[#  23]+0.006*[#  25]+0.006*[#  26]+0.006*[#  28]+0.003*[#  24]
          +0.003*[#  27]+0.001*[#  15]+0.001*[#  18]
    |psi|^2 = 0.483
==== e(  28) =    23.69425 eV ==== 
     psi = 0.180*[#  20]+0.104*[#  11]+0.072*[#   1]+0.068*[#   2]+0.068*[#   3]
          +0.068*[#   4]+0.019*[#  21]+0.019*[#  22]+0.019*[#  23]+0.002*[#  10]
          
    |psi|^2 = 0.618

 k =  -0.3333333333  0.3333333333 -0.3333333333
==== e(   1) =   -91.24304 eV ==== 
     psi = 0.950*[#  10]+0.007*[#  11]+0.007*[#  21]+0.007*[#  22]+0.007*[#  23]
          +0.006*[#   2]+0.006*[#   3]+0.006*[#   4]+0.002*[#  20]
    |psi|^2 = 1.000
==== e(   2) =   -51.63465 eV ==== 
     psi = 0.332*[#  12]+0.332*[#  13]+0.332*[#  14]
    |psi|^2 = 1.000
==== e(   3) =   -51.63452 eV ==== 
     psi = 0.333*[#  12]+0.333*[#  13]+0.333*[#  14]
    |psi|^2 = 1.000
==== e(   4) =   -51.63452 eV ==== 
     psi = 0.333*[#  12]+0.333*[#  13]+0.333*[#  14]
    |psi|^2 = 1.000
==== e(   5) =     5.21097 eV ==== 
     psi = 0.235*[#  20]+0.157*[#   1]+0.128*[#  11]+0.073*[#   2]+0.073*[#   3]
          +0.073*[#   4]+0.058*[#  21]+0.058*[#  22]+0.058*[#  23]+0.017*[#  25]
          +0.017*[#  26]+0.017*[#  28]+0.013*[#  10]+0.004*[#   6]+0.004*[#   7]
          +0.004*[#   9]+0.002*[#  16]+0.002*[#  17]+0.002*[#  19]
    |psi|^2 = 0.997
==== e(   6) =     7.61305 eV ==== 
     psi = 0.178*[#  25]+0.178*[#  26]+0.178*[#  28]+0.075*[#   5]+0.075*[#   8]
          +0.072*[#  24]+0.072*[#  27]+0.031*[#  15]+0.031*[#  18]+0.019*[#   6]
          +0.019*[#   7]+0.019*[#   9]+0.009*[#   2]+0.009*[#   3]+0.009*[#   4]
          +0.007*[#  16]+0.007*[#  17]+0.007*[#  19]
    |psi|^2 = 0.996
==== e(   7) =     7.61306 eV ==== 
     psi = 0.178*[#  25]+0.178*[#  26]+0.178*[#  28]+0.075*[#   5]+0.075*[#   8]
          +0.072*[#  24]+0.072*[#  27]+0.031*[#  15]+0.031*[#  18]+0.019*[#   6]
          +0.019*[#   7]+0.019*[#   9]+0.009*[#   2]+0.009*[#   3]+0.009*[#   4]
          +0.007*[#  16]+0.007*[#  17]+0.007*[#  19]
    |psi|^2 = 0.996
==== e(   8) =     7.63156 eV ==== 
     psi = 0.228*[#  25]+0.228*[#  26]+0.228*[#  28]+0.042*[#   6]+0.042*[#   7]
          +0.042*[#   9]+0.035*[#   1]+0.027*[#  11]+0.021*[#  16]+0.021*[#  17]
          +0.021*[#  19]+0.011*[#  21]+0.011*[#  22]+0.011*[#  23]+0.010*[#  20]
          +0.006*[#   2]+0.006*[#   3]+0.006*[#   4]+0.001*[#  10]
    |psi|^2 = 0.998
==== e(   9) =     7.97160 eV ==== 
     psi = 0.199*[#  24]+0.199*[#  27]+0.058*[#   6]+0.058*[#   7]+0.058*[#   9]
          +0.053*[#   5]+0.053*[#   8]+0.050*[#  25]+0.050*[#  26]+0.050*[#  28]
          +0.039*[#  15]+0.039*[#  18]+0.027*[#  16]+0.027*[#  17]+0.027*[#  19]
          +0.004*[#   2]+0.004*[#   3]+0.004*[#   4]
    |psi|^2 = 0.998
==== e(  10) =     7.97160 eV ==== 
     psi = 0.199*[#  24]+0.199*[#  27]+0.058*[#   6]+0.058*[#   7]+0.058*[#   9]
          +0.053*[#   5]+0.053*[#   8]+0.050*[#  25]+0.050*[#  26]+0.050*[#  28]
          +0.039*[#  15]+0.039*[#  18]+0.027*[#  16]+0.027*[#  17]+0.027*[#  19]
          +0.004*[#   2]+0.004*[#   3]+0.004*[#   4]
    |psi|^2 = 0.998
==== e(  11) =     8.80050 eV ==== 
     psi = 0.160*[#   6]+0.160*[#   7]+0.160*[#   9]+0.059*[#  21]+0.059*[#  22]
          +0.059*[#  23]+0.041*[#   1]+0.039*[#  16]+0.039*[#  17]+0.039*[#  19]
          +0.036*[#  11]+0.035*[#  20]+0.022*[#   2]+0.022*[#   3]+0.022*[#   4]
          +0.014*[#  25]+0.014*[#  26]+0.014*[#  28]+0.003*[#  10]
    |psi|^2 = 0.997
==== e(  12) =     9.26871 eV ==== 
     psi = 0.151*[#   6]+0.151*[#   7]+0.151*[#   9]+0.115*[#   5]+0.115*[#   8]
          +0.051*[#  16]+0.051*[#  17]+0.051*[#  19]+0.031*[#  15]+0.031*[#  18]
          +0.011*[#  21]+0.011*[#  22]+0.011*[#  23]+0.011*[#  25]+0.011*[#  26]
          +0.011*[#  28]+0.010*[#  24]+0.010*[#  27]+0.004*[#   2]+0.004*[#   3]
          +0.004*[#   4]
    |psi|^2 = 0.998
==== e(  13) =     9.26871 eV ==== 
     psi = 0.151*[#   6]+0.151*[#   7]+0.151*[#   9]+0.115*[#   5]+0.115*[#   8]
          +0.051*[#  16]+0.051*[#  17]+0.051*[#  19]+0.031*[#  15]+0.031*[#  18]
          +0.011*[#  21]+0.011*[#  22]+0.011*[#  23]+0.011*[#  25]+0.011*[#  26]
          +0.011*[#  28]+0.010*[#  24]+0.010*[#  27]+0.004*[#   2]+0.004*[#   3]
          +0.004*[#   4]
    |psi|^2 = 0.998
==== e(  14) =    10.02663 eV ==== 
     psi = 0.176*[#   5]+0.176*[#   8]+0.086*[#  16]+0.086*[#  17]+0.086*[#  19]
          +0.057*[#  15]+0.057*[#  18]+0.051*[#   6]+0.051*[#   7]+0.051*[#   9]
          +0.041*[#  24]+0.041*[#  27]+0.010*[#  25]+0.010*[#  26]+0.010*[#  28]
          +0.002*[#   2]+0.002*[#   3]+0.002*[#   4]+0.001*[#  21]+0.001*[#  22]
          +0.001*[#  23]
    |psi|^2 = 0.999
==== e(  15) =    10.02663 eV ==== 
     psi = 0.176*[#   5]+0.176*[#   8]+0.086*[#  16]+0.086*[#  17]+0.086*[#  19]
          +0.057*[#  15]+0.057*[#  18]+0.051*[#   6]+0.051*[#   7]+0.051*[#   9]
          +0.041*[#  24]+0.041*[#  27]+0.010*[#  25]+0.010*[#  26]+0.010*[#  28]
          +0.002*[#   2]+0.002*[#   3]+0.002*[#   4]+0.001*[#  21]+0.001*[#  22]
          +0.001*[#  23]
    |psi|^2 = 0.999
==== e(  16) =    10.09672 eV ==== 
     psi = 0.210*[#  16]+0.210*[#  17]+0.210*[#  19]+0.100*[#   6]+0.100*[#   7]
          +0.100*[#   9]+0.020*[#   1]+0.011*[#  20]+0.009*[#  21]+0.009*[#  22]
          +0.009*[#  23]+0.002*[#   2]+0.002*[#   3]+0.002*[#   4]+0.002*[#  11]
          
    |psi|^2 = 0.998
==== e(  17) =    10.80562 eV ==== 
     psi = 0.186*[#  15]+0.186*[#  18]+0.106*[#  24]+0.106*[#  27]+0.074*[#   5]
          +0.074*[#   8]+0.040*[#  16]+0.040*[#  17]+0.040*[#  19]+0.026*[#   6]
          +0.026*[#   7]+0.026*[#   9]+0.020*[#  25]+0.020*[#  26]+0.020*[#  28]
          +0.002*[#   2]+0.002*[#   3]+0.002*[#   4]+0.001*[#  21]+0.001*[#  22]
          +0.001*[#  23]
    |psi|^2 = 0.998
==== e(  18) =    10.80562 eV ==== 
     psi = 0.186*[#  15]+0.186*[#  18]+0.106*[#  24]+0.106*[#  27]+0.074*[#   5]
          +0.074*[#   8]+0.040*[#  16]+0.040*[#  17]+0.040*[#  19]+0.026*[#   6]
          +0.026*[#   7]+0.026*[#   9]+0.020*[#  25]+0.020*[#  26]+0.020*[#  28]
          +0.002*[#   2]+0.002*[#   3]+0.002*[#   4]+0.001*[#  21]+0.001*[#  22]
          +0.001*[#  23]
    |psi|^2 = 0.998
==== e(  19) =    11.32039 eV ==== 
     psi = 0.144*[#  15]+0.144*[#  18]+0.115*[#  16]+0.115*[#  17]+0.115*[#  19]
          +0.067*[#  24]+0.067*[#  27]+0.050*[#  25]+0.050*[#  26]+0.050*[#  28]
          +0.024*[#   6]+0.024*[#   7]+0.024*[#   9]+0.002*[#   5]+0.002*[#   8]
          +0.002*[#   2]+0.002*[#   3]+0.002*[#   4]
    |psi|^2 = 0.998
==== e(  20) =    11.32039 eV ==== 
     psi = 0.144*[#  15]+0.144*[#  18]+0.115*[#  16]+0.115*[#  17]+0.115*[#  19]
          +0.067*[#  24]+0.067*[#  27]+0.050*[#  25]+0.050*[#  26]+0.050*[#  28]
          +0.024*[#   6]+0.024*[#   7]+0.024*[#   9]+0.002*[#   5]+0.002*[#   8]
          +0.002*[#   2]+0.002*[#   3]+0.002*[#   4]
    |psi|^2 = 0.998
==== e(  21) =    13.50560 eV ==== 
     psi = 0.149*[#  20]+0.070*[#   1]+0.059*[#  25]+0.059*[#  26]+0.059*[#  28]
          +0.059*[#  21]+0.059*[#  22]+0.059*[#  23]+0.058*[#  16]+0.058*[#  17]
          +0.058*[#  19]+0.050*[#  11]+0.040*[#   2]+0.040*[#   3]+0.040*[#   4]
          +0.025*[#   6]+0.025*[#   7]+0.025*[#   9]
    |psi|^2 = 0.991
==== e(  22) =    18.18238 eV ==== 
     psi = 0.174*[#  21]+0.174*[#  22]+0.174*[#  23]+0.098*[#   2]+0.098*[#   3]
          +0.098*[#   4]+0.008*[#  15]+0.008*[#  18]+0.006*[#  16]+0.006*[#  17]
          +0.006*[#  19]+0.006*[#  25]+0.006*[#  26]+0.006*[#  28]+0.004*[#   5]
          +0.004*[#   8]+0.003*[#   6]+0.003*[#   7]+0.003*[#   9]
    |psi|^2 = 0.889
==== e(  23) =    18.18238 eV ==== 
     psi = 0.174*[#  21]+0.174*[#  22]+0.174*[#  23]+0.098*[#   2]+0.098*[#   3]
          +0.098*[#   4]+0.008*[#  15]+0.008*[#  18]+0.006*[#  16]+0.006*[#  17]
          +0.006*[#  19]+0.006*[#  25]+0.006*[#  26]+0.006*[#  28]+0.004*[#   5]
          +0.004*[#   8]+0.003*[#   6]+0.003*[#   7]+0.003*[#   9]
    |psi|^2 = 0.889
==== e(  24) =    19.99987 eV ==== 
     psi = 0.279*[#   1]+0.237*[#  11]+0.136*[#  20]+0.038*[#  21]+0.038*[#  22]
          +0.038*[#  23]+0.034*[#   2]+0.034*[#   3]+0.034*[#   4]+0.014*[#  10]
          +0.003*[#  25]+0.003*[#  26]+0.003*[#  28]+0.001*[#  16]+0.001*[#  17]
          +0.001*[#  19]+0.001*[#   6]+0.001*[#   7]+0.001*[#   9]
    |psi|^2 = 0.897
==== e(  25) =    21.54975 eV ==== 
     psi = 0.395*[#  11]+0.236*[#   1]+0.177*[#  20]+0.020*[#   2]+0.020*[#   3]
          +0.020*[#   4]+0.012*[#  10]+0.011*[#  25]+0.011*[#  26]+0.011*[#  28]
          +0.002*[#  16]+0.002*[#  17]+0.002*[#  19]+0.001*[#  21]+0.001*[#  22]
          +0.001*[#  23]
    |psi|^2 = 0.923
==== e(  26) =    21.60789 eV ==== 
     psi = 0.144*[#   2]+0.144*[#   3]+0.144*[#   4]+0.021*[#  21]+0.021*[#  22]
          +0.021*[#  23]+0.006*[#  25]+0.006*[#  26]+0.006*[#  28]+0.004*[#  24]
          +0.004*[#  27]+0.002*[#  15]+0.002*[#  18]
    |psi|^2 = 0.529
==== e(  27) =    21.60789 eV ==== 
     psi = 0.144*[#   2]+0.144*[#   3]+0.144*[#   4]+0.021*[#  21]+0.021*[#  22]
          +0.021*[#  23]+0.006*[#  25]+0.006*[#  26]+0.006*[#  28]+0.004*[#  24]
          +0.004*[#  27]+0.002*[#  15]+0.002*[#  18]
    |psi|^2 = 0.529
==== e(  28) =    25.05966 eV ==== 
     psi = 0.149*[#  20]+0.081*[#   1]+0.077*[#   2]+0.077*[#   3]+0.077*[#   4]
          +0.068*[#  11]+0.035*[#  21]+0.035*[#  22]+0.035*[#  23]
    |psi|^2 = 0.637

 k =  -0.4166666667  0.4166666667 -0.4166666667
==== e(   1) =   -91.24282 eV ==== 
     psi = 0.950*[#  10]+0.007*[#  11]+0.007*[#   2]+0.007*[#   3]+0.007*[#   4]
          +0.005*[#  21]+0.005*[#  22]+0.005*[#  23]+0.002*[#  20]
    |psi|^2 = 1.000
==== e(   2) =   -51.63465 eV ==== 
     psi = 0.332*[#  12]+0.332*[#  13]+0.332*[#  14]+0.001*[#  20]
    |psi|^2 = 1.000
==== e(   3) =   -51.63437 eV ==== 
     psi = 0.333*[#  12]+0.333*[#  13]+0.333*[#  14]
    |psi|^2 = 1.000
==== e(   4) =   -51.63437 eV ==== 
     psi = 0.333*[#  12]+0.333*[#  13]+0.333*[#  14]
    |psi|^2 = 1.000
==== e(   5) =     5.75460 eV ==== 
     psi = 0.238*[#  20]+0.152*[#   1]+0.109*[#  11]+0.074*[#   2]+0.074*[#   3]
          +0.074*[#   4]+0.049*[#  25]+0.049*[#  26]+0.049*[#  28]+0.032*[#  21]
          +0.032*[#  22]+0.032*[#  23]+0.009*[#  10]+0.006*[#   6]+0.006*[#   7]
          +0.006*[#   9]+0.003*[#  16]+0.003*[#  17]+0.003*[#  19]
    |psi|^2 = 0.997
==== e(   6) =     7.59842 eV ==== 
     psi = 0.187*[#  25]+0.187*[#  26]+0.187*[#  28]+0.069*[#   5]+0.069*[#   8]
          +0.059*[#  24]+0.059*[#  27]+0.034*[#  15]+0.034*[#  18]+0.018*[#   6]
          +0.018*[#   7]+0.018*[#   9]+0.009*[#   2]+0.009*[#   3]+0.009*[#   4]
          +0.008*[#  16]+0.008*[#  17]+0.008*[#  19]
    |psi|^2 = 0.996
==== e(   7) =     7.59842 eV ==== 
     psi = 0.187*[#  25]+0.187*[#  26]+0.187*[#  28]+0.069*[#   5]+0.069*[#   8]
          +0.059*[#  24]+0.059*[#  27]+0.034*[#  15]+0.034*[#  18]+0.018*[#   6]
          +0.018*[#   7]+0.018*[#   9]+0.009*[#   2]+0.009*[#   3]+0.009*[#   4]
          +0.008*[#  16]+0.008*[#  17]+0.008*[#  19]
    |psi|^2 = 0.996
==== e(   8) =     7.73929 eV ==== 
     psi = 0.180*[#  25]+0.180*[#  26]+0.180*[#  28]+0.063*[#   6]+0.063*[#   7]
          +0.063*[#   9]+0.033*[#  20]+0.029*[#   1]+0.028*[#  16]+0.028*[#  17]
          +0.028*[#  19]+0.025*[#  11]+0.023*[#  21]+0.023*[#  22]+0.023*[#  23]
          +0.009*[#   2]+0.009*[#   3]+0.009*[#   4]+0.002*[#  10]
    |psi|^2 = 0.998
==== e(   9) =     8.08409 eV ==== 
     psi = 0.226*[#  24]+0.226*[#  27]+0.079*[#   6]+0.079*[#   7]+0.079*[#   9]
          +0.042*[#   5]+0.042*[#   8]+0.031*[#  25]+0.031*[#  26]+0.031*[#  28]
          +0.029*[#  16]+0.029*[#  17]+0.029*[#  19]+0.020*[#  15]+0.020*[#  18]
          +0.002*[#   2]+0.002*[#   3]+0.002*[#   4]
    |psi|^2 = 0.998
==== e(  10) =     8.08409 eV ==== 
     psi = 0.226*[#  24]+0.226*[#  27]+0.079*[#   6]+0.079*[#   7]+0.079*[#   9]
          +0.042*[#   5]+0.042*[#   8]+0.031*[#  25]+0.031*[#  26]+0.031*[#  28]
          +0.029*[#  16]+0.029*[#  17]+0.029*[#  19]+0.020*[#  15]+0.020*[#  18]
          +0.002*[#   2]+0.002*[#   3]+0.002*[#   4]
    |psi|^2 = 0.998
==== e(  11) =     8.51408 eV ==== 
     psi = 0.105*[#  21]+0.105*[#  22]+0.105*[#  23]+0.094*[#   6]+0.094*[#   7]
          +0.094*[#   9]+0.067*[#   1]+0.052*[#  11]+0.040*[#  16]+0.040*[#  17]
          +0.040*[#  19]+0.039*[#   2]+0.039*[#   3]+0.039*[#   4]+0.032*[#  20]
          +0.007*[#  10]+0.001*[#  25]+0.001*[#  26]+0.001*[#  28]
    |psi|^2 = 0.997
==== e(  12) =     9.36676 eV ==== 
     psi = 0.172*[#   5]+0.172*[#   8]+0.094*[#   6]+0.094*[#   7]+0.094*[#   9]
          +0.064*[#  15]+0.064*[#  18]+0.044*[#  16]+0.044*[#  17]+0.044*[#  19]
          +0.022*[#  24]+0.022*[#  27]+0.010*[#  21]+0.010*[#  22]+0.010*[#  23]
          +0.006*[#   2]+0.006*[#   3]+0.006*[#   4]+0.006*[#  25]+0.006*[#  26]
          +0.006*[#  28]
    |psi|^2 = 0.998
==== e(  13) =     9.36676 eV ==== 
     psi = 0.172*[#   5]+0.172*[#   8]+0.094*[#   6]+0.094*[#   7]+0.094*[#   9]
          +0.064*[#  15]+0.064*[#  18]+0.044*[#  16]+0.044*[#  17]+0.044*[#  19]
          +0.022*[#  24]+0.022*[#  27]+0.010*[#  21]+0.010*[#  22]+0.010*[#  23]
          +0.006*[#   2]+0.006*[#   3]+0.006*[#   4]+0.006*[#  25]+0.006*[#  26]
          +0.006*[#  28]
    |psi|^2 = 0.998
==== e(  14) =     9.83932 eV ==== 
     psi = 0.145*[#   5]+0.145*[#   8]+0.093*[#   6]+0.093*[#   7]+0.093*[#   9]
          +0.082*[#  16]+0.082*[#  17]+0.082*[#  19]+0.046*[#  15]+0.046*[#  18]
          +0.019*[#  24]+0.019*[#  27]+0.015*[#  25]+0.015*[#  26]+0.015*[#  28]
          +0.002*[#   2]+0.002*[#   3]+0.002*[#   4]
    |psi|^2 = 0.998
==== e(  15) =     9.83932 eV ==== 
     psi = 0.145*[#   5]+0.145*[#   8]+0.093*[#   6]+0.093*[#   7]+0.093*[#   9]
          +0.082*[#  16]+0.082*[#  17]+0.082*[#  19]+0.046*[#  15]+0.046*[#  18]
          +0.019*[#  24]+0.019*[#  27]+0.015*[#  25]+0.015*[#  26]+0.015*[#  28]
          +0.002*[#   2]+0.002*[#   3]+0.002*[#   4]
    |psi|^2 = 0.998
==== e(  16) =    10.01245 eV ==== 
     psi = 0.154*[#  16]+0.154*[#  17]+0.154*[#  19]+0.131*[#   6]+0.131*[#   7]
          +0.131*[#   9]+0.032*[#   1]+0.020*[#  21]+0.020*[#  22]+0.020*[#  23]
          +0.014*[#  11]+0.013*[#  20]+0.007*[#  25]+0.007*[#  26]+0.007*[#  28]
          +0.001*[#   2]+0.001*[#   3]+0.001*[#   4]
    |psi|^2 = 0.997
==== e(  17) =    10.85144 eV ==== 
     psi = 0.260*[#  15]+0.260*[#  18]+0.116*[#  24]+0.116*[#  27]+0.063*[#   5]
          +0.063*[#   8]+0.015*[#  16]+0.015*[#  17]+0.015*[#  19]+0.012*[#  25]
          +0.012*[#  26]+0.012*[#  28]+0.011*[#   6]+0.011*[#   7]+0.011*[#   9]
          +0.002*[#  21]+0.002*[#  22]+0.002*[#  23]
    |psi|^2 = 0.998
==== e(  18) =    10.85144 eV ==== 
     psi = 0.260*[#  15]+0.260*[#  18]+0.116*[#  24]+0.116*[#  27]+0.063*[#   5]
          +0.063*[#   8]+0.015*[#  16]+0.015*[#  17]+0.015*[#  19]+0.012*[#  25]
          +0.012*[#  26]+0.012*[#  28]+0.011*[#   6]+0.011*[#   7]+0.011*[#   9]
          +0.002*[#  21]+0.002*[#  22]+0.002*[#  23]
    |psi|^2 = 0.998
==== e(  19) =    11.33147 eV ==== 
     psi = 0.147*[#  16]+0.147*[#  17]+0.147*[#  19]+0.071*[#  25]+0.071*[#  26]
          +0.071*[#  28]+0.062*[#  15]+0.062*[#  18]+0.051*[#  24]+0.051*[#  27]
          +0.036*[#   6]+0.036*[#   7]+0.036*[#   9]+0.003*[#   5]+0.003*[#   8]
          +0.002*[#   2]+0.002*[#   3]+0.002*[#   4]
    |psi|^2 = 0.997
==== e(  20) =    11.33147 eV ==== 
     psi = 0.147*[#  16]+0.147*[#  17]+0.147*[#  19]+0.071*[#  25]+0.071*[#  26]
          +0.071*[#  28]+0.062*[#  15]+0.062*[#  18]+0.051*[#  24]+0.051*[#  27]
          +0.036*[#   6]+0.036*[#   7]+0.036*[#   9]+0.003*[#   5]+0.003*[#   8]
          +0.002*[#   2]+0.002*[#   3]+0.002*[#   4]
    |psi|^2 = 0.997
==== e(  21) =    12.40973 eV ==== 
     psi = 0.104*[#  16]+0.104*[#  17]+0.104*[#  19]+0.098*[#  20]+0.080*[#  25]
          +0.080*[#  26]+0.080*[#  28]+0.038*[#   6]+0.038*[#   7]+0.038*[#   9]
          +0.033*[#   2]+0.033*[#   3]+0.033*[#   4]+0.029*[#  11]+0.028*[#   1]
          +0.025*[#  21]+0.025*[#  22]+0.025*[#  23]
    |psi|^2 = 0.996
==== e(  22) =    17.79316 eV ==== 
     psi = 0.182*[#  21]+0.182*[#  22]+0.182*[#  23]+0.093*[#   2]+0.093*[#   3]
          +0.093*[#   4]+0.012*[#  15]+0.012*[#  18]+0.005*[#  16]+0.005*[#  17]
          +0.005*[#  19]+0.005*[#   5]+0.005*[#   8]+0.002*[#   6]+0.002*[#   7]
          +0.002*[#   9]+0.002*[#  25]+0.002*[#  26]+0.002*[#  28]
    |psi|^2 = 0.890
==== e(  23) =    17.79316 eV ==== 
     psi = 0.182*[#  21]+0.182*[#  22]+0.182*[#  23]+0.093*[#   2]+0.093*[#   3]
          +0.093*[#   4]+0.012*[#  15]+0.012*[#  18]+0.005*[#  16]+0.005*[#  17]
          +0.005*[#  19]+0.005*[#   5]+0.005*[#   8]+0.002*[#   6]+0.002*[#   7]
          +0.002*[#   9]+0.002*[#  25]+0.002*[#  26]+0.002*[#  28]
    |psi|^2 = 0.890
==== e(  24) =    19.89918 eV ==== 
     psi = 0.318*[#   1]+0.264*[#  11]+0.086*[#  20]+0.039*[#  21]+0.039*[#  22]
          +0.039*[#  23]+0.030*[#   2]+0.030*[#   3]+0.030*[#   4]+0.018*[#  10]
          +0.001*[#  16]+0.001*[#  17]+0.001*[#  19]+0.001*[#   6]+0.001*[#   7]
          +0.001*[#   9]+0.001*[#  25]+0.001*[#  26]+0.001*[#  28]
    |psi|^2 = 0.905
==== e(  25) =    21.46500 eV ==== 
     psi = 0.410*[#  11]+0.258*[#  20]+0.220*[#   1]+0.014*[#  25]+0.014*[#  26]
          +0.014*[#  28]+0.010*[#  10]+0.005*[#   2]+0.005*[#   3]+0.005*[#   4]
          +0.002*[#  16]+0.002*[#  17]+0.002*[#  19]
    |psi|^2 = 0.963
==== e(  26) =    21.46849 eV ==== 
     psi = 0.159*[#   2]+0.159*[#   3]+0.159*[#   4]+0.025*[#  21]+0.025*[#  22]
          +0.025*[#  23]+0.007*[#  25]+0.007*[#  26]+0.007*[#  28]+0.005*[#  24]
          +0.005*[#  27]+0.002*[#  15]+0.002*[#  18]
    |psi|^2 = 0.591
==== e(  27) =    21.46849 eV ==== 
     psi = 0.159*[#   2]+0.159*[#   3]+0.159*[#   4]+0.025*[#  21]+0.025*[#  22]
          +0.025*[#  23]+0.007*[#  25]+0.007*[#  26]+0.007*[#  28]+0.005*[#  24]
          +0.005*[#  27]+0.002*[#  15]+0.002*[#  18]
    |psi|^2 = 0.591
==== e(  28) =    26.46415 eV ==== 
     psi = 0.076*[#  21]+0.076*[#  22]+0.076*[#  23]+0.031*[#   2]+0.031*[#   3]
          +0.031*[#   4]
    |psi|^2 = 0.327

 k =   0.5000000000 -0.5000000000  0.5000000000
==== e(   1) =   -91.24274 eV ==== 
     psi = 0.950*[#  10]+0.008*[#   2]+0.008*[#   3]+0.008*[#   4]+0.007*[#  11]
          +0.005*[#  21]+0.005*[#  22]+0.005*[#  23]+0.002*[#  20]
    |psi|^2 = 1.000
==== e(   2) =   -51.63466 eV ==== 
     psi = 0.332*[#  12]+0.332*[#  13]+0.332*[#  14]+0.001*[#  20]
    |psi|^2 = 1.000
==== e(   3) =   -51.63436 eV ==== 
     psi = 0.333*[#  12]+0.333*[#  13]+0.333*[#  14]
    |psi|^2 = 1.000
==== e(   4) =   -51.63436 eV ==== 
     psi = 0.333*[#  12]+0.333*[#  13]+0.333*[#  14]
    |psi|^2 = 1.000
==== e(   5) =     5.99197 eV ==== 
     psi = 0.239*[#  20]+0.152*[#   1]+0.102*[#  11]+0.076*[#  25]+0.076*[#  26]
          +0.076*[#  28]+0.071*[#   2]+0.071*[#   3]+0.071*[#   4]+0.010*[#  21]
          +0.010*[#  22]+0.010*[#  23]+0.006*[#   6]+0.006*[#   7]+0.006*[#   9]
          +0.005*[#  10]+0.003*[#  16]+0.003*[#  17]+0.003*[#  19]
    |psi|^2 = 0.997
==== e(   6) =     7.59257 eV ==== 
     psi = 0.189*[#  25]+0.189*[#  26]+0.189*[#  28]+0.068*[#   5]+0.068*[#   8]
          +0.056*[#  24]+0.056*[#  27]+0.035*[#  15]+0.035*[#  18]+0.018*[#   6]
          +0.018*[#   7]+0.018*[#   9]+0.009*[#   2]+0.009*[#   3]+0.009*[#   4]
          +0.009*[#  16]+0.009*[#  17]+0.009*[#  19]
    |psi|^2 = 0.996
==== e(   7) =     7.59257 eV ==== 
     psi = 0.189*[#  25]+0.189*[#  26]+0.189*[#  28]+0.068*[#   5]+0.068*[#   8]
          +0.056*[#  24]+0.056*[#  27]+0.035*[#  15]+0.035*[#  18]+0.018*[#   6]
          +0.018*[#   7]+0.018*[#   9]+0.009*[#   2]+0.009*[#   3]+0.009*[#   4]
          +0.009*[#  16]+0.009*[#  17]+0.009*[#  19]
    |psi|^2 = 0.996
==== e(   8) =     7.88693 eV ==== 
     psi = 0.136*[#  25]+0.136*[#  26]+0.136*[#  28]+0.119*[#   6]+0.119*[#   7]
          +0.119*[#   9]+0.077*[#  20]+0.042*[#  16]+0.042*[#  17]+0.042*[#  19]
          +0.005*[#   2]+0.005*[#   3]+0.005*[#   4]+0.004*[#  21]+0.004*[#  22]
          +0.004*[#  23]+0.004*[#  11]
    |psi|^2 = 0.999
==== e(   9) =     8.13053 eV ==== 
     psi = 0.235*[#  24]+0.235*[#  27]+0.088*[#   6]+0.088*[#   7]+0.088*[#   9]
          +0.034*[#   5]+0.034*[#   8]+0.030*[#  16]+0.030*[#  17]+0.030*[#  19]
          +0.026*[#  25]+0.026*[#  26]+0.026*[#  28]+0.010*[#  15]+0.010*[#  18]
          +0.002*[#   2]+0.002*[#   3]+0.002*[#   4]
    |psi|^2 = 0.998
==== e(  10) =     8.13053 eV ==== 
     psi = 0.235*[#  24]+0.235*[#  27]+0.088*[#   6]+0.088*[#   7]+0.088*[#   9]
          +0.034*[#   5]+0.034*[#   8]+0.030*[#  16]+0.030*[#  17]+0.030*[#  19]
          +0.026*[#  25]+0.026*[#  26]+0.026*[#  28]+0.010*[#  15]+0.010*[#  18]
          +0.002*[#   2]+0.002*[#   3]+0.002*[#   4]
    |psi|^2 = 0.998
==== e(  11) =     8.28190 eV ==== 
     psi = 0.160*[#  21]+0.160*[#  22]+0.160*[#  23]+0.106*[#   1]+0.078*[#  11]
          +0.058*[#   2]+0.058*[#   3]+0.058*[#   4]+0.031*[#  16]+0.031*[#  17]
          +0.031*[#  19]+0.014*[#   6]+0.014*[#   7]+0.014*[#   9]+0.013*[#  10]
          +0.003*[#  25]+0.003*[#  26]+0.003*[#  28]
    |psi|^2 = 0.996
==== e(  12) =     9.42073 eV ==== 
     psi = 0.214*[#   5]+0.214*[#   8]+0.093*[#  15]+0.093*[#  18]+0.043*[#   6]
          +0.043*[#   7]+0.043*[#   9]+0.042*[#  16]+0.042*[#  17]+0.042*[#  19]
          +0.036*[#  24]+0.036*[#  27]+0.011*[#  21]+0.011*[#  22]+0.011*[#  23]
          +0.008*[#   2]+0.008*[#   3]+0.008*[#   4]
    |psi|^2 = 0.998
==== e(  13) =     9.42073 eV ==== 
     psi = 0.214*[#   5]+0.214*[#   8]+0.093*[#  15]+0.093*[#  18]+0.043*[#   6]
          +0.043*[#   7]+0.043*[#   9]+0.042*[#  16]+0.042*[#  17]+0.042*[#  19]
          +0.036*[#  24]+0.036*[#  27]+0.011*[#  21]+0.011*[#  22]+0.011*[#  23]
          +0.008*[#   2]+0.008*[#   3]+0.008*[#   4]
    |psi|^2 = 0.998
==== e(  14) =     9.74682 eV ==== 
     psi = 0.135*[#   6]+0.135*[#   7]+0.135*[#   9]+0.116*[#   5]+0.116*[#   8]
          +0.080*[#  16]+0.080*[#  17]+0.080*[#  19]+0.027*[#  15]+0.027*[#  18]
          +0.021*[#  25]+0.021*[#  26]+0.021*[#  28]
    |psi|^2 = 0.998
==== e(  15) =     9.74682 eV ==== 
     psi = 0.135*[#   6]+0.135*[#   7]+0.135*[#   9]+0.116*[#   5]+0.116*[#   8]
          +0.080*[#  16]+0.080*[#  17]+0.080*[#  19]+0.027*[#  15]+0.027*[#  18]
          +0.021*[#  25]+0.021*[#  26]+0.021*[#  28]
    |psi|^2 = 0.998
==== e(  16) =     9.98892 eV ==== 
     psi = 0.148*[#   6]+0.148*[#   7]+0.148*[#   9]+0.118*[#  16]+0.118*[#  17]
          +0.118*[#  19]+0.041*[#   1]+0.029*[#  21]+0.029*[#  22]+0.029*[#  23]
          +0.024*[#  11]+0.013*[#  20]+0.011*[#  25]+0.011*[#  26]+0.011*[#  28]
          +0.001*[#  10]
    |psi|^2 = 0.996
==== e(  17) =    10.87067 eV ==== 
     psi = 0.293*[#  15]+0.293*[#  18]+0.119*[#  24]+0.119*[#  27]+0.057*[#   5]
          +0.057*[#   8]+0.008*[#  25]+0.008*[#  26]+0.008*[#  28]+0.005*[#  16]
          +0.005*[#  17]+0.005*[#  19]+0.004*[#   6]+0.004*[#   7]+0.004*[#   9]
          +0.002*[#  21]+0.002*[#  22]+0.002*[#  23]
    |psi|^2 = 0.998
==== e(  18) =    10.87067 eV ==== 
     psi = 0.293*[#  15]+0.293*[#  18]+0.119*[#  24]+0.119*[#  27]+0.057*[#   5]
          +0.057*[#   8]+0.008*[#  25]+0.008*[#  26]+0.008*[#  28]+0.005*[#  16]
          +0.005*[#  17]+0.005*[#  19]+0.004*[#   6]+0.004*[#   7]+0.004*[#   9]
          +0.002*[#  21]+0.002*[#  22]+0.002*[#  23]
    |psi|^2 = 0.998
==== e(  19) =    11.33585 eV ==== 
     psi = 0.160*[#  16]+0.160*[#  17]+0.160*[#  19]+0.080*[#  25]+0.080*[#  26]
          +0.080*[#  28]+0.046*[#  24]+0.046*[#  27]+0.041*[#   6]+0.041*[#   7]
          +0.041*[#   9]+0.026*[#  15]+0.026*[#  18]+0.003*[#   5]+0.003*[#   8]
          +0.002*[#   2]+0.002*[#   3]+0.002*[#   4]
    |psi|^2 = 0.997
==== e(  20) =    11.33585 eV ==== 
     psi = 0.160*[#  16]+0.160*[#  17]+0.160*[#  19]+0.080*[#  25]+0.080*[#  26]
          +0.080*[#  28]+0.046*[#  24]+0.046*[#  27]+0.041*[#   6]+0.041*[#   7]
          +0.041*[#   9]+0.026*[#  15]+0.026*[#  18]+0.003*[#   5]+0.003*[#   8]
          +0.002*[#   2]+0.002*[#   3]+0.002*[#   4]
    |psi|^2 = 0.997
==== e(  21) =    12.00290 eV ==== 
     psi = 0.136*[#  16]+0.136*[#  17]+0.136*[#  19]+0.089*[#  25]+0.089*[#  26]
          +0.089*[#  28]+0.075*[#  20]+0.044*[#   6]+0.044*[#   7]+0.044*[#   9]
          +0.028*[#   2]+0.028*[#   3]+0.028*[#   4]+0.015*[#  11]+0.007*[#   1]
          +0.003*[#  21]+0.003*[#  22]+0.003*[#  23]
    |psi|^2 = 0.997
==== e(  22) =    17.65655 eV ==== 
     psi = 0.186*[#  21]+0.186*[#  22]+0.186*[#  23]+0.090*[#   2]+0.090*[#   3]
          +0.090*[#   4]+0.014*[#  15]+0.014*[#  18]+0.006*[#   5]+0.006*[#   8]
          +0.005*[#  16]+0.005*[#  17]+0.005*[#  19]+0.002*[#   6]+0.002*[#   7]
          +0.002*[#   9]
    |psi|^2 = 0.892
==== e(  23) =    17.65655 eV ==== 
     psi = 0.186*[#  21]+0.186*[#  22]+0.186*[#  23]+0.090*[#   2]+0.090*[#   3]
          +0.090*[#   4]+0.014*[#  15]+0.014*[#  18]+0.006*[#   5]+0.006*[#   8]
          +0.005*[#  16]+0.005*[#  17]+0.005*[#  19]+0.002*[#   6]+0.002*[#   7]
          +0.002*[#   9]
    |psi|^2 = 0.892
==== e(  24) =    19.86225 eV ==== 
     psi = 0.336*[#   1]+0.277*[#  11]+0.061*[#  20]+0.039*[#  21]+0.039*[#  22]
          +0.039*[#  23]+0.026*[#   2]+0.026*[#   3]+0.026*[#   4]+0.018*[#  10]
          +0.001*[#  16]+0.001*[#  17]+0.001*[#  19]+0.001*[#   6]+0.001*[#   7]
          +0.001*[#   9]
    |psi|^2 = 0.898
==== e(  25) =    21.42119 eV ==== 
     psi = 0.166*[#   2]+0.166*[#   3]+0.166*[#   4]+0.027*[#  21]+0.027*[#  22]
          +0.027*[#  23]+0.007*[#  25]+0.007*[#  26]+0.007*[#  28]+0.006*[#  24]
          +0.006*[#  27]+0.002*[#  15]+0.002*[#  18]
    |psi|^2 = 0.621
==== e(  26) =    21.42119 eV ==== 
     psi = 0.166*[#   2]+0.166*[#   3]+0.166*[#   4]+0.027*[#  21]+0.027*[#  22]
          +0.027*[#  23]+0.007*[#  25]+0.007*[#  26]+0.007*[#  28]+0.006*[#  24]
          +0.006*[#  27]+0.002*[#  15]+0.002*[#  18]
    |psi|^2 = 0.621
==== e(  27) =    21.43698 eV ==== 
     psi = 0.407*[#  11]+0.292*[#  20]+0.206*[#   1]+0.015*[#  25]+0.015*[#  26]
          +0.015*[#  28]+0.009*[#  10]+0.002*[#  16]+0.002*[#  17]+0.002*[#  19]
          +0.001*[#   2]+0.001*[#   3]+0.001*[#   4]
    |psi|^2 = 0.972
==== e(  28) =    26.99226 eV ==== 
     psi = 0.064*[#  21]+0.064*[#  22]+0.064*[#  23]+0.022*[#   2]+0.022*[#   3]
          +0.022*[#   4]
    |psi|^2 = 0.263

 k =   0.0000000000  0.1666666667  0.0000000000
==== e(   1) =   -91.24336 eV ==== 
     psi = 0.968*[#  10]+0.012*[#  20]+0.004*[#   1]+0.003*[#  21]+0.003*[#  22]
          +0.003*[#  23]+0.002*[#  11]+0.002*[#   2]+0.002*[#   3]+0.002*[#   4]
          
    |psi|^2 = 1.000
==== e(   2) =   -51.63451 eV ==== 
     psi = 0.333*[#  12]+0.333*[#  13]+0.333*[#  14]
    |psi|^2 = 1.000
==== e(   3) =   -51.63451 eV ==== 
     psi = 0.333*[#  12]+0.333*[#  13]+0.333*[#  14]
    |psi|^2 = 1.000
==== e(   4) =   -51.63450 eV ==== 
     psi = 0.333*[#  12]+0.333*[#  13]+0.333*[#  14]
    |psi|^2 = 1.000
==== e(   5) =     3.87801 eV ==== 
     psi = 0.328*[#  20]+0.268*[#   1]+0.262*[#  11]+0.021*[#  21]+0.021*[#  22]
          +0.021*[#  23]+0.020*[#   2]+0.020*[#   3]+0.020*[#   4]+0.013*[#  10]
          
    |psi|^2 = 0.995
==== e(   6) =     7.55021 eV ==== 
     psi = 0.229*[#  24]+0.229*[#  27]+0.154*[#   5]+0.154*[#   8]+0.075*[#  15]
          +0.075*[#  18]+0.017*[#  25]+0.017*[#  26]+0.017*[#  28]+0.010*[#   6]
          +0.010*[#   7]+0.010*[#   9]
    |psi|^2 = 0.997
==== e(   7) =     7.60899 eV ==== 
     psi = 0.240*[#  24]+0.240*[#  27]+0.163*[#   5]+0.163*[#   8]+0.095*[#  15]
          +0.095*[#  18]
    |psi|^2 = 0.997
==== e(   8) =     7.69377 eV ==== 
     psi = 0.249*[#  25]+0.249*[#  26]+0.249*[#  28]+0.025*[#   6]+0.025*[#   7]
          +0.025*[#   9]+0.020*[#  15]+0.020*[#  18]+0.018*[#  24]+0.018*[#  27]
          +0.014*[#   2]+0.014*[#   3]+0.014*[#   4]+0.013*[#  16]+0.013*[#  17]
          +0.013*[#  19]+0.009*[#   1]+0.002*[#  11]+0.002*[#   5]+0.002*[#   8]
          
    |psi|^2 = 0.996
==== e(   9) =     7.75397 eV ==== 
     psi = 0.259*[#  25]+0.259*[#  26]+0.259*[#  28]+0.043*[#   6]+0.043*[#   7]
          +0.043*[#   9]+0.015*[#  16]+0.015*[#  17]+0.015*[#  19]+0.014*[#   2]
          +0.014*[#   3]+0.014*[#   4]
    |psi|^2 = 0.996
==== e(  10) =     7.75397 eV ==== 
     psi = 0.259*[#  25]+0.259*[#  26]+0.259*[#  28]+0.043*[#   6]+0.043*[#   7]
          +0.043*[#   9]+0.015*[#  16]+0.015*[#  17]+0.015*[#  19]+0.014*[#   2]
          +0.014*[#   3]+0.014*[#   4]
    |psi|^2 = 0.996
==== e(  11) =     8.93951 eV ==== 
     psi = 0.211*[#   6]+0.211*[#   7]+0.211*[#   9]+0.086*[#  16]+0.086*[#  17]
          +0.086*[#  19]+0.020*[#   5]+0.020*[#   8]+0.012*[#  21]+0.012*[#  22]
          +0.012*[#  23]+0.007*[#  25]+0.007*[#  26]+0.007*[#  28]+0.004*[#  20]
          +0.002*[#  15]+0.002*[#  18]
    |psi|^2 = 0.999
==== e(  12) =     9.06201 eV ==== 
     psi = 0.213*[#   6]+0.213*[#   7]+0.213*[#   9]+0.088*[#  16]+0.088*[#  17]
          +0.088*[#  19]+0.017*[#  25]+0.017*[#  26]+0.017*[#  28]+0.012*[#  21]
          +0.012*[#  22]+0.012*[#  23]+0.003*[#   2]+0.003*[#   3]+0.003*[#   4]
          
    |psi|^2 = 0.999
==== e(  13) =     9.06201 eV ==== 
     psi = 0.213*[#   6]+0.213*[#   7]+0.213*[#   9]+0.088*[#  16]+0.088*[#  17]
          +0.088*[#  19]+0.017*[#  25]+0.017*[#  26]+0.017*[#  28]+0.012*[#  21]
          +0.012*[#  22]+0.012*[#  23]+0.003*[#   2]+0.003*[#   3]+0.003*[#   4]
          
    |psi|^2 = 0.999
==== e(  14) =    10.40592 eV ==== 
     psi = 0.336*[#   5]+0.336*[#   8]+0.106*[#  24]+0.106*[#  27]+0.058*[#  15]
          +0.058*[#  18]
    |psi|^2 = 1.000
==== e(  15) =    10.40611 eV ==== 
     psi = 0.292*[#   5]+0.292*[#   8]+0.080*[#  15]+0.080*[#  18]+0.074*[#  24]
          +0.074*[#  27]+0.033*[#  16]+0.033*[#  17]+0.033*[#  19]
    |psi|^2 = 1.000
==== e(  16) =    10.71463 eV ==== 
     psi = 0.169*[#  16]+0.169*[#  17]+0.169*[#  19]+0.080*[#   6]+0.080*[#   7]
          +0.080*[#   9]+0.034*[#  24]+0.034*[#  27]+0.031*[#   5]+0.031*[#   8]
          +0.030*[#  25]+0.030*[#  26]+0.030*[#  28]+0.007*[#  15]+0.007*[#  18]
          +0.003*[#   1]+0.003*[#   2]+0.003*[#   3]+0.003*[#   4]+0.001*[#  11]
          +0.001*[#  21]+0.001*[#  22]+0.001*[#  23]
    |psi|^2 = 0.996
==== e(  17) =    10.74004 eV ==== 
     psi = 0.219*[#  16]+0.219*[#  17]+0.219*[#  19]+0.071*[#   6]+0.071*[#   7]
          +0.071*[#   9]+0.034*[#  25]+0.034*[#  26]+0.034*[#  28]+0.006*[#   2]
          +0.006*[#   3]+0.006*[#   4]+0.002*[#  21]+0.002*[#  22]+0.002*[#  23]
          
    |psi|^2 = 0.995
==== e(  18) =    10.74004 eV ==== 
     psi = 0.219*[#  16]+0.219*[#  17]+0.219*[#  19]+0.071*[#   6]+0.071*[#   7]
          +0.071*[#   9]+0.034*[#  25]+0.034*[#  26]+0.034*[#  28]+0.006*[#   2]
          +0.006*[#   3]+0.006*[#   4]+0.002*[#  21]+0.002*[#  22]+0.002*[#  23]
          
    |psi|^2 = 0.995
==== e(  19) =    11.26279 eV ==== 
     psi = 0.345*[#  15]+0.345*[#  18]+0.153*[#  24]+0.153*[#  27]
    |psi|^2 = 0.999
==== e(  20) =    11.33539 eV ==== 
     psi = 0.314*[#  15]+0.314*[#  18]+0.143*[#  24]+0.143*[#  27]+0.021*[#  16]
          +0.021*[#  17]+0.021*[#  19]+0.006*[#  25]+0.006*[#  26]+0.006*[#  28]
          +0.001*[#   5]+0.001*[#   8]
    |psi|^2 = 0.999
==== e(  21) =    19.44344 eV ==== 
     psi = 0.143*[#  21]+0.143*[#  22]+0.143*[#  23]+0.122*[#   2]+0.122*[#   3]
          +0.122*[#   4]+0.015*[#  25]+0.015*[#  26]+0.015*[#  28]+0.007*[#  16]
          +0.007*[#  17]+0.007*[#  19]+0.004*[#   6]+0.004*[#   7]+0.004*[#   9]
          
    |psi|^2 = 0.871
==== e(  22) =    19.44344 eV ==== 
     psi = 0.143*[#  21]+0.143*[#  22]+0.143*[#  23]+0.122*[#   2]+0.122*[#   3]
          +0.122*[#   4]+0.015*[#  25]+0.015*[#  26]+0.015*[#  28]+0.007*[#  16]
          +0.007*[#  17]+0.007*[#  19]+0.004*[#   6]+0.004*[#   7]+0.004*[#   9]
          
    |psi|^2 = 0.871
==== e(  23) =    19.66575 eV ==== 
     psi = 0.500*[#   1]+0.331*[#  11]+0.029*[#   2]+0.029*[#   3]+0.029*[#   4]
          +0.013*[#  25]+0.013*[#  26]+0.013*[#  28]+0.003*[#  10]+0.003*[#  21]
          +0.003*[#  22]+0.003*[#  23]+0.002*[#  20]
    |psi|^2 = 0.974
==== e(  24) =    20.16412 eV ==== 
     psi = 0.276*[#  20]+0.187*[#  21]+0.187*[#  22]+0.187*[#  23]+0.051*[#  11]
          +0.008*[#  16]+0.008*[#  17]+0.008*[#  19]+0.005*[#   6]+0.005*[#   7]
          +0.005*[#   9]+0.001*[#   2]+0.001*[#   3]+0.001*[#   4]
    |psi|^2 = 0.933
==== e(  25) =    21.51430 eV ==== 
     psi = 0.175*[#   2]+0.175*[#   3]+0.175*[#   4]+0.039*[#  11]+0.025*[#  20]
          +0.005*[#   1]+0.004*[#  25]+0.004*[#  26]+0.004*[#  28]+0.002*[#  10]
          +0.002*[#  21]+0.002*[#  22]+0.002*[#  23]+0.001*[#  24]+0.001*[#  27]
          
    |psi|^2 = 0.617
==== e(  26) =    21.91501 eV ==== 
     psi = 0.094*[#  11]+0.075*[#   2]+0.075*[#   3]+0.075*[#   4]+0.013*[#   1]
          +0.013*[#  20]+0.007*[#  25]+0.007*[#  26]+0.007*[#  28]+0.003*[#  10]
          +0.002*[#  21]+0.002*[#  22]+0.002*[#  23]
    |psi|^2 = 0.377
==== e(  27) =    22.64954 eV ==== 
     psi = 0.149*[#   2]+0.149*[#   3]+0.149*[#   4]+0.038*[#  21]+0.038*[#  22]
          +0.038*[#  23]+0.005*[#  25]+0.005*[#  26]+0.005*[#  28]
    |psi|^2 = 0.578
==== e(  28) =    22.64954 eV ==== 
     psi = 0.149*[#   2]+0.149*[#   3]+0.149*[#   4]+0.038*[#  21]+0.038*[#  22]
          +0.038*[#  23]+0.005*[#  25]+0.005*[#  26]+0.005*[#  28]
    |psi|^2 = 0.578

 k =  -0.0833333333  0.2500000000 -0.0833333333
==== e(   1) =   -91.24318 eV ==== 
     psi = 0.959*[#  10]+0.007*[#  20]+0.006*[#  21]+0.006*[#  22]+0.006*[#  23]
          +0.004*[#  11]+0.003*[#   2]+0.003*[#   3]+0.003*[#   4]+0.001*[#   1]
          
    |psi|^2 = 1.000
==== e(   2) =   -51.63460 eV ==== 
     psi = 0.333*[#  12]+0.333*[#  13]+0.333*[#  14]
    |psi|^2 = 1.000
==== e(   3) =   -51.63442 eV ==== 
     psi = 0.333*[#  12]+0.333*[#  13]+0.333*[#  14]
    |psi|^2 = 1.000
==== e(   4) =   -51.63442 eV ==== 
     psi = 0.333*[#  12]+0.333*[#  13]+0.333*[#  14]
    |psi|^2 = 1.000
==== e(   5) =     4.11723 eV ==== 
     psi = 0.284*[#  20]+0.223*[#   1]+0.216*[#  11]+0.043*[#  21]+0.043*[#  22]
          +0.043*[#  23]+0.041*[#   2]+0.041*[#   3]+0.041*[#   4]+0.014*[#  10]
          
    |psi|^2 = 0.996
==== e(   6) =     7.54919 eV ==== 
     psi = 0.161*[#  24]+0.161*[#  27]+0.126*[#   5]+0.126*[#   8]+0.089*[#  25]
          +0.089*[#  26]+0.089*[#  28]+0.032*[#  15]+0.032*[#  18]+0.026*[#   6]
          +0.026*[#   7]+0.026*[#   9]+0.005*[#   1]+0.003*[#  11]
    |psi|^2 = 0.995
==== e(   7) =     7.64578 eV ==== 
     psi = 0.182*[#  25]+0.182*[#  26]+0.182*[#  28]+0.084*[#  24]+0.084*[#  27]
          +0.053*[#  15]+0.053*[#  18]+0.020*[#   5]+0.020*[#   8]+0.015*[#  16]
          +0.015*[#  17]+0.015*[#  19]+0.015*[#   1]+0.012*[#   6]+0.012*[#   7]
          +0.012*[#   9]+0.011*[#   2]+0.011*[#   3]+0.011*[#   4]+0.005*[#  11]
          
    |psi|^2 = 0.997
==== e(   8) =     7.66728 eV ==== 
     psi = 0.202*[#  24]+0.202*[#  27]+0.144*[#   5]+0.144*[#   8]+0.076*[#  15]
          +0.076*[#  18]+0.042*[#  25]+0.042*[#  26]+0.042*[#  28]+0.006*[#   6]
          +0.006*[#   7]+0.006*[#   9]+0.002*[#   2]+0.002*[#   3]+0.002*[#   4]
          
    |psi|^2 = 0.997
==== e(   9) =     7.75965 eV ==== 
     psi = 0.241*[#  25]+0.241*[#  26]+0.241*[#  28]+0.045*[#   6]+0.045*[#   7]
          +0.045*[#   9]+0.020*[#  16]+0.020*[#  17]+0.020*[#  19]+0.013*[#   2]
          +0.013*[#   3]+0.013*[#   4]+0.009*[#  24]+0.009*[#  27]+0.008*[#  15]
          +0.008*[#  18]+0.001*[#   5]+0.001*[#   8]
    |psi|^2 = 0.997
==== e(  10) =     7.77616 eV ==== 
     psi = 0.208*[#  25]+0.208*[#  26]+0.208*[#  28]+0.045*[#   6]+0.045*[#   7]
          +0.045*[#   9]+0.039*[#  24]+0.039*[#  27]+0.019*[#  16]+0.019*[#  17]
          +0.019*[#  19]+0.018*[#   5]+0.018*[#   8]+0.017*[#  15]+0.017*[#  18]
          +0.011*[#   2]+0.011*[#   3]+0.011*[#   4]
    |psi|^2 = 0.997
==== e(  11) =     8.91271 eV ==== 
     psi = 0.204*[#   6]+0.204*[#   7]+0.204*[#   9]+0.073*[#  16]+0.073*[#  17]
          +0.073*[#  19]+0.040*[#   5]+0.040*[#   8]+0.013*[#  21]+0.013*[#  22]
          +0.013*[#  23]+0.009*[#  20]+0.008*[#  25]+0.008*[#  26]+0.008*[#  28]
          +0.005*[#  15]+0.005*[#  18]+0.002*[#  11]+0.001*[#   2]+0.001*[#   3]
          +0.001*[#   4]
    |psi|^2 = 0.998
==== e(  12) =     9.13084 eV ==== 
     psi = 0.210*[#   6]+0.210*[#   7]+0.210*[#   9]+0.078*[#  16]+0.078*[#  17]
          +0.078*[#  19]+0.022*[#  25]+0.022*[#  26]+0.022*[#  28]+0.013*[#  21]
          +0.013*[#  22]+0.013*[#  23]+0.004*[#   2]+0.004*[#   3]+0.004*[#   4]
          +0.004*[#   5]+0.004*[#   8]+0.002*[#   1]+0.002*[#  20]+0.001*[#  11]
          
    |psi|^2 = 0.998
==== e(  13) =     9.14544 eV ==== 
     psi = 0.209*[#   6]+0.209*[#   7]+0.209*[#   9]+0.079*[#  16]+0.079*[#  17]
          +0.079*[#  19]+0.021*[#  25]+0.021*[#  26]+0.021*[#  28]+0.012*[#  21]
          +0.012*[#  22]+0.012*[#  23]+0.009*[#   5]+0.009*[#   8]+0.004*[#   2]
          +0.004*[#   3]+0.004*[#   4]+0.002*[#  15]+0.002*[#  18]
    |psi|^2 = 0.998
==== e(  14) =    10.36119 eV ==== 
     psi = 0.309*[#   5]+0.309*[#   8]+0.104*[#  24]+0.104*[#  27]+0.046*[#  15]
          +0.046*[#  18]+0.020*[#  16]+0.020*[#  17]+0.020*[#  19]+0.005*[#   6]
          +0.005*[#   7]+0.005*[#   9]+0.002*[#  25]+0.002*[#  26]+0.002*[#  28]
          
    |psi|^2 = 0.999
==== e(  15) =    10.37118 eV ==== 
     psi = 0.236*[#   5]+0.236*[#   8]+0.091*[#  15]+0.091*[#  18]+0.073*[#  16]
          +0.073*[#  17]+0.073*[#  19]+0.050*[#  24]+0.050*[#  27]+0.005*[#   6]
          +0.005*[#   7]+0.005*[#   9]+0.002*[#  25]+0.002*[#  26]+0.002*[#  28]
          +0.001*[#  21]+0.001*[#  22]+0.001*[#  23]
    |psi|^2 = 0.999
==== e(  16) =    10.57136 eV ==== 
     psi = 0.192*[#  16]+0.192*[#  17]+0.192*[#  19]+0.075*[#   6]+0.075*[#   7]
          +0.075*[#   9]+0.028*[#   5]+0.028*[#   8]+0.023*[#  25]+0.023*[#  26]
          +0.023*[#  28]+0.019*[#  24]+0.019*[#  27]+0.005*[#   1]+0.004*[#   2]
          +0.004*[#   3]+0.004*[#   4]+0.002*[#  11]+0.002*[#  21]+0.002*[#  22]
          +0.002*[#  23]+0.002*[#  15]+0.002*[#  18]+0.001*[#  20]
    |psi|^2 = 0.997
==== e(  17) =    10.71398 eV ==== 
     psi = 0.190*[#  16]+0.190*[#  17]+0.190*[#  19]+0.061*[#   6]+0.061*[#   7]
          +0.061*[#   9]+0.033*[#  25]+0.033*[#  26]+0.033*[#  28]+0.021*[#  15]
          +0.021*[#  18]+0.020*[#   5]+0.020*[#   8]+0.019*[#  24]+0.019*[#  27]
          +0.006*[#   2]+0.006*[#   3]+0.006*[#   4]+0.002*[#  21]+0.002*[#  22]
          +0.002*[#  23]
    |psi|^2 = 0.996
==== e(  18) =    10.74030 eV ==== 
     psi = 0.148*[#  16]+0.148*[#  17]+0.148*[#  19]+0.073*[#   6]+0.073*[#   7]
          +0.073*[#   9]+0.048*[#  24]+0.048*[#  27]+0.044*[#   5]+0.044*[#   8]
          +0.034*[#  25]+0.034*[#  26]+0.034*[#  28]+0.016*[#  15]+0.016*[#  18]
          +0.004*[#   2]+0.004*[#   3]+0.004*[#   4]
    |psi|^2 = 0.996
==== e(  19) =    11.22450 eV ==== 
     psi = 0.335*[#  15]+0.335*[#  18]+0.135*[#  24]+0.135*[#  27]+0.013*[#  16]
          +0.013*[#  17]+0.013*[#  19]+0.004*[#  25]+0.004*[#  26]+0.004*[#  28]
          +0.002*[#   6]+0.002*[#   7]+0.002*[#   9]
    |psi|^2 = 0.998
==== e(  20) =    11.35138 eV ==== 
     psi = 0.290*[#  15]+0.290*[#  18]+0.124*[#  24]+0.124*[#  27]+0.042*[#  16]
          +0.042*[#  17]+0.042*[#  19]+0.013*[#  25]+0.013*[#  26]+0.013*[#  28]
          +0.002*[#   6]+0.002*[#   7]+0.002*[#   9]+0.001*[#   1]
    |psi|^2 = 0.999
==== e(  21) =    17.56816 eV ==== 
     psi = 0.130*[#  20]+0.110*[#   1]+0.106*[#  21]+0.106*[#  22]+0.106*[#  23]
          +0.069*[#   2]+0.069*[#   3]+0.069*[#   4]+0.045*[#  11]+0.020*[#  25]
          +0.020*[#  26]+0.020*[#  28]+0.012*[#  16]+0.012*[#  17]+0.012*[#  19]
          +0.006*[#   6]+0.006*[#   7]+0.006*[#   9]
    |psi|^2 = 0.923
==== e(  22) =    18.64043 eV ==== 
     psi = 0.144*[#  21]+0.144*[#  22]+0.144*[#  23]+0.122*[#   2]+0.122*[#   3]
          +0.122*[#   4]+0.016*[#  25]+0.016*[#  26]+0.016*[#  28]+0.008*[#  16]
          +0.008*[#  17]+0.008*[#  19]+0.004*[#   6]+0.004*[#   7]+0.004*[#   9]
          
    |psi|^2 = 0.885
==== e(  23) =    19.42973 eV ==== 
     psi = 0.242*[#   1]+0.151*[#  20]+0.144*[#  11]+0.083*[#  21]+0.083*[#  22]
          +0.083*[#  23]+0.036*[#   2]+0.036*[#   3]+0.036*[#   4]+0.011*[#  25]
          +0.011*[#  26]+0.011*[#  28]+0.005*[#  16]+0.005*[#  17]+0.005*[#  19]
          +0.003*[#   6]+0.003*[#   7]+0.003*[#   9]+0.001*[#  15]+0.001*[#  18]
          +0.001*[#  10]
    |psi|^2 = 0.955
==== e(  24) =    20.30912 eV ==== 
     psi = 0.182*[#  11]+0.127*[#   1]+0.104*[#  21]+0.104*[#  22]+0.104*[#  23]
          +0.055*[#   2]+0.055*[#   3]+0.055*[#   4]+0.020*[#  20]+0.005*[#  25]
          +0.005*[#  26]+0.005*[#  28]+0.003*[#  16]+0.003*[#  17]+0.003*[#  19]
          +0.003*[#  10]+0.002*[#   6]+0.002*[#   7]+0.002*[#   9]+0.001*[#  24]
          +0.001*[#  27]+0.001*[#  15]+0.001*[#  18]
    |psi|^2 = 0.842
==== e(  25) =    21.10814 eV ==== 
     psi = 0.104*[#   2]+0.104*[#   3]+0.104*[#   4]+0.084*[#  20]+0.043*[#  11]
          +0.023*[#  21]+0.023*[#  22]+0.023*[#  23]+0.012*[#   1]+0.003*[#  10]
          +0.002*[#  25]+0.002*[#  26]+0.002*[#  28]+0.002*[#  16]+0.002*[#  17]
          +0.002*[#  19]
    |psi|^2 = 0.538
==== e(  26) =    22.00230 eV ==== 
     psi = 0.141*[#   2]+0.141*[#   3]+0.141*[#   4]+0.076*[#  11]+0.037*[#  20]
          +0.031*[#   1]+0.025*[#  21]+0.025*[#  22]+0.025*[#  23]+0.009*[#  25]
          +0.009*[#  26]+0.009*[#  28]+0.002*[#  10]
    |psi|^2 = 0.677
==== e(  27) =    22.79957 eV ==== 
     psi = 0.113*[#   2]+0.113*[#   3]+0.113*[#   4]+0.022*[#  21]+0.022*[#  22]
          +0.022*[#  23]+0.003*[#  25]+0.003*[#  26]+0.003*[#  28]
    |psi|^2 = 0.417
==== e(  28) =    22.82726 eV ==== 
     psi = 0.076*[#   2]+0.076*[#   3]+0.076*[#   4]+0.041*[#  11]+0.014*[#   1]
          +0.012*[#  21]+0.012*[#  22]+0.012*[#  23]+0.011*[#  20]+0.002*[#  25]
          +0.002*[#  26]+0.002*[#  28]+0.001*[#  10]
    |psi|^2 = 0.342

 k =  -0.1666666667  0.3333333333 -0.1666666667
==== e(   1) =   -91.24315 eV ==== 
     psi = 0.952*[#  10]+0.008*[#  21]+0.008*[#  22]+0.008*[#  23]+0.006*[#  11]
          +0.005*[#   2]+0.005*[#   3]+0.005*[#   4]+0.004*[#  20]
    |psi|^2 = 1.000
==== e(   2) =   -51.63465 eV ==== 
     psi = 0.333*[#  12]+0.333*[#  13]+0.333*[#  14]
    |psi|^2 = 1.000
==== e(   3) =   -51.63453 eV ==== 
     psi = 0.333*[#  12]+0.333*[#  13]+0.333*[#  14]
    |psi|^2 = 1.000
==== e(   4) =   -51.63446 eV ==== 
     psi = 0.333*[#  12]+0.333*[#  13]+0.333*[#  14]
    |psi|^2 = 1.000
==== e(   5) =     4.54035 eV ==== 
     psi = 0.246*[#  20]+0.180*[#   1]+0.168*[#  11]+0.062*[#  21]+0.062*[#  22]
          +0.062*[#  23]+0.061*[#   2]+0.061*[#   3]+0.061*[#   4]+0.015*[#  10]
          +0.003*[#  25]+0.003*[#  26]+0.003*[#  28]+0.001*[#   6]+0.001*[#   7]
          +0.001*[#   9]+0.001*[#  16]+0.001*[#  17]+0.001*[#  19]
    |psi|^2 = 0.996
==== e(   6) =     7.51763 eV ==== 
     psi = 0.212*[#  25]+0.212*[#  26]+0.212*[#  28]+0.058*[#   5]+0.058*[#   8]
          +0.040*[#  24]+0.040*[#  27]+0.030*[#   6]+0.030*[#   7]+0.030*[#   9]
          +0.021*[#   1]+0.015*[#  11]+0.006*[#  16]+0.006*[#  17]+0.006*[#  19]
          +0.004*[#   2]+0.004*[#   3]+0.004*[#   4]+0.003*[#  15]+0.003*[#  18]
          +0.001*[#  21]+0.001*[#  22]+0.001*[#  23]
    |psi|^2 = 0.995
==== e(   7) =     7.64567 eV ==== 
     psi = 0.161*[#  24]+0.161*[#  27]+0.103*[#  25]+0.103*[#  26]+0.103*[#  28]
          +0.067*[#   5]+0.067*[#   8]+0.054*[#  15]+0.054*[#  18]+0.018*[#   6]
          +0.018*[#   7]+0.018*[#   9]+0.010*[#  16]+0.010*[#  17]+0.010*[#  19]
          +0.010*[#   1]+0.008*[#   2]+0.008*[#   3]+0.008*[#   4]+0.004*[#  11]
          
    |psi|^2 = 0.997
==== e(   8) =     7.68108 eV ==== 
     psi = 0.151*[#  25]+0.151*[#  26]+0.151*[#  28]+0.097*[#  24]+0.097*[#  27]
          +0.085*[#   5]+0.085*[#   8]+0.038*[#  15]+0.038*[#  18]+0.020*[#   6]
          +0.020*[#   7]+0.020*[#   9]+0.007*[#   2]+0.007*[#   3]+0.007*[#   4]
          +0.007*[#  16]+0.007*[#  17]+0.007*[#  19]
    |psi|^2 = 0.996
==== e(   9) =     7.78281 eV ==== 
     psi = 0.176*[#  25]+0.176*[#  26]+0.176*[#  28]+0.063*[#  24]+0.063*[#  27]
          +0.047*[#   6]+0.047*[#   7]+0.047*[#   9]+0.030*[#  16]+0.030*[#  17]
          +0.030*[#  19]+0.029*[#  15]+0.029*[#  18]+0.011*[#   5]+0.011*[#   8]
          +0.010*[#   2]+0.010*[#   3]+0.010*[#   4]+0.002*[#  20]
    |psi|^2 = 0.998
==== e(  10) =     7.86799 eV ==== 
     psi = 0.149*[#  24]+0.149*[#  27]+0.087*[#  25]+0.087*[#  26]+0.087*[#  28]
          +0.072*[#   5]+0.072*[#   8]+0.049*[#  15]+0.049*[#  18]+0.042*[#   6]
          +0.042*[#   7]+0.042*[#   9]+0.019*[#  16]+0.019*[#  17]+0.019*[#  19]
          +0.004*[#   2]+0.004*[#   3]+0.004*[#   4]
    |psi|^2 = 0.998
==== e(  11) =     8.92039 eV ==== 
     psi = 0.191*[#   6]+0.191*[#   7]+0.191*[#   9]+0.056*[#   5]+0.056*[#   8]
          +0.052*[#  16]+0.052*[#  17]+0.052*[#  19]+0.017*[#  20]+0.017*[#  21]
          +0.017*[#  22]+0.017*[#  23]+0.015*[#  25]+0.015*[#  26]+0.015*[#  28]
          +0.007*[#  15]+0.007*[#  18]+0.007*[#  11]+0.005*[#   2]+0.005*[#   3]
          +0.005*[#   4]+0.004*[#   1]
    |psi|^2 = 0.998
==== e(  12) =     9.18120 eV ==== 
     psi = 0.199*[#   6]+0.199*[#   7]+0.199*[#   9]+0.063*[#  16]+0.063*[#  17]
          +0.063*[#  19]+0.023*[#  25]+0.023*[#  26]+0.023*[#  28]+0.022*[#   5]
          +0.022*[#   8]+0.018*[#  21]+0.018*[#  22]+0.018*[#  23]+0.009*[#   1]
          +0.006*[#  11]+0.005*[#   2]+0.005*[#   3]+0.005*[#   4]+0.005*[#  15]
          +0.005*[#  18]+0.004*[#  20]+0.001*[#  24]+0.001*[#  27]
    |psi|^2 = 0.998
==== e(  13) =     9.25141 eV ==== 
     psi = 0.195*[#   6]+0.195*[#   7]+0.195*[#   9]+0.066*[#  16]+0.066*[#  17]
          +0.066*[#  19]+0.034*[#   5]+0.034*[#   8]+0.023*[#  25]+0.023*[#  26]
          +0.023*[#  28]+0.012*[#  21]+0.012*[#  22]+0.012*[#  23]+0.009*[#  15]
          +0.009*[#  18]+0.006*[#   2]+0.006*[#   3]+0.006*[#   4]+0.003*[#  24]
          +0.003*[#  27]
    |psi|^2 = 0.998
==== e(  14) =    10.22892 eV ==== 
     psi = 0.248*[#   5]+0.248*[#   8]+0.085*[#  24]+0.085*[#  27]+0.059*[#  16]
          +0.059*[#  17]+0.059*[#  19]+0.032*[#  15]+0.032*[#  18]+0.022*[#   6]
          +0.022*[#   7]+0.022*[#   9]+0.006*[#  25]+0.006*[#  26]+0.006*[#  28]
          +0.002*[#   2]+0.002*[#   3]+0.002*[#   4]
    |psi|^2 = 0.999
==== e(  15) =    10.28619 eV ==== 
     psi = 0.165*[#   5]+0.165*[#   8]+0.118*[#  16]+0.118*[#  17]+0.118*[#  19]
          +0.084*[#  15]+0.084*[#  18]+0.029*[#  24]+0.029*[#  27]+0.020*[#   6]
          +0.020*[#   7]+0.020*[#   9]+0.005*[#  25]+0.005*[#  26]+0.005*[#  28]
          +0.003*[#   1]+0.002*[#  21]+0.002*[#  22]+0.002*[#  23]
    |psi|^2 = 0.999
==== e(  16) =    10.35160 eV ==== 
     psi = 0.193*[#  16]+0.193*[#  17]+0.193*[#  19]+0.070*[#   6]+0.070*[#   7]
          +0.070*[#   9]+0.041*[#   5]+0.041*[#   8]+0.016*[#  24]+0.016*[#  27]
          +0.011*[#  25]+0.011*[#  26]+0.011*[#  28]+0.011*[#  15]+0.011*[#  18]
          +0.008*[#   1]+0.004*[#  20]+0.004*[#   2]+0.004*[#   3]+0.004*[#   4]
          +0.004*[#  21]+0.004*[#  22]+0.004*[#  23]+0.002*[#  11]
    |psi|^2 = 0.998
==== e(  17) =    10.73122 eV ==== 
     psi = 0.121*[#  16]+0.121*[#  17]+0.121*[#  19]+0.090*[#  15]+0.090*[#  18]
          +0.059*[#  24]+0.059*[#  27]+0.059*[#   5]+0.059*[#   8]+0.040*[#   6]
          +0.040*[#   7]+0.040*[#   9]+0.026*[#  25]+0.026*[#  26]+0.026*[#  28]
          +0.005*[#   2]+0.005*[#   3]+0.005*[#   4]+0.002*[#  21]+0.002*[#  22]
          +0.002*[#  23]
    |psi|^2 = 0.997
==== e(  18) =    10.75064 eV ==== 
     psi = 0.086*[#  16]+0.086*[#  17]+0.086*[#  19]+0.086*[#  24]+0.086*[#  27]
          +0.077*[#   5]+0.077*[#   8]+0.065*[#   6]+0.065*[#   7]+0.065*[#   9]
          +0.053*[#  15]+0.053*[#  18]+0.033*[#  25]+0.033*[#  26]+0.033*[#  28]
          +0.003*[#   2]+0.003*[#   3]+0.003*[#   4]+0.001*[#   1]
    |psi|^2 = 0.997
==== e(  19) =    11.20809 eV ==== 
     psi = 0.277*[#  15]+0.277*[#  18]+0.104*[#  24]+0.104*[#  27]+0.049*[#  16]
          +0.049*[#  17]+0.049*[#  19]+0.018*[#  25]+0.018*[#  26]+0.018*[#  28]
          +0.009*[#   6]+0.009*[#   7]+0.009*[#   9]+0.002*[#   5]+0.002*[#   8]
          +0.001*[#   2]+0.001*[#   3]+0.001*[#   4]
    |psi|^2 = 0.998
==== e(  20) =    11.36258 eV ==== 
     psi = 0.246*[#  15]+0.246*[#  18]+0.097*[#  24]+0.097*[#  27]+0.071*[#  16]
          +0.071*[#  17]+0.071*[#  19]+0.025*[#  25]+0.025*[#  26]+0.025*[#  28]
          +0.006*[#   6]+0.006*[#   7]+0.006*[#   9]+0.001*[#   2]+0.001*[#   3]
          +0.001*[#   4]
    |psi|^2 = 0.999
==== e(  21) =    15.65127 eV ==== 
     psi = 0.183*[#  20]+0.106*[#   1]+0.087*[#  21]+0.087*[#  22]+0.087*[#  23]
          +0.055*[#  11]+0.052*[#   2]+0.052*[#   3]+0.052*[#   4]+0.031*[#  25]
          +0.031*[#  26]+0.031*[#  28]+0.023*[#  16]+0.023*[#  17]+0.023*[#  19]
          +0.011*[#   6]+0.011*[#   7]+0.011*[#   9]+0.001*[#  10]
    |psi|^2 = 0.961
==== e(  22) =    17.96620 eV ==== 
     psi = 0.149*[#  21]+0.149*[#  22]+0.149*[#  23]+0.120*[#   2]+0.120*[#   3]
          +0.120*[#   4]+0.015*[#  25]+0.015*[#  26]+0.015*[#  28]+0.009*[#  16]
          +0.009*[#  17]+0.009*[#  19]+0.004*[#   6]+0.004*[#   7]+0.004*[#   9]
          +0.002*[#  15]+0.002*[#  18]
    |psi|^2 = 0.899
==== e(  23) =    18.81832 eV ==== 
     psi = 0.141*[#   1]+0.121*[#  20]+0.112*[#  21]+0.112*[#  22]+0.112*[#  23]
          +0.081*[#  11]+0.055*[#   2]+0.055*[#   3]+0.055*[#   4]+0.009*[#  25]
          +0.009*[#  26]+0.009*[#  28]+0.006*[#  16]+0.006*[#  17]+0.006*[#  19]
          +0.004*[#  15]+0.004*[#  18]+0.003*[#   6]+0.003*[#   7]+0.003*[#   9]
          +0.002*[#  24]+0.002*[#  27]+0.002*[#   5]+0.002*[#   8]
    |psi|^2 = 0.914
==== e(  24) =    20.06208 eV ==== 
     psi = 0.215*[#  11]+0.150*[#   1]+0.066*[#   2]+0.066*[#   3]+0.066*[#   4]
          +0.039*[#  21]+0.039*[#  22]+0.039*[#  23]+0.035*[#  20]+0.009*[#  10]
          +0.005*[#  25]+0.005*[#  26]+0.005*[#  28]+0.002*[#  24]+0.002*[#  27]
          +0.001*[#  16]+0.001*[#  17]+0.001*[#  19]
    |psi|^2 = 0.751
==== e(  25) =    21.82985 eV ==== 
     psi = 0.117*[#  11]+0.096*[#   1]+0.094*[#  21]+0.094*[#  22]+0.094*[#  23]
          +0.075*[#   2]+0.075*[#   3]+0.075*[#   4]+0.051*[#  20]+0.004*[#  10]
          +0.003*[#  25]+0.003*[#  26]+0.003*[#  28]+0.002*[#  16]+0.002*[#  17]
          +0.002*[#  19]+0.001*[#   6]+0.001*[#   7]+0.001*[#   9]
    |psi|^2 = 0.796
==== e(  26) =    21.91409 eV ==== 
     psi = 0.149*[#   2]+0.149*[#   3]+0.149*[#   4]+0.070*[#  20]+0.042*[#  11]
          +0.040*[#   1]+0.021*[#  21]+0.021*[#  22]+0.021*[#  23]+0.010*[#  25]
          +0.010*[#  26]+0.010*[#  28]+0.001*[#  24]+0.001*[#  27]+0.001*[#  15]
          +0.001*[#  18]
    |psi|^2 = 0.701
==== e(  27) =    22.68523 eV ==== 
     psi = 0.112*[#   2]+0.112*[#   3]+0.112*[#   4]+0.027*[#  21]+0.027*[#  22]
          +0.027*[#  23]+0.003*[#  25]+0.003*[#  26]+0.003*[#  28]+0.002*[#  24]
          +0.002*[#  27]
    |psi|^2 = 0.435
==== e(  28) =    22.72171 eV ==== 
     psi = 0.113*[#  11]+0.081*[#  20]+0.056*[#   1]+0.046*[#   2]+0.046*[#   3]
          +0.046*[#   4]+0.004*[#  10]+0.002*[#  21]+0.002*[#  22]+0.002*[#  23]
          +0.002*[#  25]+0.002*[#  26]+0.002*[#  28]
    |psi|^2 = 0.411

 k =  -0.2500000000  0.4166666667 -0.2500000000
==== e(   1) =   -91.24296 eV ==== 
     psi = 0.951*[#  10]+0.007*[#  21]+0.007*[#  22]+0.007*[#  23]+0.007*[#  11]
          +0.006*[#   2]+0.006*[#   3]+0.006*[#   4]+0.002*[#  20]
    |psi|^2 = 1.000
==== e(   2) =   -51.63459 eV ==== 
     psi = 0.332*[#  12]+0.332*[#  13]+0.332*[#  14]
    |psi|^2 = 1.000
==== e(   3) =   -51.63446 eV ==== 
     psi = 0.333*[#  12]+0.333*[#  13]+0.333*[#  14]
    |psi|^2 = 1.000
==== e(   4) =   -51.63443 eV ==== 
     psi = 0.333*[#  12]+0.333*[#  13]+0.333*[#  14]
    |psi|^2 = 1.000
==== e(   5) =     5.09784 eV ==== 
     psi = 0.230*[#  20]+0.156*[#   1]+0.132*[#  11]+0.073*[#   2]+0.073*[#   3]
          +0.073*[#   4]+0.065*[#  21]+0.065*[#  22]+0.065*[#  23]+0.014*[#  10]
          +0.011*[#  25]+0.011*[#  26]+0.011*[#  28]+0.003*[#   6]+0.003*[#   7]
          +0.003*[#   9]+0.002*[#  16]+0.002*[#  17]+0.002*[#  19]
    |psi|^2 = 0.997
==== e(   6) =     7.47705 eV ==== 
     psi = 0.224*[#  25]+0.224*[#  26]+0.224*[#  28]+0.043*[#   5]+0.043*[#   8]
          +0.029*[#   1]+0.025*[#   6]+0.025*[#   7]+0.025*[#   9]+0.024*[#  11]
          +0.017*[#  24]+0.017*[#  27]+0.010*[#  15]+0.010*[#  18]+0.008*[#  16]
          +0.008*[#  17]+0.008*[#  19]+0.005*[#   2]+0.005*[#   3]+0.005*[#   4]
          +0.005*[#  21]+0.005*[#  22]+0.005*[#  23]+0.001*[#  20]
    |psi|^2 = 0.997
==== e(   7) =     7.66173 eV ==== 
     psi = 0.183*[#  25]+0.183*[#  26]+0.183*[#  28]+0.067*[#   5]+0.067*[#   8]
          +0.062*[#  24]+0.062*[#  27]+0.032*[#  15]+0.032*[#  18]+0.023*[#   6]
          +0.023*[#   7]+0.023*[#   9]+0.010*[#  16]+0.010*[#  17]+0.010*[#  19]
          +0.009*[#   2]+0.009*[#   3]+0.009*[#   4]
    |psi|^2 = 0.997
==== e(   8) =     7.67259 eV ==== 
     psi = 0.146*[#  25]+0.146*[#  26]+0.146*[#  28]+0.109*[#  24]+0.109*[#  27]
          +0.052*[#   5]+0.052*[#   8]+0.030*[#   6]+0.030*[#   7]+0.030*[#   9]
          +0.029*[#  15]+0.029*[#  18]+0.010*[#   1]+0.010*[#  16]+0.010*[#  17]
          +0.010*[#  19]+0.009*[#   2]+0.009*[#   3]+0.009*[#   4]+0.006*[#  11]
          +0.004*[#  20]+0.003*[#  21]+0.003*[#  22]+0.003*[#  23]
    |psi|^2 = 0.997
==== e(   9) =     7.85531 eV ==== 
     psi = 0.149*[#  24]+0.149*[#  27]+0.088*[#  25]+0.088*[#  26]+0.088*[#  28]
          +0.058*[#   6]+0.058*[#   7]+0.058*[#   9]+0.038*[#  16]+0.038*[#  17]
          +0.038*[#  19]+0.036*[#  15]+0.036*[#  18]+0.026*[#   5]+0.026*[#   8]
          +0.006*[#   2]+0.006*[#   3]+0.006*[#   4]+0.006*[#  20]
    |psi|^2 = 0.998
==== e(  10) =     8.00078 eV ==== 
     psi = 0.196*[#  24]+0.196*[#  27]+0.075*[#   5]+0.075*[#   8]+0.056*[#   6]
          +0.056*[#   7]+0.056*[#   9]+0.043*[#  25]+0.043*[#  26]+0.043*[#  28]
          +0.043*[#  15]+0.043*[#  18]+0.022*[#  16]+0.022*[#  17]+0.022*[#  19]
          +0.002*[#   2]+0.002*[#   3]+0.002*[#   4]
    |psi|^2 = 0.998
==== e(  11) =     8.89731 eV ==== 
     psi = 0.169*[#   6]+0.169*[#   7]+0.169*[#   9]+0.045*[#   5]+0.045*[#   8]
          +0.036*[#  21]+0.036*[#  22]+0.036*[#  23]+0.031*[#  16]+0.031*[#  17]
          +0.031*[#  19]+0.027*[#  20]+0.023*[#  25]+0.023*[#  26]+0.023*[#  28]
          +0.022*[#  11]+0.018*[#   1]+0.016*[#   2]+0.016*[#   3]+0.016*[#   4]
          +0.007*[#  15]+0.007*[#  18]+0.002*[#  10]
    |psi|^2 = 0.997
==== e(  12) =     9.21138 eV ==== 
     psi = 0.169*[#   6]+0.169*[#   7]+0.169*[#   9]+0.077*[#   5]+0.077*[#   8]
          +0.054*[#  16]+0.054*[#  17]+0.054*[#  19]+0.020*[#  21]+0.020*[#  22]
          +0.020*[#  23]+0.017*[#  15]+0.017*[#  18]+0.013*[#  25]+0.013*[#  26]
          +0.013*[#  28]+0.011*[#   1]+0.006*[#  11]+0.005*[#   2]+0.005*[#   3]
          +0.005*[#   4]+0.005*[#  24]+0.005*[#  27]+0.002*[#  20]
    |psi|^2 = 0.998
==== e(  13) =     9.36073 eV ==== 
     psi = 0.163*[#   6]+0.163*[#   7]+0.163*[#   9]+0.076*[#   5]+0.076*[#   8]
          +0.055*[#  16]+0.055*[#  17]+0.055*[#  19]+0.027*[#  15]+0.027*[#  18]
          +0.020*[#  25]+0.020*[#  26]+0.020*[#  28]+0.011*[#  21]+0.011*[#  22]
          +0.011*[#  23]+0.010*[#  24]+0.010*[#  27]+0.007*[#   2]+0.007*[#   3]
          +0.007*[#   4]
    |psi|^2 = 0.998
==== e(  14) =    10.02300 eV ==== 
     psi = 0.208*[#   5]+0.208*[#   8]+0.074*[#  16]+0.074*[#  17]+0.074*[#  19]
          +0.064*[#  24]+0.064*[#  27]+0.045*[#   6]+0.045*[#   7]+0.045*[#   9]
          +0.032*[#  15]+0.032*[#  18]+0.009*[#  25]+0.009*[#  26]+0.009*[#  28]
          +0.002*[#   2]+0.002*[#   3]+0.002*[#   4]
    |psi|^2 = 0.999
==== e(  15) =    10.12901 eV ==== 
     psi = 0.174*[#  16]+0.174*[#  17]+0.174*[#  19]+0.083*[#   5]+0.083*[#   8]
          +0.056*[#   6]+0.056*[#   7]+0.056*[#   9]+0.030*[#  15]+0.030*[#  18]
          +0.013*[#   1]+0.013*[#  24]+0.013*[#  27]+0.007*[#  25]+0.007*[#  26]
          +0.007*[#  28]+0.005*[#  21]+0.005*[#  22]+0.005*[#  23]+0.004*[#  20]
          +0.002*[#   2]+0.002*[#   3]+0.002*[#   4]+0.001*[#  11]
    |psi|^2 = 0.998
==== e(  16) =    10.17212 eV ==== 
     psi = 0.141*[#  16]+0.141*[#  17]+0.141*[#  19]+0.085*[#   5]+0.085*[#   8]
          +0.066*[#   6]+0.066*[#   7]+0.066*[#   9]+0.059*[#  15]+0.059*[#  18]
          +0.021*[#  24]+0.021*[#  27]+0.006*[#  20]+0.005*[#  25]+0.005*[#  26]
          +0.005*[#  28]+0.004*[#   1]+0.004*[#  21]+0.004*[#  22]+0.004*[#  23]
          +0.003*[#   2]+0.003*[#   3]+0.003*[#   4]
    |psi|^2 = 0.999
==== e(  17) =    10.77977 eV ==== 
     psi = 0.115*[#  15]+0.115*[#  18]+0.105*[#  24]+0.105*[#  27]+0.084*[#   5]
          +0.084*[#   8]+0.049*[#   6]+0.049*[#   7]+0.049*[#   9]+0.048*[#  16]
          +0.048*[#  17]+0.048*[#  19]+0.028*[#  25]+0.028*[#  26]+0.028*[#  28]
          +0.002*[#   2]+0.002*[#   3]+0.002*[#   4]+0.001*[#  21]+0.001*[#  22]
          +0.001*[#  23]+0.001*[#   1]
    |psi|^2 = 0.998
==== e(  18) =    10.78806 eV ==== 
     psi = 0.186*[#  15]+0.186*[#  18]+0.092*[#  24]+0.092*[#  27]+0.066*[#   5]
          +0.066*[#   8]+0.062*[#  16]+0.062*[#  17]+0.062*[#  19]+0.019*[#   6]
          +0.019*[#   7]+0.019*[#   9]+0.017*[#  25]+0.017*[#  26]+0.017*[#  28]
          +0.003*[#   2]+0.003*[#   3]+0.003*[#   4]+0.002*[#  21]+0.002*[#  22]
          +0.002*[#  23]
    |psi|^2 = 0.998
==== e(  19) =    11.22228 eV ==== 
     psi = 0.171*[#  15]+0.171*[#  18]+0.099*[#  16]+0.099*[#  17]+0.099*[#  19]
          +0.072*[#  24]+0.072*[#  27]+0.043*[#  25]+0.043*[#  26]+0.043*[#  28]
          +0.023*[#   6]+0.023*[#   7]+0.023*[#   9]+0.005*[#   5]+0.005*[#   8]
          +0.002*[#   2]+0.002*[#   3]+0.002*[#   4]
    |psi|^2 = 0.997
==== e(  20) =    11.36970 eV ==== 
     psi = 0.184*[#  15]+0.184*[#  18]+0.103*[#  16]+0.103*[#  17]+0.103*[#  19]
          +0.073*[#  24]+0.073*[#  27]+0.042*[#  25]+0.042*[#  26]+0.042*[#  28]
          +0.014*[#   6]+0.014*[#   7]+0.014*[#   9]+0.002*[#   2]+0.002*[#   3]
          +0.002*[#   4]
    |psi|^2 = 0.998
==== e(  21) =    13.97935 eV ==== 
     psi = 0.163*[#  20]+0.077*[#   1]+0.069*[#  21]+0.069*[#  22]+0.069*[#  23]
          +0.053*[#  11]+0.050*[#  25]+0.050*[#  26]+0.050*[#  28]+0.046*[#   2]
          +0.046*[#   3]+0.046*[#   4]+0.045*[#  16]+0.045*[#  17]+0.045*[#  19]
          +0.020*[#   6]+0.020*[#   7]+0.020*[#   9]
    |psi|^2 = 0.986
==== e(  22) =    17.47342 eV ==== 
     psi = 0.158*[#  21]+0.158*[#  22]+0.158*[#  23]+0.114*[#   2]+0.114*[#   3]
          +0.114*[#   4]+0.011*[#  25]+0.011*[#  26]+0.011*[#  28]+0.009*[#  16]
          +0.009*[#  17]+0.009*[#  19]+0.006*[#  15]+0.006*[#  18]+0.004*[#   6]
          +0.004*[#   7]+0.004*[#   9]+0.003*[#   5]+0.003*[#   8]
    |psi|^2 = 0.908
==== e(  23) =    18.10103 eV ==== 
     psi = 0.127*[#  21]+0.127*[#  22]+0.127*[#  23]+0.091*[#   1]+0.079*[#  20]
          +0.067*[#   2]+0.067*[#   3]+0.067*[#   4]+0.062*[#  11]+0.008*[#  15]
          +0.008*[#  18]+0.007*[#  25]+0.007*[#  26]+0.007*[#  28]+0.006*[#  16]
          +0.006*[#  17]+0.006*[#  19]+0.003*[#   5]+0.003*[#   8]+0.003*[#   6]
          +0.003*[#   7]+0.003*[#   9]+0.003*[#  24]+0.003*[#  27]
    |psi|^2 = 0.891
==== e(  24) =    19.80645 eV ==== 
     psi = 0.252*[#  11]+0.195*[#   1]+0.073*[#  20]+0.057*[#   2]+0.057*[#   3]
          +0.057*[#   4]+0.035*[#  21]+0.035*[#  22]+0.035*[#  23]+0.013*[#  10]
          +0.006*[#  25]+0.006*[#  26]+0.006*[#  28]+0.002*[#  24]+0.002*[#  27]
          +0.002*[#  16]+0.002*[#  17]+0.002*[#  19]+0.001*[#   6]+0.001*[#   7]
          +0.001*[#   9]
    |psi|^2 = 0.838
==== e(  25) =    21.90268 eV ==== 
     psi = 0.153*[#   2]+0.153*[#   3]+0.153*[#   4]+0.099*[#  20]+0.074*[#   1]
          +0.026*[#  21]+0.026*[#  22]+0.026*[#  23]+0.026*[#  11]+0.009*[#  25]
          +0.009*[#  26]+0.009*[#  28]+0.002*[#  24]+0.002*[#  27]+0.002*[#  15]
          +0.002*[#  18]
    |psi|^2 = 0.774
==== e(  26) =    22.30304 eV ==== 
     psi = 0.250*[#  11]+0.150*[#   1]+0.046*[#  21]+0.046*[#  22]+0.046*[#  23]
          +0.039*[#  20]+0.029*[#   2]+0.029*[#   3]+0.029*[#   4]+0.010*[#  10]
          +0.005*[#  25]+0.005*[#  26]+0.005*[#  28]+0.001*[#  16]+0.001*[#  17]
          +0.001*[#  19]
    |psi|^2 = 0.696
==== e(  27) =    22.42660 eV ==== 
     psi = 0.125*[#   2]+0.125*[#   3]+0.125*[#   4]+0.034*[#  21]+0.034*[#  22]
          +0.034*[#  23]+0.004*[#  25]+0.004*[#  26]+0.004*[#  28]+0.003*[#  24]
          +0.003*[#  27]+0.002*[#  15]+0.002*[#  18]
    |psi|^2 = 0.501
==== e(  28) =    23.22843 eV ==== 
     psi = 0.116*[#  20]+0.061*[#  11]+0.060*[#   2]+0.060*[#   3]+0.060*[#   4]
          +0.054*[#  21]+0.054*[#  22]+0.054*[#  23]+0.042*[#   1]+0.002*[#  25]
          +0.002*[#  26]+0.002*[#  28]+0.001*[#  16]+0.001*[#  17]+0.001*[#  19]
          
    |psi|^2 = 0.575

 k =  -0.3333333333  0.5000000000 -0.3333333333
==== e(   1) =   -91.24288 eV ==== 
     psi = 0.951*[#  10]+0.007*[#  11]+0.006*[#   2]+0.006*[#   3]+0.006*[#   4]
          +0.006*[#  21]+0.006*[#  22]+0.006*[#  23]+0.001*[#  20]
    |psi|^2 = 1.000
==== e(   2) =   -51.63462 eV ==== 
     psi = 0.332*[#  12]+0.332*[#  13]+0.332*[#  14]
    |psi|^2 = 1.000
==== e(   3) =   -51.63445 eV ==== 
     psi = 0.333*[#  12]+0.333*[#  13]+0.333*[#  14]
    |psi|^2 = 1.000
==== e(   4) =   -51.63441 eV ==== 
     psi = 0.333*[#  12]+0.333*[#  13]+0.333*[#  14]
    |psi|^2 = 1.000
==== e(   5) =     5.67462 eV ==== 
     psi = 0.230*[#  20]+0.147*[#   1]+0.110*[#  11]+0.075*[#   2]+0.075*[#   3]
          +0.075*[#   4]+0.045*[#  21]+0.045*[#  22]+0.045*[#  23]+0.036*[#  25]
          +0.036*[#  26]+0.036*[#  28]+0.010*[#  10]+0.006*[#   6]+0.006*[#   7]
          +0.006*[#   9]+0.004*[#  16]+0.004*[#  17]+0.004*[#  19]
    |psi|^2 = 0.997
==== e(   6) =     7.46821 eV ==== 
     psi = 0.205*[#  25]+0.205*[#  26]+0.205*[#  28]+0.048*[#   5]+0.048*[#   8]
          +0.028*[#   1]+0.025*[#  11]+0.024*[#   6]+0.024*[#   7]+0.024*[#   9]
          +0.019*[#  15]+0.019*[#  18]+0.017*[#  24]+0.017*[#  27]+0.012*[#  21]
          +0.012*[#  22]+0.012*[#  23]+0.010*[#  16]+0.010*[#  17]+0.010*[#  19]
          +0.006*[#   2]+0.006*[#   3]+0.006*[#   4]+0.002*[#  20]+0.001*[#  10]
          
    |psi|^2 = 0.997
==== e(   7) =     7.63699 eV ==== 
     psi = 0.191*[#  25]+0.191*[#  26]+0.191*[#  28]+0.064*[#   5]+0.064*[#   8]
          +0.050*[#  24]+0.050*[#  27]+0.033*[#  15]+0.033*[#  18]+0.023*[#   6]
          +0.023*[#   7]+0.023*[#   9]+0.011*[#  16]+0.011*[#  17]+0.011*[#  19]
          +0.009*[#   2]+0.009*[#   3]+0.009*[#   4]
    |psi|^2 = 0.997
==== e(   8) =     7.72764 eV ==== 
     psi = 0.153*[#  25]+0.153*[#  26]+0.153*[#  28]+0.077*[#  24]+0.077*[#  27]
          +0.043*[#   6]+0.043*[#   7]+0.043*[#   9]+0.031*[#   5]+0.031*[#   8]
          +0.019*[#  15]+0.019*[#  18]+0.019*[#  20]+0.016*[#  16]+0.016*[#  17]
          +0.016*[#  19]+0.013*[#   1]+0.012*[#   2]+0.012*[#   3]+0.012*[#   4]
          +0.010*[#  21]+0.010*[#  22]+0.010*[#  23]+0.009*[#  11]+0.001*[#  10]
          
    |psi|^2 = 0.997
==== e(   9) =     7.94392 eV ==== 
     psi = 0.187*[#  24]+0.187*[#  27]+0.077*[#   6]+0.077*[#   7]+0.077*[#   9]
          +0.044*[#  25]+0.044*[#  26]+0.044*[#  28]+0.043*[#  16]+0.043*[#  17]
          +0.043*[#  19]+0.024*[#   5]+0.024*[#   8]+0.020*[#  15]+0.020*[#  18]
          +0.014*[#  20]+0.006*[#   2]+0.006*[#   3]+0.006*[#   4]+0.003*[#  21]
          +0.003*[#  22]+0.003*[#  23]
    |psi|^2 = 0.998
==== e(  10) =     8.11804 eV ==== 
     psi = 0.224*[#  24]+0.224*[#  27]+0.074*[#   6]+0.074*[#   7]+0.074*[#   9]
          +0.058*[#   5]+0.058*[#   8]+0.027*[#  25]+0.027*[#  26]+0.027*[#  28]
          +0.025*[#  16]+0.025*[#  17]+0.025*[#  19]+0.025*[#  15]+0.025*[#  18]
          +0.001*[#   2]+0.001*[#   3]+0.001*[#   4]
    |psi|^2 = 0.998
==== e(  11) =     8.76002 eV ==== 
     psi = 0.120*[#   6]+0.120*[#   7]+0.120*[#   9]+0.073*[#  21]+0.073*[#  22]
          +0.073*[#  23]+0.043*[#   1]+0.042*[#  11]+0.031*[#   2]+0.031*[#   3]
          +0.031*[#   4]+0.028*[#  16]+0.028*[#  17]+0.028*[#  19]+0.026*[#  20]
          +0.021*[#   5]+0.021*[#   8]+0.021*[#  25]+0.021*[#  26]+0.021*[#  28]
          +0.005*[#  15]+0.005*[#  18]+0.005*[#  24]+0.005*[#  27]+0.004*[#  10]
          
    |psi|^2 = 0.997
==== e(  12) =     9.27579 eV ==== 
     psi = 0.150*[#   5]+0.150*[#   8]+0.125*[#   6]+0.125*[#   7]+0.125*[#   9]
          +0.046*[#  16]+0.046*[#  17]+0.046*[#  19]+0.039*[#  15]+0.039*[#  18]
          +0.015*[#  21]+0.015*[#  22]+0.015*[#  23]+0.012*[#  24]+0.012*[#  27]
          +0.006*[#   1]+0.005*[#  25]+0.005*[#  26]+0.005*[#  28]+0.004*[#   2]
          +0.004*[#   3]+0.004*[#   4]+0.002*[#  11]
    |psi|^2 = 0.998
==== e(  13) =     9.45111 eV ==== 
     psi = 0.141*[#   5]+0.141*[#   8]+0.100*[#   6]+0.100*[#   7]+0.100*[#   9]
          +0.062*[#  15]+0.062*[#  18]+0.048*[#  16]+0.048*[#  17]+0.048*[#  19]
          +0.027*[#  24]+0.027*[#  27]+0.012*[#  25]+0.012*[#  26]+0.012*[#  28]
          +0.011*[#  21]+0.011*[#  22]+0.011*[#  23]+0.008*[#   2]+0.008*[#   3]
          +0.008*[#   4]
    |psi|^2 = 0.998
==== e(  14) =     9.81415 eV ==== 
     psi = 0.168*[#   5]+0.168*[#   8]+0.090*[#   6]+0.090*[#   7]+0.090*[#   9]
          +0.074*[#  16]+0.074*[#  17]+0.074*[#  19]+0.032*[#  24]+0.032*[#  27]
          +0.029*[#  15]+0.029*[#  18]+0.014*[#  25]+0.014*[#  26]+0.014*[#  28]
          +0.001*[#   2]+0.001*[#   3]+0.001*[#   4]
    |psi|^2 = 0.998
==== e(  15) =     9.96284 eV ==== 
     psi = 0.122*[#   5]+0.122*[#   8]+0.115*[#  16]+0.115*[#  17]+0.115*[#  19]
          +0.063*[#  15]+0.063*[#  18]+0.059*[#   6]+0.059*[#   7]+0.059*[#   9]
          +0.015*[#  24]+0.015*[#  27]+0.013*[#  25]+0.013*[#  26]+0.013*[#  28]
          +0.010*[#   1]+0.006*[#  21]+0.006*[#  22]+0.006*[#  23]+0.002*[#   2]
          +0.002*[#   3]+0.002*[#   4]+0.002*[#  20]+0.001*[#  11]
    |psi|^2 = 0.998
==== e(  16) =    10.05525 eV ==== 
     psi = 0.151*[#  16]+0.151*[#  17]+0.151*[#  19]+0.118*[#   6]+0.118*[#   7]
          +0.118*[#   9]+0.022*[#   5]+0.022*[#   8]+0.017*[#   1]+0.017*[#  15]
          +0.017*[#  18]+0.012*[#  21]+0.012*[#  22]+0.012*[#  23]+0.011*[#  20]
          +0.008*[#  11]+0.007*[#  24]+0.007*[#  27]+0.007*[#  25]+0.007*[#  26]
          +0.007*[#  28]+0.003*[#   2]+0.003*[#   3]+0.003*[#   4]
    |psi|^2 = 0.998
==== e(  17) =    10.82774 eV ==== 
     psi = 0.189*[#  15]+0.189*[#  18]+0.112*[#  24]+0.112*[#  27]+0.074*[#   5]
          +0.074*[#   8]+0.031*[#   6]+0.031*[#   7]+0.031*[#   9]+0.025*[#  16]
          +0.025*[#  17]+0.025*[#  19]+0.021*[#  25]+0.021*[#  26]+0.021*[#  28]
          +0.003*[#  21]+0.003*[#  22]+0.003*[#  23]+0.002*[#  11]+0.001*[#   1]
          +0.001*[#   2]+0.001*[#   3]+0.001*[#   4]
    |psi|^2 = 0.998
==== e(  18) =    10.83528 eV ==== 
     psi = 0.272*[#  15]+0.272*[#  18]+0.113*[#  24]+0.113*[#  27]+0.057*[#   5]
          +0.057*[#   8]+0.021*[#  16]+0.021*[#  17]+0.021*[#  19]+0.007*[#  25]
          +0.007*[#  26]+0.007*[#  28]+0.006*[#   6]+0.006*[#   7]+0.006*[#   9]
          +0.002*[#  21]+0.002*[#  22]+0.002*[#  23]+0.001*[#   2]+0.001*[#   3]
          +0.001*[#   4]
    |psi|^2 = 0.998
==== e(  19) =    11.26807 eV ==== 
     psi = 0.144*[#  16]+0.144*[#  17]+0.144*[#  19]+0.069*[#  25]+0.069*[#  26]
          +0.069*[#  28]+0.066*[#  15]+0.066*[#  18]+0.049*[#  24]+0.049*[#  27]
          +0.036*[#   6]+0.036*[#   7]+0.036*[#   9]+0.006*[#   5]+0.006*[#   8]
          +0.002*[#   2]+0.002*[#   3]+0.002*[#   4]
    |psi|^2 = 0.997
==== e(  20) =    11.36319 eV ==== 
     psi = 0.131*[#  16]+0.131*[#  17]+0.131*[#  19]+0.112*[#  15]+0.112*[#  18]
          +0.060*[#  25]+0.060*[#  26]+0.060*[#  28]+0.058*[#  24]+0.058*[#  27]
          +0.024*[#   6]+0.024*[#   7]+0.024*[#   9]+0.003*[#   2]+0.003*[#   3]
          +0.003*[#   4]+0.001*[#   5]+0.001*[#   8]
    |psi|^2 = 0.998
==== e(  21) =    12.69585 eV ==== 
     psi = 0.112*[#  20]+0.086*[#  16]+0.086*[#  17]+0.086*[#  19]+0.071*[#  25]
          +0.071*[#  26]+0.071*[#  28]+0.039*[#   1]+0.039*[#   2]+0.039*[#   3]
          +0.039*[#   4]+0.038*[#  21]+0.038*[#  22]+0.038*[#  23]+0.035*[#  11]
          +0.033*[#   6]+0.033*[#   7]+0.033*[#   9]+0.001*[#  15]+0.001*[#  18]
          
    |psi|^2 = 0.994
==== e(  22) =    17.21951 eV ==== 
     psi = 0.168*[#  21]+0.168*[#  22]+0.168*[#  23]+0.107*[#   2]+0.107*[#   3]
          +0.107*[#   4]+0.011*[#  15]+0.011*[#  18]+0.007*[#  16]+0.007*[#  17]
          +0.007*[#  19]+0.007*[#  25]+0.007*[#  26]+0.007*[#  28]+0.004*[#   5]
          +0.004*[#   8]+0.003*[#   6]+0.003*[#   7]+0.003*[#   9]
    |psi|^2 = 0.907
==== e(  23) =    17.45619 eV ==== 
     psi = 0.137*[#  21]+0.137*[#  22]+0.137*[#  23]+0.074*[#   2]+0.074*[#   3]
          +0.074*[#   4]+0.069*[#   1]+0.059*[#  20]+0.055*[#  11]+0.012*[#  15]
          +0.012*[#  18]+0.006*[#  16]+0.006*[#  17]+0.006*[#  19]+0.005*[#  25]
          +0.005*[#  26]+0.005*[#  28]+0.005*[#   5]+0.005*[#   8]+0.003*[#  24]
          +0.003*[#  27]+0.003*[#   6]+0.003*[#   7]+0.003*[#   9]
    |psi|^2 = 0.896
==== e(  24) =    19.68120 eV ==== 
     psi = 0.275*[#  11]+0.236*[#   1]+0.067*[#  20]+0.050*[#   2]+0.050*[#   3]
          +0.050*[#   4]+0.035*[#  21]+0.035*[#  22]+0.035*[#  23]+0.015*[#  10]
          +0.005*[#  25]+0.005*[#  26]+0.005*[#  28]+0.002*[#  16]+0.002*[#  17]
          +0.002*[#  19]+0.002*[#  24]+0.002*[#  27]+0.001*[#   6]+0.001*[#   7]
          +0.001*[#   9]
    |psi|^2 = 0.879
==== e(  25) =    21.89909 eV ==== 
     psi = 0.149*[#   1]+0.141*[#   2]+0.141*[#   3]+0.141*[#   4]+0.136*[#  20]
          +0.051*[#  11]+0.012*[#  21]+0.012*[#  22]+0.012*[#  23]+0.009*[#  25]
          +0.009*[#  26]+0.009*[#  28]+0.003*[#  24]+0.003*[#  27]+0.002*[#  15]
          +0.002*[#  18]+0.002*[#  10]
    |psi|^2 = 0.834
==== e(  26) =    22.13518 eV ==== 
     psi = 0.143*[#   2]+0.143*[#   3]+0.143*[#   4]+0.040*[#  21]+0.040*[#  22]
          +0.040*[#  23]+0.005*[#  25]+0.005*[#  26]+0.005*[#  28]+0.004*[#  24]
          +0.004*[#  27]+0.002*[#  15]+0.002*[#  18]
    |psi|^2 = 0.581
==== e(  27) =    22.19014 eV ==== 
     psi = 0.261*[#  11]+0.084*[#  20]+0.073*[#   1]+0.051*[#  21]+0.051*[#  22]
          +0.051*[#  23]+0.024*[#   2]+0.024*[#   3]+0.024*[#   4]+0.008*[#  10]
          +0.007*[#  25]+0.007*[#  26]+0.007*[#  28]+0.002*[#  16]+0.002*[#  17]
          +0.002*[#  19]
    |psi|^2 = 0.680
==== e(  28) =    24.61046 eV ==== 
     psi = 0.082*[#  20]+0.067*[#  21]+0.067*[#  22]+0.067*[#  23]+0.060*[#   1]
          +0.055*[#   2]+0.055*[#   3]+0.055*[#   4]+0.049*[#  11]+0.002*[#  25]
          +0.002*[#  26]+0.002*[#  28]+0.001*[#  10]+0.001*[#  16]+0.001*[#  17]
          +0.001*[#  19]
    |psi|^2 = 0.569

 k =   0.5833333333 -0.4166666667  0.5833333333
==== e(   1) =   -91.24284 eV ==== 
     psi = 0.952*[#  10]+0.007*[#  11]+0.007*[#   2]+0.007*[#   3]+0.007*[#   4]
          +0.005*[#  21]+0.005*[#  22]+0.005*[#  23]+0.001*[#  20]
    |psi|^2 = 1.000
==== e(   2) =   -51.63467 eV ==== 
     psi = 0.332*[#  12]+0.332*[#  13]+0.332*[#  14]
    |psi|^2 = 1.000
==== e(   3) =   -51.63443 eV ==== 
     psi = 0.333*[#  12]+0.333*[#  13]+0.333*[#  14]
    |psi|^2 = 1.000
==== e(   4) =   -51.63440 eV ==== 
     psi = 0.333*[#  12]+0.333*[#  13]+0.333*[#  14]
    |psi|^2 = 1.000
==== e(   5) =     6.03952 eV ==== 
     psi = 0.230*[#  20]+0.146*[#   1]+0.099*[#  11]+0.074*[#  25]+0.074*[#  26]
          +0.074*[#  28]+0.071*[#   2]+0.071*[#   3]+0.071*[#   4]+0.016*[#  21]
          +0.016*[#  22]+0.016*[#  23]+0.006*[#   6]+0.006*[#   7]+0.006*[#   9]
          +0.006*[#  10]+0.004*[#  16]+0.004*[#  17]+0.004*[#  19]
    |psi|^2 = 0.997
==== e(   6) =     7.48647 eV ==== 
     psi = 0.186*[#  25]+0.186*[#  26]+0.186*[#  28]+0.056*[#   5]+0.056*[#   8]
          +0.028*[#  15]+0.028*[#  18]+0.026*[#   6]+0.026*[#   7]+0.026*[#   9]
          +0.022*[#   1]+0.021*[#  24]+0.021*[#  27]+0.020*[#  11]+0.016*[#  21]
          +0.016*[#  22]+0.016*[#  23]+0.011*[#  16]+0.011*[#  17]+0.011*[#  19]
          +0.007*[#   2]+0.007*[#   3]+0.007*[#   4]+0.001*[#  10]+0.001*[#  20]
          
    |psi|^2 = 0.997
==== e(   7) =     7.61779 eV ==== 
     psi = 0.192*[#  25]+0.192*[#  26]+0.192*[#  28]+0.065*[#   5]+0.065*[#   8]
          +0.047*[#  24]+0.047*[#  27]+0.033*[#  15]+0.033*[#  18]+0.023*[#   6]
          +0.023*[#   7]+0.023*[#   9]+0.011*[#  16]+0.011*[#  17]+0.011*[#  19]
          +0.008*[#   2]+0.008*[#   3]+0.008*[#   4]
    |psi|^2 = 0.997
==== e(   8) =     7.84687 eV ==== 
     psi = 0.120*[#  25]+0.120*[#  26]+0.120*[#  28]+0.096*[#   6]+0.096*[#   7]
          +0.096*[#   9]+0.059*[#  20]+0.047*[#  24]+0.047*[#  27]+0.029*[#  16]
          +0.029*[#  17]+0.029*[#  19]+0.012*[#  21]+0.012*[#  22]+0.012*[#  23]
          +0.010*[#   2]+0.010*[#   3]+0.010*[#   4]+0.009*[#  15]+0.009*[#  18]
          +0.008*[#   5]+0.008*[#   8]+0.006*[#  11]+0.005*[#   1]
    |psi|^2 = 0.998
==== e(   9) =     7.96206 eV ==== 
     psi = 0.202*[#  24]+0.202*[#  27]+0.057*[#   6]+0.057*[#   7]+0.057*[#   9]
          +0.041*[#  16]+0.041*[#  17]+0.041*[#  19]+0.031*[#   5]+0.031*[#   8]
          +0.023*[#  25]+0.023*[#  26]+0.023*[#  28]+0.021*[#  21]+0.021*[#  22]
          +0.021*[#  23]+0.019*[#   2]+0.019*[#   3]+0.019*[#   4]+0.016*[#  20]
          +0.011*[#   1]+0.009*[#  15]+0.009*[#  18]+0.005*[#  11]+0.002*[#  10]
          
    |psi|^2 = 0.998
==== e(  10) =     8.16742 eV ==== 
     psi = 0.243*[#  24]+0.243*[#  27]+0.083*[#   6]+0.083*[#   7]+0.083*[#   9]
          +0.040*[#   5]+0.040*[#   8]+0.028*[#  16]+0.028*[#  17]+0.028*[#  19]
          +0.021*[#  25]+0.021*[#  26]+0.021*[#  28]+0.012*[#  15]+0.012*[#  18]
          +0.002*[#   2]+0.002*[#   3]+0.002*[#   4]
    |psi|^2 = 0.998
==== e(  11) =     8.59949 eV ==== 
     psi = 0.103*[#  21]+0.103*[#  22]+0.103*[#  23]+0.068*[#   6]+0.068*[#   7]
          +0.068*[#   9]+0.064*[#   1]+0.055*[#  11]+0.039*[#   2]+0.039*[#   3]
          +0.039*[#   4]+0.028*[#  16]+0.028*[#  17]+0.028*[#  19]+0.027*[#  25]
          +0.027*[#  26]+0.027*[#  28]+0.021*[#  24]+0.021*[#  27]+0.012*[#   5]
          +0.012*[#   8]+0.007*[#  10]+0.004*[#  20]+0.004*[#  15]+0.004*[#  18]
          
    |psi|^2 = 0.997
==== e(  12) =     9.37821 eV ==== 
     psi = 0.199*[#   5]+0.199*[#   8]+0.072*[#   6]+0.072*[#   7]+0.072*[#   9]
          +0.065*[#  15]+0.065*[#  18]+0.045*[#  16]+0.045*[#  17]+0.045*[#  19]
          +0.027*[#  24]+0.027*[#  27]+0.012*[#  21]+0.012*[#  22]+0.012*[#  23]
          +0.006*[#   2]+0.006*[#   3]+0.006*[#   4]+0.004*[#   1]+0.002*[#  25]
          +0.002*[#  26]+0.002*[#  28]+0.001*[#  20]
    |psi|^2 = 0.998
==== e(  13) =     9.44848 eV ==== 
     psi = 0.227*[#   5]+0.227*[#   8]+0.083*[#  15]+0.083*[#  18]+0.042*[#  24]
          +0.042*[#  27]+0.041*[#   6]+0.041*[#   7]+0.041*[#   9]+0.039*[#  16]
          +0.039*[#  17]+0.039*[#  19]+0.010*[#  21]+0.010*[#  22]+0.010*[#  23]
          +0.008*[#   2]+0.008*[#   3]+0.008*[#   4]
    |psi|^2 = 0.998
==== e(  14) =     9.73750 eV ==== 
     psi = 0.135*[#   6]+0.135*[#   7]+0.135*[#   9]+0.103*[#   5]+0.103*[#   8]
          +0.081*[#  16]+0.081*[#  17]+0.081*[#  19]+0.036*[#  15]+0.036*[#  18]
          +0.022*[#  25]+0.022*[#  26]+0.022*[#  28]+0.001*[#  21]+0.001*[#  22]
          +0.001*[#  23]
    |psi|^2 = 0.998
==== e(  15) =     9.81693 eV ==== 
     psi = 0.118*[#   5]+0.118*[#   8]+0.099*[#   6]+0.099*[#   7]+0.099*[#   9]
          +0.084*[#  16]+0.084*[#  17]+0.084*[#  19]+0.056*[#  15]+0.056*[#  18]
          +0.020*[#  25]+0.020*[#  26]+0.020*[#  28]+0.006*[#  24]+0.006*[#  27]
          +0.005*[#   1]+0.005*[#  21]+0.005*[#  22]+0.005*[#  23]+0.003*[#   2]
          +0.003*[#   3]+0.003*[#   4]+0.001*[#  20]
    |psi|^2 = 0.998
==== e(  16) =    10.00502 eV ==== 
     psi = 0.144*[#   6]+0.144*[#   7]+0.144*[#   9]+0.121*[#  16]+0.121*[#  17]
          +0.121*[#  19]+0.034*[#   1]+0.025*[#  21]+0.025*[#  22]+0.025*[#  23]
          +0.022*[#  11]+0.012*[#  20]+0.011*[#  25]+0.011*[#  26]+0.011*[#  28]
          +0.005*[#   5]+0.005*[#   8]+0.003*[#  24]+0.003*[#  27]+0.003*[#  15]
          +0.003*[#  18]+0.001*[#   2]+0.001*[#   3]+0.001*[#   4]
    |psi|^2 = 0.996
==== e(  17) =    10.84250 eV ==== 
     psi = 0.288*[#  15]+0.288*[#  18]+0.121*[#  24]+0.121*[#  27]+0.055*[#   5]
          +0.055*[#   8]+0.008*[#   6]+0.008*[#   7]+0.008*[#   9]+0.007*[#  16]
          +0.007*[#  17]+0.007*[#  19]+0.007*[#  25]+0.007*[#  26]+0.007*[#  28]
          +0.002*[#  21]+0.002*[#  22]+0.002*[#  23]
    |psi|^2 = 0.999
==== e(  18) =    10.87679 eV ==== 
     psi = 0.260*[#  15]+0.260*[#  18]+0.113*[#  24]+0.113*[#  27]+0.062*[#   5]
          +0.062*[#   8]+0.015*[#   6]+0.015*[#   7]+0.015*[#   9]+0.013*[#  25]
          +0.013*[#  26]+0.013*[#  28]+0.007*[#  16]+0.007*[#  17]+0.007*[#  19]
          +0.004*[#  21]+0.004*[#  22]+0.004*[#  23]+0.003*[#  11]+0.003*[#   1]
          +0.001*[#  20]
    |psi|^2 = 0.998
==== e(  19) =    11.32818 eV ==== 
     psi = 0.159*[#  16]+0.159*[#  17]+0.159*[#  19]+0.081*[#  25]+0.081*[#  26]
          +0.081*[#  28]+0.039*[#   6]+0.039*[#   7]+0.039*[#   9]+0.040*[#  24]
          +0.040*[#  27]+0.031*[#  15]+0.031*[#  18]+0.004*[#   5]+0.004*[#   8]
          +0.002*[#   2]+0.002*[#   3]+0.002*[#   4]
    |psi|^2 = 0.997
==== e(  20) =    11.33288 eV ==== 
     psi = 0.153*[#  16]+0.153*[#  17]+0.153*[#  19]+0.073*[#  25]+0.073*[#  26]
          +0.073*[#  28]+0.053*[#  24]+0.053*[#  27]+0.046*[#  15]+0.046*[#  18]
          +0.035*[#   6]+0.035*[#   7]+0.035*[#   9]+0.004*[#   2]+0.004*[#   3]
          +0.004*[#   4]+0.002*[#   5]+0.002*[#   8]
    |psi|^2 = 0.998
==== e(  21) =    12.02315 eV ==== 
     psi = 0.132*[#  16]+0.132*[#  17]+0.132*[#  19]+0.087*[#  25]+0.087*[#  26]
          +0.087*[#  28]+0.076*[#  20]+0.043*[#   6]+0.043*[#   7]+0.043*[#   9]
          +0.029*[#   2]+0.029*[#   3]+0.029*[#   4]+0.016*[#  11]+0.008*[#   1]
          +0.006*[#  21]+0.006*[#  22]+0.006*[#  23]+0.001*[#  15]+0.001*[#  18]
          
    |psi|^2 = 0.996
==== e(  22) =    17.00008 eV ==== 
     psi = 0.145*[#  21]+0.145*[#  22]+0.145*[#  23]+0.078*[#   2]+0.078*[#   3]
          +0.078*[#   4]+0.058*[#   1]+0.051*[#  20]+0.049*[#  11]+0.014*[#  15]
          +0.014*[#  18]+0.006*[#   5]+0.006*[#   8]+0.006*[#  16]+0.006*[#  17]
          +0.006*[#  19]+0.005*[#  25]+0.005*[#  26]+0.005*[#  28]+0.003*[#   6]
          +0.003*[#   7]+0.003*[#   9]+0.002*[#  24]+0.002*[#  27]
    |psi|^2 = 0.913
==== e(  23) =    17.25138 eV ==== 
     psi = 0.174*[#  21]+0.174*[#  22]+0.174*[#  23]+0.100*[#   2]+0.100*[#   3]
          +0.100*[#   4]+0.014*[#  15]+0.014*[#  18]+0.006*[#   5]+0.006*[#   8]
          +0.005*[#  16]+0.005*[#  17]+0.005*[#  19]+0.002*[#   6]+0.002*[#   7]
          +0.002*[#   9]+0.002*[#  25]+0.002*[#  26]+0.002*[#  28]+0.002*[#  24]
          +0.002*[#  27]
    |psi|^2 = 0.893
==== e(  24) =    19.66827 eV ==== 
     psi = 0.286*[#  11]+0.263*[#   1]+0.045*[#   2]+0.045*[#   3]+0.045*[#   4]
          +0.042*[#  20]+0.036*[#  21]+0.036*[#  22]+0.036*[#  23]+0.016*[#  10]
          +0.005*[#  25]+0.005*[#  26]+0.005*[#  28]+0.002*[#  16]+0.002*[#  17]
          +0.002*[#  19]+0.002*[#  24]+0.002*[#  27]+0.001*[#   6]+0.001*[#   7]
          +0.001*[#   9]
    |psi|^2 = 0.880
==== e(  25) =    21.74245 eV ==== 
     psi = 0.181*[#  20]+0.171*[#  11]+0.164*[#   1]+0.088*[#   2]+0.088*[#   3]
          +0.088*[#   4]+0.013*[#  21]+0.013*[#  22]+0.013*[#  23]+0.010*[#  25]
          +0.010*[#  26]+0.010*[#  28]+0.004*[#  10]+0.002*[#  24]+0.002*[#  27]
          +0.001*[#  15]+0.001*[#  16]+0.001*[#  17]+0.001*[#  18]+0.001*[#  19]
          
    |psi|^2 = 0.865
==== e(  26) =    21.87504 eV ==== 
     psi = 0.157*[#   2]+0.157*[#   3]+0.157*[#   4]+0.040*[#  21]+0.040*[#  22]
          +0.040*[#  23]+0.006*[#  25]+0.006*[#  26]+0.006*[#  28]+0.005*[#  24]
          +0.005*[#  27]+0.002*[#  15]+0.002*[#  18]
    |psi|^2 = 0.628
==== e(  27) =    22.33215 eV ==== 
     psi = 0.154*[#  11]+0.086*[#  20]+0.075*[#   2]+0.075*[#   3]+0.075*[#   4]
          +0.055*[#  21]+0.055*[#  22]+0.055*[#  23]+0.045*[#   1]+0.006*[#  25]
          +0.006*[#  26]+0.006*[#  28]+0.005*[#  10]+0.002*[#  24]+0.002*[#  27]
          +0.001*[#  16]+0.001*[#  17]+0.001*[#  19]+0.001*[#  15]+0.001*[#  18]
          
    |psi|^2 = 0.708
==== e(  28) =    26.04921 eV ==== 
     psi = 0.061*[#  21]+0.061*[#  22]+0.061*[#  23]+0.053*[#  20]+0.044*[#   1]
          +0.037*[#   2]+0.037*[#   3]+0.037*[#   4]+0.035*[#  11]+0.001*[#  10]
          
    |psi|^2 = 0.436

 k =   0.5000000000 -0.3333333333  0.5000000000
==== e(   1) =   -91.24288 eV ==== 
     psi = 0.952*[#  10]+0.007*[#  11]+0.007*[#   2]+0.007*[#   3]+0.007*[#   4]
          +0.005*[#  21]+0.005*[#  22]+0.005*[#  23]+0.001*[#  20]
    |psi|^2 = 1.000
==== e(   2) =   -51.63470 eV ==== 
     psi = 0.332*[#  12]+0.332*[#  13]+0.332*[#  14]+0.001*[#  20]
    |psi|^2 = 1.000
==== e(   3) =   -51.63443 eV ==== 
     psi = 0.333*[#  12]+0.333*[#  13]+0.333*[#  14]
    |psi|^2 = 1.000
==== e(   4) =   -51.63442 eV ==== 
     psi = 0.333*[#  12]+0.333*[#  13]+0.333*[#  14]
    |psi|^2 = 1.000
==== e(   5) =     5.95667 eV ==== 
     psi = 0.230*[#  20]+0.146*[#   1]+0.101*[#  11]+0.072*[#   2]+0.072*[#   3]
          +0.072*[#   4]+0.063*[#  25]+0.063*[#  26]+0.063*[#  28]+0.024*[#  21]
          +0.024*[#  22]+0.024*[#  23]+0.007*[#  10]+0.006*[#   6]+0.006*[#   7]
          +0.006*[#   9]+0.004*[#  16]+0.004*[#  17]+0.004*[#  19]
    |psi|^2 = 0.997
==== e(   6) =     7.50684 eV ==== 
     psi = 0.192*[#  25]+0.192*[#  26]+0.192*[#  28]+0.052*[#   5]+0.052*[#   8]
          +0.027*[#  15]+0.027*[#  18]+0.025*[#   6]+0.025*[#   7]+0.025*[#   9]
          +0.024*[#   1]+0.021*[#  24]+0.021*[#  27]+0.020*[#  11]+0.015*[#  21]
          +0.015*[#  22]+0.015*[#  23]+0.012*[#  16]+0.012*[#  17]+0.012*[#  19]
          +0.007*[#   2]+0.007*[#   3]+0.007*[#   4]+0.001*[#  10]
    |psi|^2 = 0.997
==== e(   7) =     7.60963 eV ==== 
     psi = 0.192*[#  25]+0.192*[#  26]+0.192*[#  28]+0.066*[#   5]+0.066*[#   8]
          +0.049*[#  24]+0.049*[#  27]+0.031*[#  15]+0.031*[#  18]+0.025*[#   6]
          +0.025*[#   7]+0.025*[#   9]+0.010*[#  16]+0.010*[#  17]+0.010*[#  19]
          +0.008*[#   2]+0.008*[#   3]+0.008*[#   4]
    |psi|^2 = 0.996
==== e(   8) =     7.79321 eV ==== 
     psi = 0.138*[#  25]+0.138*[#  26]+0.138*[#  28]+0.070*[#   6]+0.070*[#   7]
          +0.070*[#   9]+0.046*[#  20]+0.041*[#  24]+0.041*[#  27]+0.028*[#  16]
          +0.028*[#  17]+0.028*[#  19]+0.016*[#   5]+0.016*[#   8]+0.015*[#  21]
          +0.015*[#  22]+0.015*[#  23]+0.012*[#   2]+0.012*[#   3]+0.012*[#   4]
          +0.011*[#   1]+0.011*[#  15]+0.011*[#  18]+0.010*[#  11]+0.001*[#  10]
          
    |psi|^2 = 0.998
==== e(   9) =     8.00512 eV ==== 
     psi = 0.206*[#  24]+0.206*[#  27]+0.076*[#   6]+0.076*[#   7]+0.076*[#   9]
          +0.036*[#  16]+0.036*[#  17]+0.036*[#  19]+0.032*[#   5]+0.032*[#   8]
          +0.018*[#  25]+0.018*[#  26]+0.018*[#  28]+0.018*[#  20]+0.014*[#  21]
          +0.014*[#  22]+0.014*[#  23]+0.013*[#   2]+0.013*[#   3]+0.013*[#   4]
          +0.010*[#  15]+0.010*[#  18]+0.005*[#   1]+0.003*[#  11]+0.001*[#  10]
          
    |psi|^2 = 0.998
==== e(  10) =     8.11711 eV ==== 
     psi = 0.245*[#  24]+0.245*[#  27]+0.072*[#   6]+0.072*[#   7]+0.072*[#   9]
          +0.037*[#   5]+0.037*[#   8]+0.030*[#  16]+0.030*[#  17]+0.030*[#  19]
          +0.025*[#  25]+0.025*[#  26]+0.025*[#  28]+0.020*[#  15]+0.020*[#  18]
          +0.004*[#   2]+0.004*[#   3]+0.004*[#   4]
    |psi|^2 = 0.998
==== e(  11) =     8.64987 eV ==== 
     psi = 0.095*[#  21]+0.095*[#  22]+0.095*[#  23]+0.088*[#   6]+0.088*[#   7]
          +0.088*[#   9]+0.058*[#   1]+0.051*[#  11]+0.037*[#   2]+0.037*[#   3]
          +0.037*[#   4]+0.030*[#  16]+0.030*[#  17]+0.030*[#  19]+0.023*[#  25]
          +0.023*[#  26]+0.023*[#  28]+0.014*[#  24]+0.014*[#  27]+0.011*[#   5]
          +0.011*[#   8]+0.011*[#  20]+0.007*[#  10]+0.001*[#  15]+0.001*[#  18]
          
    |psi|^2 = 0.997
==== e(  12) =     9.33892 eV ==== 
     psi = 0.206*[#   5]+0.206*[#   8]+0.094*[#   6]+0.094*[#   7]+0.094*[#   9]
          +0.053*[#  15]+0.053*[#  18]+0.036*[#  16]+0.036*[#  17]+0.036*[#  19]
          +0.021*[#  24]+0.021*[#  27]+0.009*[#  21]+0.009*[#  22]+0.009*[#  23]
          +0.005*[#   2]+0.005*[#   3]+0.005*[#   4]+0.002*[#  25]+0.002*[#  26]
          +0.002*[#  28]
    |psi|^2 = 0.998
==== e(  13) =     9.45925 eV ==== 
     psi = 0.186*[#   5]+0.186*[#   8]+0.084*[#  15]+0.084*[#  18]+0.052*[#  16]
          +0.052*[#  17]+0.052*[#  19]+0.048*[#   6]+0.048*[#   7]+0.048*[#   9]
          +0.039*[#  24]+0.039*[#  27]+0.013*[#  21]+0.013*[#  22]+0.013*[#  23]
          +0.008*[#   2]+0.008*[#   3]+0.008*[#   4]+0.004*[#   1]+0.004*[#  25]
          +0.004*[#  26]+0.004*[#  28]+0.001*[#  20]
    |psi|^2 = 0.998
==== e(  14) =     9.75561 eV ==== 
     psi = 0.129*[#   5]+0.129*[#   8]+0.125*[#   6]+0.125*[#   7]+0.125*[#   9]
          +0.073*[#  16]+0.073*[#  17]+0.073*[#  19]+0.025*[#  15]+0.025*[#  18]
          +0.022*[#  25]+0.022*[#  26]+0.022*[#  28]+0.004*[#   1]+0.004*[#  24]
          +0.004*[#  27]+0.003*[#  21]+0.003*[#  22]+0.003*[#  23]+0.002*[#   2]
          +0.002*[#   3]+0.002*[#   4]+0.001*[#  20]
    |psi|^2 = 0.998
==== e(  15) =     9.84819 eV ==== 
     psi = 0.118*[#   5]+0.118*[#   8]+0.089*[#  16]+0.089*[#  17]+0.089*[#  19]
          +0.086*[#   6]+0.086*[#   7]+0.086*[#   9]+0.074*[#  15]+0.074*[#  18]
          +0.016*[#  25]+0.016*[#  26]+0.016*[#  28]+0.014*[#  24]+0.014*[#  27]
          +0.003*[#   2]+0.003*[#   3]+0.003*[#   4]+0.002*[#  21]+0.002*[#  22]
          +0.002*[#  23]
    |psi|^2 = 0.998
==== e(  16) =    10.01221 eV ==== 
     psi = 0.136*[#   6]+0.136*[#   7]+0.136*[#   9]+0.135*[#  16]+0.135*[#  17]
          +0.135*[#  19]+0.031*[#   1]+0.022*[#  21]+0.022*[#  22]+0.022*[#  23]
          +0.018*[#  11]+0.012*[#  20]+0.010*[#  25]+0.010*[#  26]+0.010*[#  28]
          +0.005*[#   5]+0.005*[#   8]+0.003*[#  15]+0.003*[#  18]+0.003*[#  24]
          +0.003*[#  27]+0.001*[#   2]+0.001*[#   3]+0.001*[#   4]
    |psi|^2 = 0.996
==== e(  17) =    10.81695 eV ==== 
     psi = 0.241*[#  15]+0.241*[#  18]+0.123*[#  24]+0.123*[#  27]+0.063*[#   5]
          +0.063*[#   8]+0.021*[#   6]+0.021*[#   7]+0.021*[#   9]+0.013*[#  25]
          +0.013*[#  26]+0.013*[#  28]+0.012*[#  16]+0.012*[#  17]+0.012*[#  19]
          +0.001*[#  21]+0.001*[#  22]+0.001*[#  23]
    |psi|^2 = 0.998
==== e(  18) =    10.89076 eV ==== 
     psi = 0.293*[#  15]+0.293*[#  18]+0.109*[#  24]+0.109*[#  27]+0.057*[#   5]
          +0.057*[#   8]+0.008*[#  25]+0.008*[#  26]+0.008*[#  28]+0.007*[#  16]
          +0.007*[#  17]+0.007*[#  19]+0.005*[#   6]+0.005*[#   7]+0.005*[#   9]
          +0.004*[#  21]+0.004*[#  22]+0.004*[#  23]+0.002*[#  11]+0.002*[#   1]
          
    |psi|^2 = 0.998
==== e(  19) =    11.27767 eV ==== 
     psi = 0.158*[#  16]+0.158*[#  17]+0.158*[#  19]+0.074*[#  25]+0.074*[#  26]
          +0.074*[#  28]+0.054*[#  24]+0.054*[#  27]+0.039*[#   6]+0.039*[#   7]
          +0.039*[#   9]+0.026*[#  15]+0.026*[#  18]+0.004*[#   2]+0.004*[#   3]
          +0.004*[#   4]+0.004*[#   5]+0.004*[#   8]
    |psi|^2 = 0.998
==== e(  20) =    11.37208 eV ==== 
     psi = 0.149*[#  16]+0.149*[#  17]+0.149*[#  19]+0.076*[#  25]+0.076*[#  26]
          +0.076*[#  28]+0.065*[#  15]+0.065*[#  18]+0.041*[#  24]+0.041*[#  27]
          +0.033*[#   6]+0.033*[#   7]+0.033*[#   9]+0.003*[#   5]+0.003*[#   8]
          +0.002*[#   2]+0.002*[#   3]+0.002*[#   4]
    |psi|^2 = 0.997
==== e(  21) =    12.17180 eV ==== 
     psi = 0.119*[#  16]+0.119*[#  17]+0.119*[#  19]+0.085*[#  20]+0.083*[#  25]
          +0.083*[#  26]+0.083*[#  28]+0.041*[#   6]+0.041*[#   7]+0.041*[#   9]
          +0.032*[#   2]+0.032*[#   3]+0.032*[#   4]+0.021*[#  11]+0.016*[#   1]
          +0.015*[#  21]+0.015*[#  22]+0.015*[#  23]+0.002*[#  15]+0.002*[#  18]
          +0.001*[#  24]+0.001*[#  27]
    |psi|^2 = 0.996
==== e(  22) =    16.79899 eV ==== 
     psi = 0.145*[#  21]+0.145*[#  22]+0.145*[#  23]+0.082*[#   2]+0.082*[#   3]
          +0.082*[#   4]+0.055*[#   1]+0.051*[#  20]+0.044*[#  11]+0.013*[#  15]
          +0.013*[#  18]+0.008*[#  25]+0.008*[#  26]+0.008*[#  28]+0.007*[#  16]
          +0.007*[#  17]+0.007*[#  19]+0.006*[#   5]+0.006*[#   8]+0.003*[#   6]
          +0.003*[#   7]+0.003*[#   9]+0.001*[#  24]+0.001*[#  27]
    |psi|^2 = 0.927
==== e(  23) =    17.58254 eV ==== 
     psi = 0.173*[#  21]+0.173*[#  22]+0.173*[#  23]+0.094*[#   2]+0.094*[#   3]
          +0.094*[#   4]+0.013*[#  15]+0.013*[#  18]+0.006*[#   5]+0.006*[#   8]
          +0.005*[#  16]+0.005*[#  17]+0.005*[#  19]+0.003*[#  24]+0.003*[#  27]
          +0.002*[#   6]+0.002*[#   7]+0.002*[#   9]
    |psi|^2 = 0.867
==== e(  24) =    19.76327 eV ==== 
     psi = 0.280*[#  11]+0.270*[#   1]+0.046*[#   2]+0.046*[#   3]+0.046*[#   4]
          +0.040*[#  21]+0.040*[#  22]+0.040*[#  23]+0.030*[#  20]+0.016*[#  10]
          +0.004*[#  25]+0.004*[#  26]+0.004*[#  28]+0.002*[#  16]+0.002*[#  17]
          +0.002*[#  19]+0.001*[#  24]+0.001*[#  27]+0.001*[#   6]+0.001*[#   7]
          +0.001*[#   9]
    |psi|^2 = 0.879
==== e(  25) =    21.58199 eV ==== 
     psi = 0.217*[#  11]+0.202*[#  20]+0.149*[#   1]+0.076*[#   2]+0.076*[#   3]
          +0.076*[#   4]+0.015*[#  21]+0.015*[#  22]+0.015*[#  23]+0.011*[#  25]
          +0.011*[#  26]+0.011*[#  28]+0.004*[#  10]+0.002*[#  24]+0.002*[#  27]
          +0.001*[#  16]+0.001*[#  17]+0.001*[#  19]
    |psi|^2 = 0.888
==== e(  26) =    21.67955 eV ==== 
     psi = 0.159*[#   2]+0.159*[#   3]+0.159*[#   4]+0.034*[#  21]+0.034*[#  22]
          +0.034*[#  23]+0.007*[#  25]+0.007*[#  26]+0.007*[#  28]+0.005*[#  24]
          +0.005*[#  27]+0.002*[#  15]+0.002*[#  18]
    |psi|^2 = 0.619
==== e(  27) =    22.60220 eV ==== 
     psi = 0.117*[#  11]+0.084*[#   2]+0.084*[#   3]+0.084*[#   4]+0.074*[#  20]
          +0.055*[#   1]+0.051*[#  21]+0.051*[#  22]+0.051*[#  23]+0.005*[#  25]
          +0.005*[#  26]+0.005*[#  28]+0.004*[#  10]+0.002*[#  24]+0.002*[#  27]
          +0.001*[#  15]+0.001*[#  18]
    |psi|^2 = 0.680
==== e(  28) =    26.29220 eV ==== 
     psi = 0.082*[#  20]+0.061*[#   1]+0.055*[#  21]+0.055*[#  22]+0.055*[#  23]
          +0.048*[#   2]+0.048*[#   3]+0.048*[#   4]+0.042*[#  11]+0.001*[#  10]
          
    |psi|^2 = 0.502

 k =   0.4166666667 -0.2500000000  0.4166666667
==== e(   1) =   -91.24290 eV ==== 
     psi = 0.951*[#  10]+0.007*[#  11]+0.006*[#  21]+0.006*[#  22]+0.006*[#  23]
          +0.006*[#   2]+0.006*[#   3]+0.006*[#   4]+0.002*[#  20]
    |psi|^2 = 1.000
==== e(   2) =   -51.63465 eV ==== 
     psi = 0.332*[#  12]+0.332*[#  13]+0.332*[#  14]
    |psi|^2 = 1.000
==== e(   3) =   -51.63441 eV ==== 
     psi = 0.333*[#  12]+0.333*[#  13]+0.333*[#  14]
    |psi|^2 = 1.000
==== e(   4) =   -51.63439 eV ==== 
     psi = 0.333*[#  12]+0.333*[#  13]+0.333*[#  14]
    |psi|^2 = 1.000
==== e(   5) =     5.48803 eV ==== 
     psi = 0.229*[#  20]+0.149*[#   1]+0.116*[#  11]+0.075*[#   2]+0.075*[#   3]
          +0.075*[#   4]+0.054*[#  21]+0.054*[#  22]+0.054*[#  23]+0.025*[#  25]
          +0.025*[#  26]+0.025*[#  28]+0.012*[#  10]+0.005*[#   6]+0.005*[#   7]
          +0.005*[#   9]+0.003*[#  16]+0.003*[#  17]+0.003*[#  19]
    |psi|^2 = 0.997
==== e(   6) =     7.51765 eV ==== 
     psi = 0.218*[#  25]+0.218*[#  26]+0.218*[#  28]+0.035*[#   5]+0.035*[#   8]
          +0.032*[#   1]+0.027*[#  11]+0.024*[#   6]+0.024*[#   7]+0.024*[#   9]
          +0.015*[#  15]+0.015*[#  18]+0.014*[#  24]+0.014*[#  27]+0.012*[#  16]
          +0.012*[#  17]+0.012*[#  19]+0.010*[#  21]+0.010*[#  22]+0.010*[#  23]
          +0.006*[#   2]+0.006*[#   3]+0.006*[#   4]+0.002*[#  20]+0.001*[#  10]
          
    |psi|^2 = 0.997
==== e(   7) =     7.61303 eV ==== 
     psi = 0.186*[#  25]+0.186*[#  26]+0.186*[#  28]+0.071*[#   5]+0.071*[#   8]
          +0.057*[#  24]+0.057*[#  27]+0.028*[#   6]+0.028*[#   7]+0.028*[#   9]
          +0.025*[#  15]+0.025*[#  18]+0.008*[#   2]+0.008*[#   3]+0.008*[#   4]
          +0.008*[#  16]+0.008*[#  17]+0.008*[#  19]
    |psi|^2 = 0.996
==== e(   8) =     7.69597 eV ==== 
     psi = 0.172*[#  25]+0.172*[#  26]+0.172*[#  28]+0.055*[#  24]+0.055*[#  27]
          +0.040*[#   5]+0.040*[#   8]+0.036*[#   6]+0.036*[#   7]+0.036*[#   9]
          +0.025*[#  15]+0.025*[#  18]+0.017*[#  16]+0.017*[#  17]+0.017*[#  19]
          +0.015*[#  20]+0.011*[#   2]+0.011*[#   3]+0.011*[#   4]+0.010*[#   1]
          +0.007*[#  11]+0.006*[#  21]+0.006*[#  22]+0.006*[#  23]
    |psi|^2 = 0.998
==== e(   9) =     7.99254 eV ==== 
     psi = 0.227*[#  24]+0.227*[#  27]+0.049*[#   6]+0.049*[#   7]+0.049*[#   9]
          +0.046*[#   5]+0.046*[#   8]+0.042*[#  15]+0.042*[#  18]+0.039*[#  25]
          +0.039*[#  26]+0.039*[#  28]+0.029*[#  16]+0.029*[#  17]+0.029*[#  19]
          +0.006*[#   2]+0.006*[#   3]+0.006*[#   4]
    |psi|^2 = 0.998
==== e(  10) =     7.99745 eV ==== 
     psi = 0.197*[#  24]+0.197*[#  27]+0.082*[#   6]+0.082*[#   7]+0.082*[#   9]
          +0.045*[#   5]+0.045*[#   8]+0.034*[#  16]+0.034*[#  17]+0.034*[#  19]
          +0.030*[#  25]+0.030*[#  26]+0.030*[#  28]+0.022*[#  15]+0.022*[#  18]
          +0.010*[#  20]+0.003*[#   2]+0.003*[#   3]+0.003*[#   4]+0.003*[#  21]
          +0.003*[#  22]+0.003*[#  23]
    |psi|^2 = 0.998
==== e(  11) =     8.84016 eV ==== 
     psi = 0.148*[#   6]+0.148*[#   7]+0.148*[#   9]+0.061*[#  21]+0.061*[#  22]
          +0.061*[#  23]+0.038*[#  11]+0.037*[#   1]+0.029*[#  16]+0.029*[#  17]
          +0.029*[#  19]+0.027*[#  20]+0.027*[#   2]+0.027*[#   3]+0.027*[#   4]
          +0.021*[#  25]+0.021*[#  26]+0.021*[#  28]+0.014*[#   5]+0.014*[#   8]
          +0.004*[#  10]+0.002*[#  24]+0.002*[#  27]
    |psi|^2 = 0.997
==== e(  12) =     9.22966 eV ==== 
     psi = 0.155*[#   5]+0.155*[#   8]+0.147*[#   6]+0.147*[#   7]+0.147*[#   9]
          +0.042*[#  16]+0.042*[#  17]+0.042*[#  19]+0.027*[#  15]+0.027*[#  18]
          +0.010*[#  21]+0.010*[#  22]+0.010*[#  23]+0.008*[#  24]+0.008*[#  27]
          +0.005*[#  25]+0.005*[#  26]+0.005*[#  28]+0.003*[#   2]+0.003*[#   3]
          +0.003*[#   4]
    |psi|^2 = 0.998
==== e(  13) =     9.41826 eV ==== 
     psi = 0.114*[#   6]+0.114*[#   7]+0.114*[#   9]+0.103*[#   5]+0.103*[#   8]
          +0.058*[#  16]+0.058*[#  17]+0.058*[#  19]+0.055*[#  15]+0.055*[#  18]
          +0.019*[#  24]+0.019*[#  27]+0.018*[#  25]+0.018*[#  26]+0.018*[#  28]
          +0.015*[#  21]+0.015*[#  22]+0.015*[#  23]+0.007*[#   2]+0.007*[#   3]
          +0.007*[#   4]+0.006*[#   1]+0.001*[#  11]+0.001*[#  20]
    |psi|^2 = 0.998
==== e(  14) =     9.87874 eV ==== 
     psi = 0.183*[#   5]+0.183*[#   8]+0.077*[#  16]+0.077*[#  17]+0.077*[#  19]
          +0.073*[#   6]+0.073*[#   7]+0.073*[#   9]+0.037*[#  24]+0.037*[#  27]
          +0.023*[#  15]+0.023*[#  18]+0.014*[#  25]+0.014*[#  26]+0.014*[#  28]
          +0.004*[#   1]+0.002*[#   2]+0.002*[#   3]+0.002*[#   4]+0.002*[#  21]
          +0.002*[#  22]+0.002*[#  23]+0.001*[#  20]
    |psi|^2 = 0.998
==== e(  15) =    10.02274 eV ==== 
     psi = 0.144*[#   5]+0.144*[#   8]+0.097*[#  16]+0.097*[#  17]+0.097*[#  19]
          +0.093*[#  15]+0.093*[#  18]+0.044*[#   6]+0.044*[#   7]+0.044*[#   9]
          +0.027*[#  24]+0.027*[#  27]+0.011*[#  25]+0.011*[#  26]+0.011*[#  28]
          +0.003*[#   2]+0.003*[#   3]+0.003*[#   4]+0.002*[#  21]+0.002*[#  22]
          +0.002*[#  23]
    |psi|^2 = 0.999
==== e(  16) =    10.07349 eV ==== 
     psi = 0.187*[#  16]+0.187*[#  17]+0.187*[#  19]+0.109*[#   6]+0.109*[#   7]
          +0.109*[#   9]+0.018*[#   1]+0.011*[#  20]+0.010*[#  21]+0.010*[#  22]
          +0.010*[#  23]+0.007*[#   5]+0.007*[#   8]+0.005*[#  15]+0.005*[#  18]
          +0.004*[#  11]+0.004*[#  24]+0.004*[#  27]+0.003*[#  25]+0.003*[#  26]
          +0.003*[#  28]+0.002*[#   2]+0.002*[#   3]+0.002*[#   4]
    |psi|^2 = 0.998
==== e(  17) =    10.78010 eV ==== 
     psi = 0.170*[#  15]+0.170*[#  18]+0.122*[#  24]+0.122*[#  27]+0.077*[#   5]
          +0.077*[#   8]+0.040*[#   6]+0.040*[#   7]+0.040*[#   9]+0.024*[#  16]
          +0.024*[#  17]+0.024*[#  19]+0.021*[#  25]+0.021*[#  26]+0.021*[#  28]
          
    |psi|^2 = 0.998
==== e(  18) =    10.85670 eV ==== 
     psi = 0.243*[#  15]+0.243*[#  18]+0.096*[#  24]+0.096*[#  27]+0.063*[#   5]
          +0.063*[#   8]+0.038*[#  16]+0.038*[#  17]+0.038*[#  19]+0.014*[#  25]
          +0.014*[#  26]+0.014*[#  28]+0.008*[#   6]+0.008*[#   7]+0.008*[#   9]
          +0.003*[#  21]+0.003*[#  22]+0.003*[#  23]+0.002*[#   2]+0.002*[#   3]
          +0.002*[#   4]+0.001*[#   1]
    |psi|^2 = 0.998
==== e(  19) =    11.22714 eV ==== 
     psi = 0.127*[#  16]+0.127*[#  17]+0.127*[#  19]+0.097*[#  15]+0.097*[#  18]
          +0.070*[#  24]+0.070*[#  27]+0.055*[#  25]+0.055*[#  26]+0.055*[#  28]
          +0.032*[#   6]+0.032*[#   7]+0.032*[#   9]+0.004*[#   5]+0.004*[#   8]
          +0.003*[#   2]+0.003*[#   3]+0.003*[#   4]
    |psi|^2 = 0.998
==== e(  20) =    11.38675 eV ==== 
     psi = 0.129*[#  15]+0.129*[#  18]+0.127*[#  16]+0.127*[#  17]+0.127*[#  19]
          +0.060*[#  25]+0.060*[#  26]+0.060*[#  28]+0.050*[#  24]+0.050*[#  27]
          +0.023*[#   6]+0.023*[#   7]+0.023*[#   9]+0.002*[#   5]+0.002*[#   8]
          +0.002*[#   2]+0.002*[#   3]+0.002*[#   4]
    |psi|^2 = 0.998
==== e(  21) =    13.08145 eV ==== 
     psi = 0.131*[#  20]+0.069*[#  16]+0.069*[#  17]+0.069*[#  19]+0.063*[#  25]
          +0.063*[#  26]+0.063*[#  28]+0.052*[#   1]+0.050*[#  21]+0.050*[#  22]
          +0.050*[#  23]+0.042*[#  11]+0.042*[#   2]+0.042*[#   3]+0.042*[#   4]
          +0.029*[#   6]+0.029*[#   7]+0.029*[#   9]+0.002*[#  15]+0.002*[#  18]
          
    |psi|^2 = 0.992
==== e(  22) =    16.87090 eV ==== 
     psi = 0.137*[#  21]+0.137*[#  22]+0.137*[#  23]+0.085*[#   2]+0.085*[#   3]
          +0.085*[#   4]+0.059*[#   1]+0.056*[#  20]+0.044*[#  11]+0.013*[#  25]
          +0.013*[#  26]+0.013*[#  28]+0.009*[#  15]+0.009*[#  18]+0.009*[#  16]
          +0.009*[#  17]+0.009*[#  19]+0.004*[#   5]+0.004*[#   6]+0.004*[#   7]
          +0.004*[#   8]+0.004*[#   9]
    |psi|^2 = 0.931
==== e(  23) =    18.18424 eV ==== 
     psi = 0.170*[#  21]+0.170*[#  22]+0.170*[#  23]+0.091*[#   2]+0.091*[#   3]
          +0.091*[#   4]+0.010*[#  15]+0.010*[#  18]+0.005*[#  16]+0.005*[#  17]
          +0.005*[#  19]+0.004*[#   5]+0.004*[#   8]+0.003*[#  24]+0.003*[#  27]
          +0.002*[#   6]+0.002*[#   7]+0.002*[#   9]+0.001*[#  25]+0.001*[#  26]
          +0.001*[#  28]
    |psi|^2 = 0.845
==== e(  24) =    19.96878 eV ==== 
     psi = 0.248*[#   1]+0.246*[#  11]+0.052*[#   2]+0.052*[#   3]+0.052*[#   4]
          +0.045*[#  21]+0.045*[#  22]+0.045*[#  23]+0.040*[#  20]+0.016*[#  10]
          +0.002*[#  25]+0.002*[#  26]+0.002*[#  28]+0.002*[#  16]+0.002*[#  17]
          +0.002*[#  19]+0.001*[#   6]+0.001*[#   7]+0.001*[#   9]+0.001*[#  24]
          +0.001*[#  27]
    |psi|^2 = 0.860
==== e(  25) =    21.46954 eV ==== 
     psi = 0.251*[#  11]+0.181*[#  20]+0.152*[#   1]+0.072*[#   2]+0.072*[#   3]
          +0.072*[#   4]+0.014*[#  21]+0.014*[#  22]+0.014*[#  23]+0.011*[#  25]
          +0.011*[#  26]+0.011*[#  28]+0.005*[#  10]+0.002*[#  16]+0.002*[#  17]
          +0.002*[#  19]+0.001*[#  24]+0.001*[#  27]
    |psi|^2 = 0.891
==== e(  26) =    21.56676 eV ==== 
     psi = 0.156*[#   2]+0.156*[#   3]+0.156*[#   4]+0.025*[#  21]+0.025*[#  22]
          +0.025*[#  23]+0.008*[#  25]+0.008*[#  26]+0.008*[#  28]+0.004*[#  24]
          +0.004*[#  27]+0.002*[#  15]+0.002*[#  18]
    |psi|^2 = 0.584
==== e(  27) =    22.90951 eV ==== 
     psi = 0.094*[#  11]+0.080*[#   2]+0.080*[#   3]+0.080*[#   4]+0.059*[#  20]
          +0.058*[#   1]+0.038*[#  21]+0.038*[#  22]+0.038*[#  23]+0.004*[#  10]
          +0.004*[#  25]+0.004*[#  26]+0.004*[#  28]+0.002*[#  24]+0.002*[#  27]
          +0.001*[#  15]+0.001*[#  18]
    |psi|^2 = 0.591
==== e(  28) =    24.84780 eV ==== 
     psi = 0.120*[#  20]+0.081*[#   1]+0.072*[#   2]+0.072*[#   3]+0.072*[#   4]
          +0.057*[#  11]+0.054*[#  21]+0.054*[#  22]+0.054*[#  23]+0.001*[#  25]
          +0.001*[#  26]+0.001*[#  28]
    |psi|^2 = 0.643

 k =   0.3333333333 -0.1666666667  0.3333333333
==== e(   1) =   -91.24288 eV ==== 
     psi = 0.951*[#  10]+0.008*[#  21]+0.008*[#  22]+0.008*[#  23]+0.007*[#  11]
          +0.005*[#   2]+0.005*[#   3]+0.005*[#   4]+0.002*[#  20]
    |psi|^2 = 1.000
==== e(   2) =   -51.63454 eV ==== 
     psi = 0.332*[#  12]+0.332*[#  13]+0.332*[#  14]
    |psi|^2 = 1.000
==== e(   3) =   -51.63435 eV ==== 
     psi = 0.333*[#  12]+0.333*[#  13]+0.333*[#  14]
    |psi|^2 = 1.000
==== e(   4) =   -51.63432 eV ==== 
     psi = 0.333*[#  12]+0.333*[#  13]+0.333*[#  14]
    |psi|^2 = 1.000
==== e(   5) =     4.89944 eV ==== 
     psi = 0.234*[#  20]+0.162*[#   1]+0.143*[#  11]+0.070*[#   2]+0.070*[#   3]
          +0.070*[#   4]+0.066*[#  21]+0.066*[#  22]+0.066*[#  23]+0.014*[#  10]
          +0.007*[#  25]+0.007*[#  26]+0.007*[#  28]+0.003*[#   6]+0.003*[#   7]
          +0.003*[#   9]+0.002*[#  16]+0.002*[#  17]+0.002*[#  19]
    |psi|^2 = 0.997
==== e(   6) =     7.54069 eV ==== 
     psi = 0.239*[#  25]+0.239*[#  26]+0.239*[#  28]+0.032*[#   1]+0.027*[#   6]
          +0.027*[#   7]+0.027*[#   9]+0.024*[#  11]+0.023*[#   5]+0.023*[#   8]
          +0.013*[#  16]+0.013*[#  17]+0.013*[#  19]+0.009*[#  24]+0.009*[#  27]
          +0.005*[#  15]+0.005*[#  18]+0.005*[#   2]+0.005*[#   3]+0.005*[#   4]
          +0.004*[#  21]+0.004*[#  22]+0.004*[#  23]+0.001*[#  20]
    |psi|^2 = 0.997
==== e(   7) =     7.62140 eV ==== 
     psi = 0.162*[#  25]+0.162*[#  26]+0.162*[#  28]+0.086*[#   5]+0.086*[#   8]
          +0.086*[#  24]+0.086*[#  27]+0.032*[#   6]+0.032*[#   7]+0.032*[#   9]
          +0.019*[#  15]+0.019*[#  18]+0.006*[#   2]+0.006*[#   3]+0.006*[#   4]
          +0.004*[#  16]+0.004*[#  17]+0.004*[#  19]
    |psi|^2 = 0.995
==== e(   8) =     7.67566 eV ==== 
     psi = 0.163*[#  25]+0.163*[#  26]+0.163*[#  28]+0.083*[#  24]+0.083*[#  27]
          +0.062*[#   5]+0.062*[#   8]+0.038*[#  15]+0.038*[#  18]+0.023*[#   6]
          +0.023*[#   7]+0.023*[#   9]+0.011*[#  16]+0.011*[#  17]+0.011*[#  19]
          +0.009*[#   2]+0.009*[#   3]+0.009*[#   4]+0.005*[#   1]+0.004*[#  20]
          +0.003*[#  11]+0.001*[#  21]+0.001*[#  22]+0.001*[#  23]
    |psi|^2 = 0.997
==== e(   9) =     7.85390 eV ==== 
     psi = 0.185*[#  24]+0.185*[#  27]+0.075*[#  25]+0.075*[#  26]+0.075*[#  28]
          +0.063*[#  15]+0.063*[#  18]+0.046*[#   5]+0.046*[#   8]+0.027*[#   6]
          +0.027*[#   7]+0.027*[#   9]+0.026*[#  16]+0.026*[#  17]+0.026*[#  19]
          +0.009*[#   2]+0.009*[#   3]+0.009*[#   4]
    |psi|^2 = 0.998
==== e(  10) =     7.91523 eV ==== 
     psi = 0.163*[#  24]+0.163*[#  27]+0.068*[#   6]+0.068*[#   7]+0.068*[#   9]
          +0.062*[#  25]+0.062*[#  26]+0.062*[#  28]+0.056*[#   5]+0.056*[#   8]
          +0.035*[#  15]+0.035*[#  18]+0.030*[#  16]+0.030*[#  17]+0.030*[#  19]
          +0.004*[#  20]+0.002*[#   2]+0.002*[#   3]+0.002*[#   4]
    |psi|^2 = 0.998
==== e(  11) =     8.97317 eV ==== 
     psi = 0.189*[#   6]+0.189*[#   7]+0.189*[#   9]+0.032*[#  16]+0.032*[#  17]
          +0.032*[#  19]+0.032*[#  21]+0.032*[#  22]+0.032*[#  23]+0.028*[#  25]
          +0.028*[#  26]+0.028*[#  28]+0.025*[#  20]+0.021*[#  11]+0.020*[#   5]
          +0.020*[#   8]+0.016*[#   1]+0.015*[#   2]+0.015*[#   3]+0.015*[#   4]
          +0.002*[#  10]
    |psi|^2 = 0.997
==== e(  12) =     9.13407 eV ==== 
     psi = 0.180*[#   6]+0.180*[#   7]+0.180*[#   9]+0.105*[#   5]+0.105*[#   8]
          +0.055*[#  16]+0.055*[#  17]+0.055*[#  19]+0.012*[#  15]+0.012*[#  18]
          +0.011*[#  21]+0.011*[#  22]+0.011*[#  23]+0.006*[#  25]+0.006*[#  26]
          +0.006*[#  28]+0.003*[#  24]+0.003*[#  27]+0.001*[#   2]+0.001*[#   3]
          +0.001*[#   4]
    |psi|^2 = 0.999
==== e(  13) =     9.32404 eV ==== 
     psi = 0.165*[#   6]+0.165*[#   7]+0.165*[#   9]+0.065*[#  16]+0.065*[#  17]
          +0.065*[#  19]+0.044*[#   5]+0.044*[#   8]+0.026*[#  15]+0.026*[#  18]
          +0.025*[#  25]+0.025*[#  26]+0.025*[#  28]+0.016*[#  21]+0.016*[#  22]
          +0.016*[#  23]+0.007*[#   1]+0.006*[#   2]+0.006*[#   3]+0.006*[#   4]
          +0.006*[#  24]+0.006*[#  27]+0.003*[#  11]
    |psi|^2 = 0.998
==== e(  14) =    10.08643 eV ==== 
     psi = 0.213*[#   5]+0.213*[#   8]+0.077*[#  16]+0.077*[#  17]+0.077*[#  19]
          +0.063*[#  24]+0.063*[#  27]+0.042*[#   6]+0.042*[#   7]+0.042*[#   9]
          +0.020*[#  15]+0.020*[#  18]+0.011*[#  25]+0.011*[#  26]+0.011*[#  28]
          +0.002*[#   1]+0.002*[#   2]+0.002*[#   3]+0.002*[#   4]+0.001*[#  11]
          
    |psi|^2 = 0.999
==== e(  15) =    10.19711 eV ==== 
     psi = 0.175*[#   5]+0.175*[#   8]+0.099*[#  15]+0.099*[#  18]+0.097*[#  16]
          +0.097*[#  17]+0.097*[#  19]+0.036*[#  24]+0.036*[#  27]+0.019*[#   6]
          +0.019*[#   7]+0.019*[#   9]+0.006*[#  25]+0.006*[#  26]+0.006*[#  28]
          +0.002*[#   2]+0.002*[#   3]+0.002*[#   4]+0.002*[#  21]+0.002*[#  22]
          +0.002*[#  23]
    |psi|^2 = 0.999
==== e(  16) =    10.20505 eV ==== 
     psi = 0.219*[#  16]+0.219*[#  17]+0.219*[#  19]+0.085*[#   6]+0.085*[#   7]
          +0.085*[#   9]+0.012*[#   1]+0.010*[#  15]+0.010*[#  18]+0.008*[#  20]
          +0.005*[#  21]+0.005*[#  22]+0.005*[#  23]+0.005*[#   5]+0.005*[#   8]
          +0.003*[#  24]+0.003*[#  27]+0.003*[#   2]+0.003*[#   3]+0.003*[#   4]
          +0.001*[#  25]+0.001*[#  26]+0.001*[#  28]
    |psi|^2 = 0.998
==== e(  17) =    10.75250 eV ==== 
     psi = 0.115*[#  24]+0.115*[#  27]+0.100*[#  15]+0.100*[#  18]+0.083*[#   5]
          +0.083*[#   8]+0.059*[#   6]+0.059*[#   7]+0.059*[#   9]+0.045*[#  16]
          +0.045*[#  17]+0.045*[#  19]+0.027*[#  25]+0.027*[#  26]+0.027*[#  28]
          +0.002*[#   2]+0.002*[#   3]+0.002*[#   4]
    |psi|^2 = 0.998
==== e(  18) =    10.78924 eV ==== 
     psi = 0.140*[#  15]+0.140*[#  18]+0.092*[#  16]+0.092*[#  17]+0.092*[#  19]
          +0.072*[#   5]+0.072*[#   8]+0.070*[#  24]+0.070*[#  27]+0.023*[#  25]
          +0.023*[#  26]+0.023*[#  28]+0.022*[#   6]+0.022*[#   7]+0.022*[#   9]
          +0.003*[#   2]+0.003*[#   3]+0.003*[#   4]+0.002*[#  21]+0.002*[#  22]
          +0.002*[#  23]+0.002*[#   1]
    |psi|^2 = 0.997
==== e(  19) =    11.20861 eV ==== 
     psi = 0.217*[#  15]+0.217*[#  18]+0.098*[#  24]+0.098*[#  27]+0.074*[#  16]
          +0.074*[#  17]+0.074*[#  19]+0.028*[#  25]+0.028*[#  26]+0.028*[#  28]
          +0.017*[#   6]+0.017*[#   7]+0.017*[#   9]+0.002*[#   5]+0.002*[#   8]
          +0.002*[#   2]+0.002*[#   3]+0.002*[#   4]
    |psi|^2 = 0.998
==== e(  20) =    11.37869 eV ==== 
     psi = 0.197*[#  15]+0.197*[#  18]+0.099*[#  16]+0.099*[#  17]+0.099*[#  19]
          +0.068*[#  24]+0.068*[#  27]+0.041*[#  25]+0.041*[#  26]+0.041*[#  28]
          +0.013*[#   6]+0.013*[#   7]+0.013*[#   9]+0.002*[#   2]+0.002*[#   3]
          +0.002*[#   4]+0.001*[#   5]+0.001*[#   8]
    |psi|^2 = 0.998
==== e(  21) =    14.51499 eV ==== 
     psi = 0.180*[#  20]+0.088*[#   1]+0.075*[#  21]+0.075*[#  22]+0.075*[#  23]
          +0.055*[#  11]+0.047*[#   2]+0.047*[#   3]+0.047*[#   4]+0.042*[#  25]
          +0.042*[#  26]+0.042*[#  28]+0.036*[#  16]+0.036*[#  17]+0.036*[#  19]
          +0.017*[#   6]+0.017*[#   7]+0.017*[#   9]+0.001*[#  10]
    |psi|^2 = 0.980
==== e(  22) =    17.18454 eV ==== 
     psi = 0.127*[#  21]+0.127*[#  22]+0.127*[#  23]+0.084*[#   2]+0.084*[#   3]
          +0.084*[#   4]+0.073*[#   1]+0.063*[#  20]+0.049*[#  11]+0.017*[#  25]
          +0.017*[#  26]+0.017*[#  28]+0.010*[#  16]+0.010*[#  17]+0.010*[#  19]
          +0.005*[#   6]+0.005*[#   7]+0.005*[#   9]+0.005*[#  15]+0.005*[#  18]
          +0.002*[#   5]+0.002*[#   8]
    |psi|^2 = 0.929
==== e(  23) =    18.99829 eV ==== 
     psi = 0.172*[#  21]+0.172*[#  22]+0.172*[#  23]+0.089*[#   2]+0.089*[#   3]
          +0.089*[#   4]+0.007*[#  15]+0.007*[#  18]+0.005*[#  16]+0.005*[#  17]
          +0.005*[#  19]+0.003*[#  24]+0.003*[#  25]+0.003*[#  26]+0.003*[#  27]
          +0.003*[#  28]+0.003*[#   5]+0.003*[#   8]+0.003*[#   6]+0.003*[#   7]
          +0.003*[#   9]
    |psi|^2 = 0.840
==== e(  24) =    20.28307 eV ==== 
     psi = 0.203*[#   1]+0.183*[#  11]+0.058*[#   2]+0.058*[#   3]+0.058*[#   4]
          +0.055*[#  20]+0.048*[#  21]+0.048*[#  22]+0.048*[#  23]+0.012*[#  10]
          +0.002*[#  25]+0.002*[#  26]+0.002*[#  28]+0.001*[#  16]+0.001*[#  17]
          +0.001*[#  19]
    |psi|^2 = 0.787
==== e(  25) =    21.40172 eV ==== 
     psi = 0.279*[#  11]+0.160*[#   1]+0.119*[#  20]+0.074*[#   2]+0.074*[#   3]
          +0.074*[#   4]+0.016*[#  21]+0.016*[#  22]+0.016*[#  23]+0.009*[#  25]
          +0.009*[#  26]+0.009*[#  28]+0.006*[#  10]+0.002*[#  16]+0.002*[#  17]
          +0.002*[#  19]+0.001*[#  24]+0.001*[#  27]
    |psi|^2 = 0.870
==== e(  26) =    21.54120 eV ==== 
     psi = 0.156*[#   2]+0.156*[#   3]+0.156*[#   4]+0.017*[#  21]+0.017*[#  22]
          +0.017*[#  23]+0.010*[#  25]+0.010*[#  26]+0.010*[#  28]+0.003*[#  24]
          +0.003*[#  27]+0.001*[#  15]+0.001*[#  18]
    |psi|^2 = 0.562
==== e(  27) =    23.14651 eV ==== 
     psi = 0.094*[#   2]+0.094*[#   3]+0.094*[#   4]+0.088*[#  11]+0.074*[#  20]
          +0.027*[#   1]+0.020*[#  21]+0.020*[#  22]+0.020*[#  23]+0.003*[#  10]
          +0.003*[#  25]+0.003*[#  26]+0.003*[#  28]
    |psi|^2 = 0.551
==== e(  28) =    23.51009 eV ==== 
     psi = 0.116*[#  20]+0.088*[#   1]+0.065*[#   2]+0.065*[#   3]+0.065*[#   4]
          +0.049*[#  21]+0.049*[#  22]+0.049*[#  23]+0.047*[#  11]+0.002*[#  25]
          +0.002*[#  26]+0.002*[#  28]
    |psi|^2 = 0.604

 k =   0.2500000000 -0.0833333333  0.2500000000
==== e(   1) =   -91.24318 eV ==== 
     psi = 0.954*[#  10]+0.007*[#  21]+0.007*[#  22]+0.007*[#  23]+0.006*[#  11]
          +0.005*[#  20]+0.004*[#   2]+0.004*[#   3]+0.004*[#   4]
    |psi|^2 = 1.000
==== e(   2) =   -51.63467 eV ==== 
     psi = 0.333*[#  12]+0.333*[#  13]+0.333*[#  14]
    |psi|^2 = 1.000
==== e(   3) =   -51.63449 eV ==== 
     psi = 0.333*[#  12]+0.333*[#  13]+0.333*[#  14]
    |psi|^2 = 1.000
==== e(   4) =   -51.63443 eV ==== 
     psi = 0.333*[#  12]+0.333*[#  13]+0.333*[#  14]
    |psi|^2 = 1.000
==== e(   5) =     4.37910 eV ==== 
     psi = 0.257*[#  20]+0.193*[#   1]+0.183*[#  11]+0.057*[#  21]+0.057*[#  22]
          +0.057*[#  23]+0.055*[#   2]+0.055*[#   3]+0.055*[#   4]+0.015*[#  10]
          +0.002*[#  25]+0.002*[#  26]+0.002*[#  28]+0.001*[#   6]+0.001*[#   7]
          +0.001*[#   9]
    |psi|^2 = 0.996
==== e(   6) =     7.59241 eV ==== 
     psi = 0.235*[#  25]+0.235*[#  26]+0.235*[#  28]+0.031*[#   5]+0.031*[#   8]
          +0.030*[#   6]+0.030*[#   7]+0.030*[#   9]+0.023*[#   1]+0.021*[#  24]
          +0.021*[#  27]+0.014*[#  11]+0.012*[#  16]+0.012*[#  17]+0.012*[#  19]
          +0.005*[#   2]+0.005*[#   3]+0.005*[#   4]+0.003*[#  15]+0.003*[#  18]
          
    |psi|^2 = 0.996
==== e(   7) =     7.61424 eV ==== 
     psi = 0.166*[#  24]+0.166*[#  27]+0.126*[#   5]+0.126*[#   8]+0.084*[#  25]
          +0.084*[#  26]+0.084*[#  28]+0.032*[#  15]+0.032*[#  18]+0.029*[#   6]
          +0.029*[#   7]+0.029*[#   9]+0.002*[#   2]+0.002*[#   3]+0.002*[#   4]
          
    |psi|^2 = 0.995
==== e(   8) =     7.67115 eV ==== 
     psi = 0.132*[#  24]+0.132*[#  27]+0.121*[#  25]+0.121*[#  26]+0.121*[#  28]
          +0.083*[#   5]+0.083*[#   8]+0.059*[#  15]+0.059*[#  18]+0.011*[#   6]
          +0.011*[#   7]+0.011*[#   9]+0.008*[#   2]+0.008*[#   3]+0.008*[#   4]
          +0.006*[#  16]+0.006*[#  17]+0.006*[#  19]+0.004*[#   1]+0.002*[#  11]
          
    |psi|^2 = 0.997
==== e(   9) =     7.76076 eV ==== 
     psi = 0.165*[#  25]+0.165*[#  26]+0.165*[#  28]+0.092*[#  24]+0.092*[#  27]
          +0.058*[#  15]+0.058*[#  18]+0.022*[#  16]+0.022*[#  17]+0.022*[#  19]
          +0.019*[#   5]+0.019*[#   8]+0.018*[#   6]+0.018*[#   7]+0.018*[#   9]
          +0.015*[#   2]+0.015*[#   3]+0.015*[#   4]
    |psi|^2 = 0.998
==== e(  10) =     7.82370 eV ==== 
     psi = 0.136*[#  25]+0.136*[#  26]+0.136*[#  28]+0.094*[#  24]+0.094*[#  27]
          +0.058*[#   6]+0.058*[#   7]+0.058*[#   9]+0.040*[#   5]+0.040*[#   8]
          +0.027*[#  15]+0.027*[#  18]+0.026*[#  16]+0.026*[#  17]+0.026*[#  19]
          +0.005*[#   2]+0.005*[#   3]+0.005*[#   4]+0.002*[#  20]
    |psi|^2 = 0.998
==== e(  11) =     9.00514 eV ==== 
     psi = 0.205*[#   6]+0.205*[#   7]+0.205*[#   9]+0.052*[#  16]+0.052*[#  17]
          +0.052*[#  19]+0.026*[#  25]+0.026*[#  26]+0.026*[#  28]+0.020*[#   5]
          +0.020*[#   8]+0.017*[#  20]+0.017*[#  21]+0.017*[#  22]+0.017*[#  23]
          +0.009*[#   2]+0.009*[#   3]+0.009*[#   4]+0.008*[#  11]+0.003*[#   1]
          +0.001*[#  15]+0.001*[#  18]
    |psi|^2 = 0.997
==== e(  12) =     9.05870 eV ==== 
     psi = 0.198*[#   6]+0.198*[#   7]+0.198*[#   9]+0.070*[#  16]+0.070*[#  17]
          +0.070*[#  19]+0.062*[#   5]+0.062*[#   8]+0.012*[#  21]+0.012*[#  22]
          +0.012*[#  23]+0.007*[#  25]+0.007*[#  26]+0.007*[#  28]+0.005*[#  15]
          +0.005*[#  18]+0.002*[#  24]+0.002*[#  27]
    |psi|^2 = 0.999
==== e(  13) =     9.22242 eV ==== 
     psi = 0.196*[#   6]+0.196*[#   7]+0.196*[#   9]+0.075*[#  16]+0.075*[#  17]
          +0.075*[#  19]+0.026*[#  25]+0.026*[#  26]+0.026*[#  28]+0.015*[#  21]
          +0.015*[#  22]+0.015*[#  23]+0.010*[#   5]+0.010*[#   8]+0.009*[#  15]
          +0.009*[#  18]+0.006*[#   1]+0.005*[#   2]+0.005*[#   3]+0.005*[#   4]
          +0.002*[#  11]+0.001*[#  24]+0.001*[#  27]
    |psi|^2 = 0.998
==== e(  14) =    10.27188 eV ==== 
     psi = 0.254*[#   5]+0.254*[#   8]+0.080*[#  24]+0.080*[#  27]+0.061*[#  16]
          +0.061*[#  17]+0.061*[#  19]+0.029*[#  15]+0.029*[#  18]+0.021*[#   6]
          +0.021*[#   7]+0.021*[#   9]+0.007*[#  25]+0.007*[#  26]+0.007*[#  28]
          +0.001*[#   1]+0.001*[#   2]+0.001*[#   3]+0.001*[#   4]
    |psi|^2 = 0.999
==== e(  15) =    10.32450 eV ==== 
     psi = 0.224*[#   5]+0.224*[#   8]+0.097*[#  15]+0.097*[#  18]+0.078*[#  16]
          +0.078*[#  17]+0.078*[#  19]+0.048*[#  24]+0.048*[#  27]+0.005*[#   6]
          +0.005*[#   7]+0.005*[#   9]+0.003*[#  25]+0.003*[#  26]+0.003*[#  28]
          +0.001*[#   2]+0.001*[#   3]+0.001*[#   4]+0.001*[#  21]+0.001*[#  22]
          +0.001*[#  23]
    |psi|^2 = 0.999
==== e(  16) =    10.40450 eV ==== 
     psi = 0.214*[#  16]+0.214*[#  17]+0.214*[#  19]+0.078*[#   6]+0.078*[#   7]
          +0.078*[#   9]+0.012*[#  25]+0.012*[#  26]+0.012*[#  28]+0.011*[#  15]
          +0.011*[#  18]+0.008*[#  24]+0.008*[#  27]+0.008*[#   1]+0.005*[#   5]
          +0.005*[#   8]+0.004*[#  21]+0.004*[#  22]+0.004*[#  23]+0.004*[#   2]
          +0.004*[#   3]+0.004*[#   4]+0.003*[#  20]+0.002*[#  11]
    |psi|^2 = 0.998
==== e(  17) =    10.73246 eV ==== 
     psi = 0.154*[#  16]+0.154*[#  17]+0.154*[#  19]+0.057*[#  15]+0.057*[#  18]
          +0.056*[#   5]+0.056*[#   8]+0.042*[#   6]+0.042*[#   7]+0.042*[#   9]
          +0.035*[#  24]+0.035*[#  27]+0.030*[#  25]+0.030*[#  26]+0.030*[#  28]
          +0.005*[#   2]+0.005*[#   3]+0.005*[#   4]+0.003*[#   1]+0.002*[#  21]
          +0.002*[#  22]+0.002*[#  23]
    |psi|^2 = 0.996
==== e(  18) =    10.74793 eV ==== 
     psi = 0.092*[#  24]+0.092*[#  27]+0.087*[#  16]+0.087*[#  17]+0.087*[#  19]
          +0.073*[#   6]+0.073*[#   7]+0.073*[#   9]+0.067*[#   5]+0.067*[#   8]
          +0.046*[#  15]+0.046*[#  18]+0.032*[#  25]+0.032*[#  26]+0.032*[#  28]
          +0.003*[#   2]+0.003*[#   3]+0.003*[#   4]
    |psi|^2 = 0.997
==== e(  19) =    11.22181 eV ==== 
     psi = 0.300*[#  15]+0.300*[#  18]+0.125*[#  24]+0.125*[#  27]+0.032*[#  16]
          +0.032*[#  17]+0.032*[#  19]+0.010*[#  25]+0.010*[#  26]+0.010*[#  28]
          +0.006*[#   6]+0.006*[#   7]+0.006*[#   9]
    |psi|^2 = 0.998
==== e(  20) =    11.35974 eV ==== 
     psi = 0.256*[#  15]+0.256*[#  18]+0.095*[#  24]+0.095*[#  27]+0.068*[#  16]
          +0.068*[#  17]+0.068*[#  19]+0.024*[#  25]+0.024*[#  26]+0.024*[#  28]
          +0.006*[#   6]+0.006*[#   7]+0.006*[#   9]+0.001*[#   2]+0.001*[#   3]
          +0.001*[#   4]
    |psi|^2 = 0.998
==== e(  21) =    16.28115 eV ==== 
     psi = 0.186*[#  20]+0.107*[#   1]+0.092*[#  21]+0.092*[#  22]+0.092*[#  23]
          +0.056*[#   2]+0.056*[#   3]+0.056*[#   4]+0.050*[#  11]+0.026*[#  25]
          +0.026*[#  26]+0.026*[#  28]+0.019*[#  16]+0.019*[#  17]+0.019*[#  19]
          +0.009*[#   6]+0.009*[#   7]+0.009*[#   9]+0.001*[#  10]
    |psi|^2 = 0.950
==== e(  22) =    17.67789 eV ==== 
     psi = 0.116*[#  21]+0.116*[#  22]+0.116*[#  23]+0.106*[#   1]+0.078*[#   2]
          +0.078*[#   3]+0.078*[#   4]+0.069*[#  20]+0.058*[#  11]+0.019*[#  25]
          +0.019*[#  26]+0.019*[#  28]+0.010*[#  16]+0.010*[#  17]+0.010*[#  19]
          +0.005*[#   6]+0.005*[#   7]+0.005*[#   9]+0.002*[#  15]+0.002*[#  18]
          
    |psi|^2 = 0.922
==== e(  23) =    19.95020 eV ==== 
     psi = 0.183*[#  21]+0.183*[#  22]+0.183*[#  23]+0.087*[#   2]+0.087*[#   3]
          +0.087*[#   4]+0.005*[#  16]+0.005*[#  17]+0.005*[#  19]+0.004*[#  25]
          +0.004*[#  26]+0.004*[#  28]+0.004*[#  15]+0.004*[#  18]+0.003*[#   6]
          +0.003*[#   7]+0.003*[#   9]+0.003*[#  24]+0.003*[#  27]+0.002*[#   5]
          +0.002*[#   8]
    |psi|^2 = 0.864
==== e(  24) =    20.64762 eV ==== 
     psi = 0.203*[#   1]+0.165*[#  11]+0.058*[#  21]+0.058*[#  22]+0.058*[#  23]
          +0.058*[#  20]+0.041*[#   2]+0.041*[#   3]+0.041*[#   4]+0.005*[#  10]
          +0.002*[#  25]+0.002*[#  26]+0.002*[#  28]
    |psi|^2 = 0.743
==== e(  25) =    21.35978 eV ==== 
     psi = 0.238*[#  11]+0.104*[#   1]+0.097*[#   2]+0.097*[#   3]+0.097*[#   4]
          +0.022*[#  20]+0.016*[#  21]+0.016*[#  22]+0.016*[#  23]+0.008*[#  10]
          +0.003*[#  25]+0.003*[#  26]+0.003*[#  28]+0.001*[#  16]+0.001*[#  17]
          +0.001*[#  19]
    |psi|^2 = 0.728
==== e(  26) =    21.55812 eV ==== 
     psi = 0.169*[#   2]+0.169*[#   3]+0.169*[#   4]+0.020*[#  21]+0.020*[#  22]
          +0.020*[#  23]+0.012*[#  25]+0.012*[#  26]+0.012*[#  28]+0.002*[#  24]
          +0.002*[#  27]+0.001*[#  15]+0.001*[#  18]
    |psi|^2 = 0.614
==== e(  27) =    22.47391 eV ==== 
     psi = 0.223*[#  20]+0.111*[#   2]+0.111*[#   3]+0.111*[#   4]+0.107*[#  11]
          +0.038*[#   1]+0.021*[#  21]+0.021*[#  22]+0.021*[#  23]+0.006*[#  25]
          +0.006*[#  26]+0.006*[#  28]+0.002*[#  10]
    |psi|^2 = 0.789
==== e(  28) =    22.87334 eV ==== 
     psi = 0.096*[#  21]+0.096*[#  22]+0.096*[#  23]+0.041*[#   2]+0.041*[#   3]
          +0.041*[#   4]+0.003*[#  16]+0.003*[#  17]+0.003*[#  19]+0.002*[#  25]
          +0.002*[#  26]+0.002*[#  28]+0.001*[#   6]+0.001*[#   7]+0.001*[#   9]
          
    |psi|^2 = 0.432

 k =   0.1666666667 -0.0000000000  0.1666666667
==== e(   1) =   -91.24316 eV ==== 
     psi = 0.962*[#  10]+0.009*[#  20]+0.005*[#  21]+0.005*[#  22]+0.005*[#  23]
          +0.003*[#  11]+0.003*[#   2]+0.003*[#   3]+0.003*[#   4]+0.002*[#   1]
          
    |psi|^2 = 1.000
==== e(   2) =   -51.63452 eV ==== 
     psi = 0.333*[#  12]+0.333*[#  13]+0.333*[#  14]
    |psi|^2 = 1.000
==== e(   3) =   -51.63440 eV ==== 
     psi = 0.333*[#  12]+0.333*[#  13]+0.333*[#  14]
    |psi|^2 = 1.000
==== e(   4) =   -51.63437 eV ==== 
     psi = 0.333*[#  12]+0.333*[#  13]+0.333*[#  14]
    |psi|^2 = 1.000
==== e(   5) =     4.01461 eV ==== 
     psi = 0.300*[#  20]+0.240*[#   1]+0.233*[#  11]+0.035*[#  21]+0.035*[#  22]
          +0.035*[#  23]+0.033*[#   2]+0.033*[#   3]+0.033*[#   4]+0.014*[#  10]
          
    |psi|^2 = 0.995
==== e(   6) =     7.58222 eV ==== 
     psi = 0.227*[#  24]+0.227*[#  27]+0.152*[#   5]+0.152*[#   8]+0.068*[#  15]
          +0.068*[#  18]+0.020*[#  25]+0.020*[#  26]+0.020*[#  28]+0.013*[#   6]
          +0.013*[#   7]+0.013*[#   9]
    |psi|^2 = 0.996
==== e(   7) =     7.61576 eV ==== 
     psi = 0.195*[#  24]+0.195*[#  27]+0.142*[#   5]+0.142*[#   8]+0.067*[#  15]
          +0.067*[#  18]+0.051*[#  25]+0.051*[#  26]+0.051*[#  28]+0.009*[#   6]
          +0.009*[#   7]+0.009*[#   9]+0.002*[#   1]+0.001*[#   2]+0.001*[#   3]
          +0.001*[#   4]
    |psi|^2 = 0.996
==== e(   8) =     7.67937 eV ==== 
     psi = 0.232*[#  25]+0.232*[#  26]+0.232*[#  28]+0.030*[#  24]+0.030*[#  27]
          +0.028*[#   6]+0.028*[#   7]+0.028*[#   9]+0.022*[#  15]+0.022*[#  18]
          +0.014*[#   1]+0.014*[#  16]+0.014*[#  17]+0.014*[#  19]+0.011*[#   2]
          +0.011*[#   3]+0.011*[#   4]+0.010*[#   5]+0.010*[#   8]+0.005*[#  11]
          
    |psi|^2 = 0.996
==== e(   9) =     7.73981 eV ==== 
     psi = 0.238*[#  25]+0.238*[#  26]+0.238*[#  28]+0.028*[#   6]+0.028*[#   7]
          +0.028*[#   9]+0.026*[#  15]+0.026*[#  18]+0.023*[#  24]+0.023*[#  27]
          +0.016*[#   2]+0.016*[#   3]+0.016*[#   4]+0.016*[#  16]+0.016*[#  17]
          +0.016*[#  19]+0.002*[#   5]+0.002*[#   8]
    |psi|^2 = 0.997
==== e(  10) =     7.77003 eV ==== 
     psi = 0.230*[#  25]+0.230*[#  26]+0.230*[#  28]+0.050*[#   6]+0.050*[#   7]
          +0.050*[#   9]+0.020*[#  16]+0.020*[#  17]+0.020*[#  19]+0.018*[#  24]
          +0.018*[#  27]+0.011*[#   2]+0.011*[#   3]+0.011*[#   4]+0.008*[#   5]
          +0.008*[#   8]+0.005*[#  15]+0.005*[#  18]
    |psi|^2 = 0.997
==== e(  11) =     8.99582 eV ==== 
     psi = 0.211*[#   6]+0.211*[#   7]+0.211*[#   9]+0.075*[#  16]+0.075*[#  17]
          +0.075*[#  19]+0.018*[#  25]+0.018*[#  26]+0.018*[#  28]+0.013*[#  21]
          +0.013*[#  22]+0.013*[#  23]+0.011*[#   5]+0.011*[#   8]+0.008*[#  20]
          +0.004*[#   2]+0.004*[#   3]+0.004*[#   4]+0.002*[#  11]
    |psi|^2 = 0.998
==== e(  12) =     9.01617 eV ==== 
     psi = 0.208*[#   6]+0.208*[#   7]+0.208*[#   9]+0.084*[#  16]+0.084*[#  17]
          +0.084*[#  19]+0.029*[#   5]+0.029*[#   8]+0.012*[#  21]+0.012*[#  22]
          +0.012*[#  23]+0.008*[#  25]+0.008*[#  26]+0.008*[#  28]+0.002*[#  15]
          +0.002*[#  18]
    |psi|^2 = 0.999
==== e(  13) =     9.11570 eV ==== 
     psi = 0.210*[#   6]+0.210*[#   7]+0.210*[#   9]+0.084*[#  16]+0.084*[#  17]
          +0.084*[#  19]+0.020*[#  25]+0.020*[#  26]+0.020*[#  28]+0.013*[#  21]
          +0.013*[#  22]+0.013*[#  23]+0.003*[#   2]+0.003*[#   3]+0.003*[#   4]
          +0.002*[#   1]+0.002*[#  15]+0.002*[#  18]
    |psi|^2 = 0.998
==== e(  14) =    10.37521 eV ==== 
     psi = 0.302*[#   5]+0.302*[#   8]+0.092*[#  24]+0.092*[#  27]+0.052*[#  15]
          +0.052*[#  18]+0.027*[#  16]+0.027*[#  17]+0.027*[#  19]+0.006*[#   6]
          +0.006*[#   7]+0.006*[#   9]+0.002*[#  25]+0.002*[#  26]+0.002*[#  28]
          
    |psi|^2 = 0.999
==== e(  15) =    10.38810 eV ==== 
     psi = 0.279*[#   5]+0.279*[#   8]+0.083*[#  15]+0.083*[#  18]+0.069*[#  24]
          +0.069*[#  27]+0.043*[#  16]+0.043*[#  17]+0.043*[#  19]+0.001*[#  25]
          +0.001*[#  26]+0.001*[#  28]
    |psi|^2 = 0.999
==== e(  16) =    10.59992 eV ==== 
     psi = 0.203*[#  16]+0.203*[#  17]+0.203*[#  19]+0.076*[#   6]+0.076*[#   7]
          +0.076*[#   9]+0.024*[#  25]+0.024*[#  26]+0.024*[#  28]+0.014*[#  24]
          +0.014*[#  27]+0.010*[#   5]+0.010*[#   8]+0.007*[#  15]+0.007*[#  18]
          +0.005*[#   1]+0.004*[#   2]+0.004*[#   3]+0.004*[#   4]+0.002*[#  21]
          +0.002*[#  22]+0.002*[#  23]+0.002*[#  11]
    |psi|^2 = 0.997
==== e(  17) =    10.72626 eV ==== 
     psi = 0.207*[#  16]+0.207*[#  17]+0.207*[#  19]+0.062*[#   6]+0.062*[#   7]
          +0.062*[#   9]+0.033*[#  25]+0.033*[#  26]+0.033*[#  28]+0.017*[#   5]
          +0.017*[#   8]+0.012*[#  15]+0.012*[#  18]+0.006*[#  24]+0.006*[#  27]
          +0.005*[#   2]+0.005*[#   3]+0.005*[#   4]+0.002*[#   1]+0.002*[#  21]
          +0.002*[#  22]+0.002*[#  23]
    |psi|^2 = 0.996
==== e(  18) =    10.75979 eV ==== 
     psi = 0.145*[#  16]+0.145*[#  17]+0.145*[#  19]+0.076*[#   6]+0.076*[#   7]
          +0.076*[#   9]+0.052*[#  24]+0.052*[#  27]+0.037*[#   5]+0.037*[#   8]
          +0.034*[#  25]+0.034*[#  26]+0.034*[#  28]+0.019*[#  15]+0.019*[#  18]
          +0.004*[#   2]+0.004*[#   3]+0.004*[#   4]
    |psi|^2 = 0.996
==== e(  19) =    11.25946 eV ==== 
     psi = 0.331*[#  15]+0.331*[#  18]+0.144*[#  24]+0.144*[#  27]+0.011*[#  16]
          +0.011*[#  17]+0.011*[#  19]+0.003*[#  25]+0.003*[#  26]+0.003*[#  28]
          +0.001*[#   6]+0.001*[#   7]+0.001*[#   9]
    |psi|^2 = 0.999
==== e(  20) =    11.33611 eV ==== 
     psi = 0.298*[#  15]+0.298*[#  18]+0.126*[#  24]+0.126*[#  27]+0.036*[#  16]
          +0.036*[#  17]+0.036*[#  19]+0.011*[#  25]+0.011*[#  26]+0.011*[#  28]
          +0.002*[#   6]+0.002*[#   7]+0.002*[#   9]
    |psi|^2 = 0.999
==== e(  21) =    18.21727 eV ==== 
     psi = 0.170*[#  20]+0.127*[#  21]+0.127*[#  22]+0.127*[#  23]+0.084*[#   2]
          +0.084*[#   3]+0.084*[#   4]+0.016*[#   1]+0.013*[#  25]+0.013*[#  26]
          +0.013*[#  28]+0.012*[#  16]+0.012*[#  17]+0.012*[#  19]+0.006*[#   6]
          +0.006*[#   7]+0.006*[#   9]+0.001*[#  10]
    |psi|^2 = 0.914
==== e(  22) =    18.32486 eV ==== 
     psi = 0.232*[#   1]+0.111*[#  11]+0.089*[#  21]+0.089*[#  22]+0.089*[#  23]
          +0.060*[#   2]+0.060*[#   3]+0.060*[#   4]+0.028*[#  20]+0.021*[#  25]
          +0.021*[#  26]+0.021*[#  28]+0.007*[#  16]+0.007*[#  17]+0.007*[#  19]
          +0.004*[#   6]+0.004*[#   7]+0.004*[#   9]
    |psi|^2 = 0.914
==== e(  23) =    20.65932 eV ==== 
     psi = 0.322*[#  11]+0.259*[#   1]+0.080*[#  21]+0.080*[#  22]+0.080*[#  23]
          +0.014*[#   2]+0.014*[#   3]+0.014*[#   4]+0.010*[#  20]+0.005*[#  10]
          +0.002*[#  16]+0.002*[#  17]+0.002*[#  19]+0.001*[#   6]+0.001*[#   7]
          +0.001*[#   9]
    |psi|^2 = 0.890
==== e(  24) =    20.86008 eV ==== 
     psi = 0.230*[#  21]+0.230*[#  22]+0.230*[#  23]+0.073*[#   2]+0.073*[#   3]
          +0.073*[#   4]+0.007*[#  16]+0.007*[#  17]+0.007*[#  19]+0.003*[#   6]
          +0.003*[#   7]+0.003*[#   9]+0.003*[#  25]+0.003*[#  26]+0.003*[#  28]
          +0.002*[#  15]+0.002*[#  18]+0.002*[#  24]+0.002*[#  27]
    |psi|^2 = 0.955
==== e(  25) =    21.34631 eV ==== 
     psi = 0.194*[#   2]+0.194*[#   3]+0.194*[#   4]+0.043*[#  21]+0.043*[#  22]
          +0.043*[#  23]+0.018*[#  25]+0.018*[#  26]+0.018*[#  28]+0.001*[#   6]
          +0.001*[#   7]+0.001*[#   9]
    |psi|^2 = 0.771
==== e(  26) =    21.52185 eV ==== 
     psi = 0.121*[#   2]+0.121*[#   3]+0.121*[#   4]+0.065*[#  20]+0.013*[#  11]
          +0.003*[#  21]+0.003*[#  22]+0.003*[#  23]+0.002*[#  25]+0.002*[#  26]
          +0.002*[#  28]+0.002*[#  10]
    |psi|^2 = 0.460
==== e(  27) =    22.11751 eV ==== 
     psi = 0.186*[#  20]+0.124*[#   2]+0.124*[#   3]+0.124*[#   4]+0.113*[#  11]
          +0.044*[#   1]+0.019*[#  21]+0.019*[#  22]+0.019*[#  23]+0.008*[#  25]
          +0.008*[#  26]+0.008*[#  28]+0.002*[#  10]
    |psi|^2 = 0.807
==== e(  28) =    22.33248 eV ==== 
     psi = 0.033*[#   2]+0.033*[#   3]+0.033*[#   4]+0.030*[#  21]+0.030*[#  22]
          +0.030*[#  23]+0.002*[#  16]+0.002*[#  17]+0.002*[#  19]
    |psi|^2 = 0.199

 k =   0.0000000000  0.3333333333  0.0000000000
==== e(   1) =   -91.24328 eV ==== 
     psi = 0.956*[#  10]+0.007*[#  21]+0.007*[#  22]+0.007*[#  23]+0.005*[#  20]
          +0.005*[#  11]+0.004*[#   2]+0.004*[#   3]+0.004*[#   4]
    |psi|^2 = 1.000
==== e(   2) =   -51.63473 eV ==== 
     psi = 0.333*[#  12]+0.333*[#  13]+0.333*[#  14]
    |psi|^2 = 1.000
==== e(   3) =   -51.63450 eV ==== 
     psi = 0.333*[#  12]+0.333*[#  13]+0.333*[#  14]
    |psi|^2 = 1.000
==== e(   4) =   -51.63450 eV ==== 
     psi = 0.333*[#  12]+0.333*[#  13]+0.333*[#  14]
    |psi|^2 = 1.000
==== e(   5) =     4.28985 eV ==== 
     psi = 0.262*[#  20]+0.200*[#   1]+0.194*[#  11]+0.054*[#  21]+0.054*[#  22]
          +0.054*[#  23]+0.052*[#   2]+0.052*[#   3]+0.052*[#   4]+0.015*[#  10]
          
    |psi|^2 = 0.996
==== e(   6) =     7.46796 eV ==== 
     psi = 0.179*[#  25]+0.179*[#  26]+0.179*[#  28]+0.087*[#   5]+0.087*[#   8]
          +0.073*[#  24]+0.073*[#  27]+0.032*[#   6]+0.032*[#   7]+0.032*[#   9]
          +0.016*[#   1]+0.012*[#  11]+0.002*[#  15]+0.002*[#  18]+0.002*[#   2]
          +0.002*[#   3]+0.002*[#   4]
    |psi|^2 = 0.994
==== e(   7) =     7.59936 eV ==== 
     psi = 0.190*[#  24]+0.190*[#  27]+0.087*[#  15]+0.087*[#  18]+0.081*[#  25]
          +0.081*[#  26]+0.081*[#  28]+0.048*[#   5]+0.048*[#   8]+0.018*[#  16]
          +0.018*[#  17]+0.018*[#  19]+0.011*[#   1]+0.011*[#   2]+0.011*[#   3]
          +0.011*[#   4]+0.003*[#  11]
    |psi|^2 = 0.998
==== e(   8) =     7.77167 eV ==== 
     psi = 0.236*[#  24]+0.236*[#  27]+0.169*[#   5]+0.169*[#   8]+0.094*[#  15]
          +0.094*[#  18]
    |psi|^2 = 0.997
==== e(   9) =     7.77897 eV ==== 
     psi = 0.243*[#  25]+0.243*[#  26]+0.243*[#  28]+0.056*[#   6]+0.056*[#   7]
          +0.056*[#   9]+0.023*[#  16]+0.023*[#  17]+0.023*[#  19]+0.011*[#   2]
          +0.011*[#   3]+0.011*[#   4]
    |psi|^2 = 0.997
==== e(  10) =     7.77897 eV ==== 
     psi = 0.243*[#  25]+0.243*[#  26]+0.243*[#  28]+0.056*[#   6]+0.056*[#   7]
          +0.056*[#   9]+0.023*[#  16]+0.023*[#  17]+0.023*[#  19]+0.011*[#   2]
          +0.011*[#   3]+0.011*[#   4]
    |psi|^2 = 0.997
==== e(  11) =     8.81653 eV ==== 
     psi = 0.194*[#   6]+0.194*[#   7]+0.194*[#   9]+0.067*[#  16]+0.067*[#  17]
          +0.067*[#  19]+0.066*[#   5]+0.066*[#   8]+0.015*[#  20]+0.013*[#  21]
          +0.013*[#  22]+0.013*[#  23]+0.011*[#  15]+0.011*[#  18]+0.003*[#  11]
          +0.002*[#  25]+0.002*[#  26]+0.002*[#  28]
    |psi|^2 = 0.999
==== e(  12) =     9.25163 eV ==== 
     psi = 0.212*[#   6]+0.212*[#   7]+0.212*[#   9]+0.073*[#  16]+0.073*[#  17]
          +0.073*[#  19]+0.029*[#  25]+0.029*[#  26]+0.029*[#  28]+0.012*[#  21]
          +0.012*[#  22]+0.012*[#  23]+0.006*[#   2]+0.006*[#   3]+0.006*[#   4]
          
    |psi|^2 = 0.998
==== e(  13) =     9.25163 eV ==== 
     psi = 0.212*[#   6]+0.212*[#   7]+0.212*[#   9]+0.073*[#  16]+0.073*[#  17]
          +0.073*[#  19]+0.029*[#  25]+0.029*[#  26]+0.029*[#  28]+0.012*[#  21]
          +0.012*[#  22]+0.012*[#  23]+0.006*[#   2]+0.006*[#   3]+0.006*[#   4]
          
    |psi|^2 = 0.998
==== e(  14) =    10.34949 eV ==== 
     psi = 0.330*[#   5]+0.330*[#   8]+0.136*[#  24]+0.136*[#  27]+0.034*[#  15]
          +0.034*[#  18]
    |psi|^2 = 1.000
==== e(  15) =    10.35290 eV ==== 
     psi = 0.173*[#   5]+0.173*[#   8]+0.111*[#  16]+0.111*[#  17]+0.111*[#  19]
          +0.107*[#  15]+0.107*[#  18]+0.026*[#  24]+0.026*[#  27]+0.011*[#   6]
          +0.011*[#   7]+0.011*[#   9]+0.002*[#   1]+0.002*[#  21]+0.002*[#  22]
          +0.002*[#  23]+0.002*[#  25]+0.002*[#  26]+0.002*[#  28]+0.001*[#  20]
          
    |psi|^2 = 0.999
==== e(  16) =    10.61916 eV ==== 
     psi = 0.122*[#   5]+0.122*[#   8]+0.087*[#   6]+0.087*[#   7]+0.087*[#   9]
          +0.082*[#  24]+0.082*[#  27]+0.077*[#  16]+0.077*[#  17]+0.077*[#  19]
          +0.028*[#  25]+0.028*[#  26]+0.028*[#  28]+0.005*[#  11]+0.003*[#   1]
          +0.002*[#  15]+0.002*[#  18]
    |psi|^2 = 0.998
==== e(  17) =    10.66605 eV ==== 
     psi = 0.225*[#  16]+0.225*[#  17]+0.225*[#  19]+0.059*[#   6]+0.059*[#   7]
          +0.059*[#   9]+0.036*[#  25]+0.036*[#  26]+0.036*[#  28]+0.009*[#   2]
          +0.009*[#   3]+0.009*[#   4]+0.003*[#  21]+0.003*[#  22]+0.003*[#  23]
          
    |psi|^2 = 0.995
==== e(  18) =    10.66605 eV ==== 
     psi = 0.225*[#  16]+0.225*[#  17]+0.225*[#  19]+0.059*[#   6]+0.059*[#   7]
          +0.059*[#   9]+0.036*[#  25]+0.036*[#  26]+0.036*[#  28]+0.009*[#   2]
          +0.009*[#   3]+0.009*[#   4]+0.003*[#  21]+0.003*[#  22]+0.003*[#  23]
          
    |psi|^2 = 0.995
==== e(  19) =    11.14240 eV ==== 
     psi = 0.370*[#  15]+0.370*[#  18]+0.128*[#  24]+0.128*[#  27]+0.001*[#   5]
          +0.001*[#   8]
    |psi|^2 = 0.998
==== e(  20) =    11.37116 eV ==== 
     psi = 0.284*[#  15]+0.284*[#  18]+0.123*[#  24]+0.123*[#  27]+0.046*[#  16]
          +0.046*[#  17]+0.046*[#  19]+0.013*[#  25]+0.013*[#  26]+0.013*[#  28]
          +0.003*[#   1]
    |psi|^2 = 0.999
==== e(  21) =    17.79960 eV ==== 
     psi = 0.139*[#  21]+0.139*[#  22]+0.139*[#  23]+0.127*[#   2]+0.127*[#   3]
          +0.127*[#   4]+0.018*[#  25]+0.018*[#  26]+0.018*[#  28]+0.010*[#  16]
          +0.010*[#  17]+0.010*[#  19]+0.005*[#   6]+0.005*[#   7]+0.005*[#   9]
          
    |psi|^2 = 0.899
==== e(  22) =    17.79960 eV ==== 
     psi = 0.139*[#  21]+0.139*[#  22]+0.139*[#  23]+0.127*[#   2]+0.127*[#   3]
          +0.127*[#   4]+0.018*[#  25]+0.018*[#  26]+0.018*[#  28]+0.010*[#  16]
          +0.010*[#  17]+0.010*[#  19]+0.005*[#   6]+0.005*[#   7]+0.005*[#   9]
          
    |psi|^2 = 0.899
==== e(  23) =    18.45200 eV ==== 
     psi = 0.322*[#  20]+0.103*[#  21]+0.103*[#  22]+0.103*[#  23]+0.085*[#   1]
          +0.041*[#   2]+0.041*[#   3]+0.041*[#   4]+0.023*[#  11]+0.010*[#  16]
          +0.010*[#  17]+0.010*[#  19]+0.005*[#   6]+0.005*[#   7]+0.005*[#   9]
          +0.004*[#  15]+0.004*[#  18]+0.003*[#  24]+0.003*[#  27]+0.002*[#  25]
          +0.002*[#  26]+0.002*[#  28]+0.002*[#   5]+0.002*[#   8]
    |psi|^2 = 0.929
==== e(  24) =    19.30673 eV ==== 
     psi = 0.436*[#   1]+0.364*[#  11]+0.032*[#  20]+0.023*[#  25]+0.023*[#  26]
          +0.023*[#  28]+0.015*[#   2]+0.015*[#   3]+0.015*[#   4]+0.002*[#  21]
          +0.002*[#  22]+0.002*[#  23]+0.002*[#  10]+0.001*[#   6]+0.001*[#   7]
          +0.001*[#   9]
    |psi|^2 = 0.959
==== e(  25) =    20.34993 eV ==== 
     psi = 0.122*[#  20]+0.088*[#   2]+0.088*[#   3]+0.088*[#   4]+0.063*[#  11]
          +0.021*[#  21]+0.021*[#  22]+0.021*[#  23]+0.007*[#  10]+0.003*[#   1]
          +0.002*[#  16]+0.002*[#  17]+0.002*[#  19]+0.003*[#  24]+0.003*[#  27]
          
    |psi|^2 = 0.539
==== e(  26) =    23.26618 eV ==== 
     psi = 0.109*[#  11]+0.095*[#   2]+0.095*[#   3]+0.095*[#   4]+0.046*[#  20]
          +0.016*[#   1]+0.003*[#  10]+0.002*[#  21]+0.002*[#  22]+0.002*[#  23]
          +0.002*[#  25]+0.002*[#  26]+0.002*[#  28]
    |psi|^2 = 0.475
==== e(  27) =    23.32795 eV ==== 
     psi = 0.102*[#   2]+0.102*[#   3]+0.102*[#   4]+0.019*[#  21]+0.019*[#  22]
          +0.019*[#  23]+0.002*[#  25]+0.002*[#  26]+0.002*[#  28]
    |psi|^2 = 0.370
==== e(  28) =    23.32795 eV ==== 
     psi = 0.102*[#   2]+0.102*[#   3]+0.102*[#   4]+0.019*[#  21]+0.019*[#  22]
          +0.019*[#  23]+0.002*[#  25]+0.002*[#  26]+0.002*[#  28]
    |psi|^2 = 0.370

 k =  -0.0833333333  0.4166666667 -0.0833333333
==== e(   1) =   -91.24308 eV ==== 
     psi = 0.953*[#  10]+0.008*[#  21]+0.008*[#  22]+0.008*[#  23]+0.006*[#  11]
          +0.004*[#   2]+0.004*[#   3]+0.004*[#   4]+0.003*[#  20]
    |psi|^2 = 1.000
==== e(   2) =   -51.63463 eV ==== 
     psi = 0.333*[#  12]+0.333*[#  13]+0.333*[#  14]
    |psi|^2 = 1.000
==== e(   3) =   -51.63448 eV ==== 
     psi = 0.333*[#  12]+0.333*[#  13]+0.333*[#  14]
    |psi|^2 = 1.000
==== e(   4) =   -51.63442 eV ==== 
     psi = 0.333*[#  12]+0.333*[#  13]+0.333*[#  14]
    |psi|^2 = 1.000
==== e(   5) =     4.65243 eV ==== 
     psi = 0.236*[#  20]+0.170*[#   1]+0.160*[#  11]+0.067*[#  21]+0.067*[#  22]
          +0.067*[#  23]+0.067*[#   2]+0.067*[#   3]+0.067*[#   4]+0.015*[#  10]
          +0.002*[#   6]+0.002*[#   7]+0.002*[#   9]+0.001*[#  16]+0.001*[#  17]
          +0.001*[#  19]+0.001*[#  25]+0.001*[#  26]+0.001*[#  28]
    |psi|^2 = 0.996
==== e(   6) =     7.37583 eV ==== 
     psi = 0.227*[#  25]+0.227*[#  26]+0.227*[#  28]+0.059*[#   5]+0.059*[#   8]
          +0.029*[#   1]+0.024*[#  11]+0.024*[#   6]+0.024*[#   7]+0.024*[#   9]
          +0.022*[#  24]+0.022*[#  27]+0.004*[#  15]+0.004*[#  18]+0.003*[#   2]
          +0.003*[#   3]+0.003*[#   4]+0.002*[#  16]+0.002*[#  17]+0.002*[#  19]
          
    |psi|^2 = 0.995
==== e(   7) =     7.58913 eV ==== 
     psi = 0.245*[#  24]+0.245*[#  27]+0.075*[#  15]+0.075*[#  18]+0.063*[#   5]
          +0.063*[#   8]+0.031*[#  25]+0.031*[#  26]+0.031*[#  28]+0.019*[#  16]
          +0.019*[#  17]+0.019*[#  19]+0.014*[#   6]+0.014*[#   7]+0.014*[#   9]
          +0.010*[#   2]+0.010*[#   3]+0.010*[#   4]+0.008*[#   1]
    |psi|^2 = 0.997
==== e(   8) =     7.76655 eV ==== 
     psi = 0.201*[#  25]+0.201*[#  26]+0.201*[#  28]+0.045*[#   6]+0.045*[#   7]
          +0.045*[#   9]+0.036*[#  24]+0.036*[#  27]+0.036*[#   5]+0.036*[#   8]
          +0.020*[#  16]+0.020*[#  17]+0.020*[#  19]+0.017*[#  15]+0.017*[#  18]
          +0.008*[#   2]+0.008*[#   3]+0.008*[#   4]
    |psi|^2 = 0.997
==== e(   9) =     7.79184 eV ==== 
     psi = 0.225*[#  25]+0.225*[#  26]+0.225*[#  28]+0.063*[#   6]+0.063*[#   7]
          +0.063*[#   9]+0.030*[#  16]+0.030*[#  17]+0.030*[#  19]+0.008*[#   2]
          +0.008*[#   3]+0.008*[#   4]+0.005*[#  24]+0.005*[#  27]+0.003*[#  15]
          +0.003*[#  18]+0.002*[#  20]
    |psi|^2 = 0.998
==== e(  10) =     7.91586 eV ==== 
     psi = 0.200*[#  24]+0.200*[#  27]+0.134*[#   5]+0.134*[#   8]+0.074*[#  15]
          +0.074*[#  18]+0.032*[#  25]+0.032*[#  26]+0.032*[#  28]+0.020*[#   6]
          +0.020*[#   7]+0.020*[#   9]+0.008*[#  16]+0.008*[#  17]+0.008*[#  19]
          +0.001*[#   2]+0.001*[#   3]+0.001*[#   4]
    |psi|^2 = 0.998
==== e(  11) =     8.78689 eV ==== 
     psi = 0.177*[#   6]+0.177*[#   7]+0.177*[#   9]+0.091*[#   5]+0.091*[#   8]
          +0.053*[#  16]+0.053*[#  17]+0.053*[#  19]+0.021*[#  20]+0.019*[#  15]
          +0.019*[#  18]+0.015*[#  21]+0.015*[#  22]+0.015*[#  23]+0.006*[#  11]
          +0.004*[#  25]+0.004*[#  26]+0.004*[#  28]+0.001*[#   2]+0.001*[#   3]
          +0.001*[#   4]+0.001*[#   1]
    |psi|^2 = 0.998
==== e(  12) =     9.35440 eV ==== 
     psi = 0.210*[#   6]+0.210*[#   7]+0.210*[#   9]+0.060*[#  16]+0.060*[#  17]
          +0.060*[#  19]+0.034*[#  25]+0.034*[#  26]+0.034*[#  28]+0.014*[#  21]
          +0.014*[#  22]+0.014*[#  23]+0.008*[#   2]+0.008*[#   3]+0.008*[#   4]
          +0.004*[#   5]+0.004*[#   8]+0.003*[#   1]+0.003*[#  11]+0.002*[#  15]
          +0.002*[#  18]+0.001*[#  20]
    |psi|^2 = 0.997
==== e(  13) =     9.37572 eV ==== 
     psi = 0.208*[#   6]+0.208*[#   7]+0.208*[#   9]+0.063*[#  16]+0.063*[#  17]
          +0.063*[#  19]+0.033*[#  25]+0.033*[#  26]+0.033*[#  28]+0.012*[#  21]
          +0.012*[#  22]+0.012*[#  23]+0.009*[#   5]+0.009*[#   8]+0.008*[#   2]
          +0.008*[#   3]+0.008*[#   4]+0.003*[#  15]+0.003*[#  18]+0.001*[#  24]
          +0.001*[#  27]
    |psi|^2 = 0.997
==== e(  14) =    10.24556 eV ==== 
     psi = 0.285*[#   5]+0.285*[#   8]+0.133*[#  24]+0.133*[#  27]+0.029*[#  16]
          +0.029*[#  17]+0.029*[#  19]+0.016*[#  15]+0.016*[#  18]+0.010*[#   6]
          +0.010*[#   7]+0.010*[#   9]+0.003*[#  25]+0.003*[#  26]+0.003*[#  28]
          +0.001*[#   2]+0.001*[#   3]+0.001*[#   4]
    |psi|^2 = 0.999
==== e(  15) =    10.30203 eV ==== 
     psi = 0.147*[#  16]+0.147*[#  17]+0.147*[#  19]+0.108*[#   5]+0.108*[#   8]
          +0.104*[#  15]+0.104*[#  18]+0.029*[#   6]+0.029*[#   7]+0.029*[#   9]
          +0.010*[#  24]+0.010*[#  27]+0.004*[#   1]+0.003*[#  25]+0.003*[#  26]
          +0.003*[#  28]+0.003*[#  20]+0.003*[#  21]+0.003*[#  22]+0.003*[#  23]
          
    |psi|^2 = 0.999
==== e(  16) =    10.46379 eV ==== 
     psi = 0.138*[#  16]+0.138*[#  17]+0.138*[#  19]+0.098*[#   5]+0.098*[#   8]
          +0.063*[#   6]+0.063*[#   7]+0.063*[#   9]+0.039*[#  24]+0.039*[#  27]
          +0.024*[#  25]+0.024*[#  26]+0.024*[#  28]+0.008*[#  15]+0.008*[#  18]
          +0.005*[#   2]+0.005*[#   3]+0.005*[#   4]+0.005*[#  11]+0.003*[#   1]
          +0.003*[#  21]+0.003*[#  22]+0.003*[#  23]+0.002*[#  20]
    |psi|^2 = 0.998
==== e(  17) =    10.67093 eV ==== 
     psi = 0.181*[#  16]+0.181*[#  17]+0.181*[#  19]+0.040*[#   6]+0.040*[#   7]
          +0.040*[#   9]+0.040*[#  15]+0.040*[#  18]+0.032*[#  25]+0.032*[#  26]
          +0.032*[#  28]+0.030*[#   5]+0.030*[#   8]+0.029*[#  24]+0.029*[#  27]
          +0.009*[#   2]+0.009*[#   3]+0.009*[#   4]+0.003*[#  21]+0.003*[#  22]
          +0.003*[#  23]
    |psi|^2 = 0.996
==== e(  18) =    10.70437 eV ==== 
     psi = 0.121*[#  16]+0.121*[#  17]+0.121*[#  19]+0.073*[#   5]+0.073*[#   8]
          +0.068*[#   6]+0.068*[#   7]+0.068*[#   9]+0.059*[#  24]+0.059*[#  27]
          +0.038*[#  25]+0.038*[#  26]+0.038*[#  28]+0.012*[#  15]+0.012*[#  18]
          +0.005*[#   2]+0.005*[#   3]+0.005*[#   4]+0.003*[#  11]+0.002*[#  21]
          +0.002*[#  22]+0.002*[#  23]+0.001*[#   1]
    |psi|^2 = 0.997
==== e(  19) =    11.08890 eV ==== 
     psi = 0.347*[#  15]+0.347*[#  18]+0.101*[#  24]+0.101*[#  27]+0.018*[#  16]
          +0.018*[#  17]+0.018*[#  19]+0.007*[#  25]+0.007*[#  26]+0.007*[#  28]
          +0.006*[#   5]+0.006*[#   8]+0.004*[#   6]+0.004*[#   7]+0.004*[#   9]
          
    |psi|^2 = 0.998
==== e(  20) =    11.37951 eV ==== 
     psi = 0.263*[#  15]+0.263*[#  18]+0.110*[#  24]+0.110*[#  27]+0.062*[#  16]
          +0.062*[#  17]+0.062*[#  19]+0.018*[#  25]+0.018*[#  26]+0.018*[#  28]
          +0.004*[#   1]+0.001*[#   6]+0.001*[#   7]+0.001*[#   9]
    |psi|^2 = 0.999
==== e(  21) =    16.18715 eV ==== 
     psi = 0.149*[#  20]+0.101*[#  21]+0.101*[#  22]+0.101*[#  23]+0.083*[#   2]
          +0.083*[#   3]+0.083*[#   4]+0.057*[#   1]+0.034*[#  11]+0.022*[#  25]
          +0.022*[#  26]+0.022*[#  28]+0.018*[#  16]+0.018*[#  17]+0.018*[#  19]
          +0.009*[#   6]+0.009*[#   7]+0.009*[#   9]+0.001*[#  15]+0.001*[#  18]
          
    |psi|^2 = 0.944
==== e(  22) =    17.08444 eV ==== 
     psi = 0.140*[#  21]+0.140*[#  22]+0.140*[#  23]+0.128*[#   2]+0.128*[#   3]
          +0.128*[#   4]+0.019*[#  25]+0.019*[#  26]+0.019*[#  28]+0.012*[#  16]
          +0.012*[#  17]+0.012*[#  19]+0.006*[#   6]+0.006*[#   7]+0.006*[#   9]
          
    |psi|^2 = 0.915
==== e(  23) =    17.80267 eV ==== 
     psi = 0.156*[#  20]+0.121*[#   1]+0.088*[#  21]+0.088*[#  22]+0.088*[#  23]
          +0.086*[#  11]+0.066*[#   2]+0.066*[#   3]+0.066*[#   4]+0.007*[#  16]
          +0.007*[#  17]+0.007*[#  19]+0.007*[#  25]+0.007*[#  26]+0.007*[#  28]
          +0.006*[#  15]+0.006*[#  18]+0.005*[#  24]+0.005*[#  27]+0.004*[#   6]
          +0.004*[#   7]+0.004*[#   9]+0.002*[#   5]+0.002*[#   8]+0.001*[#  10]
          
    |psi|^2 = 0.907
==== e(  24) =    19.46701 eV ==== 
     psi = 0.313*[#   1]+0.297*[#  11]+0.045*[#   2]+0.045*[#   3]+0.045*[#   4]
          +0.033*[#  20]+0.020*[#  25]+0.020*[#  26]+0.020*[#  28]+0.018*[#  21]
          +0.018*[#  22]+0.018*[#  23]+0.004*[#  10]+0.001*[#   6]+0.001*[#   7]
          +0.001*[#   9]+0.001*[#  24]+0.001*[#  27]
    |psi|^2 = 0.905
==== e(  25) =    20.33170 eV ==== 
     psi = 0.179*[#  20]+0.085*[#  11]+0.075*[#   2]+0.075*[#   3]+0.075*[#   4]
          +0.044*[#  21]+0.044*[#  22]+0.044*[#  23]+0.035*[#   1]+0.007*[#  10]
          +0.004*[#  16]+0.004*[#  17]+0.004*[#  19]+0.003*[#  25]+0.003*[#  26]
          +0.003*[#  28]+0.002*[#   6]+0.002*[#   7]+0.002*[#   9]+0.002*[#  24]
          +0.002*[#  27]
    |psi|^2 = 0.692
==== e(  26) =    23.38919 eV ==== 
     psi = 0.110*[#   2]+0.110*[#   3]+0.110*[#   4]+0.037*[#  20]+0.019*[#  21]
          +0.019*[#  22]+0.019*[#  23]+0.017*[#   1]+0.013*[#  11]+0.002*[#  25]
          +0.002*[#  26]+0.002*[#  28]
    |psi|^2 = 0.466
==== e(  27) =    23.59402 eV ==== 
     psi = 0.099*[#   2]+0.099*[#   3]+0.099*[#   4]+0.027*[#  21]+0.027*[#  22]
          +0.027*[#  23]+0.002*[#  25]+0.002*[#  26]+0.002*[#  28]
    |psi|^2 = 0.389
==== e(  28) =    23.85343 eV ==== 
     psi = 0.088*[#  11]+0.069*[#   2]+0.069*[#   3]+0.069*[#   4]+0.042*[#  21]
          +0.042*[#  22]+0.042*[#  23]+0.030*[#   1]+0.014*[#  20]+0.002*[#  10]
          +0.002*[#  25]+0.002*[#  26]+0.002*[#  28]
    |psi|^2 = 0.479

 k =  -0.1666666667  0.5000000000 -0.1666666667
==== e(   1) =   -91.24288 eV ==== 
     psi = 0.952*[#  10]+0.008*[#  21]+0.008*[#  22]+0.008*[#  23]+0.007*[#  11]
          +0.005*[#   2]+0.005*[#   3]+0.005*[#   4]+0.002*[#  20]
    |psi|^2 = 1.000
==== e(   2) =   -51.63455 eV ==== 
     psi = 0.333*[#  12]+0.333*[#  13]+0.333*[#  14]
    |psi|^2 = 1.000
==== e(   3) =   -51.63440 eV ==== 
     psi = 0.333*[#  12]+0.333*[#  13]+0.333*[#  14]
    |psi|^2 = 1.000
==== e(   4) =   -51.63437 eV ==== 
     psi = 0.333*[#  12]+0.333*[#  13]+0.333*[#  14]
    |psi|^2 = 1.000
==== e(   5) =     5.16647 eV ==== 
     psi = 0.221*[#  20]+0.147*[#   1]+0.129*[#  11]+0.077*[#   2]+0.077*[#   3]
          +0.077*[#   4]+0.072*[#  21]+0.072*[#  22]+0.072*[#  23]+0.014*[#  10]
          +0.006*[#  25]+0.006*[#  26]+0.006*[#  28]+0.003*[#   6]+0.003*[#   7]
          +0.003*[#   9]+0.002*[#  16]+0.002*[#  17]+0.002*[#  19]
    |psi|^2 = 0.997
==== e(   6) =     7.29440 eV ==== 
     psi = 0.232*[#  25]+0.232*[#  26]+0.232*[#  28]+0.050*[#   5]+0.050*[#   8]
          +0.039*[#   1]+0.036*[#  11]+0.017*[#   6]+0.017*[#   7]+0.017*[#   9]
          +0.013*[#  15]+0.013*[#  18]+0.007*[#  24]+0.007*[#  27]+0.004*[#  16]
          +0.004*[#  17]+0.004*[#  19]+0.003*[#   2]+0.003*[#   3]+0.003*[#   4]
          +0.003*[#  21]+0.003*[#  22]+0.003*[#  23]
    |psi|^2 = 0.997
==== e(   7) =     7.61841 eV ==== 
     psi = 0.253*[#  24]+0.253*[#  27]+0.058*[#   5]+0.058*[#   8]+0.051*[#  15]
          +0.051*[#  18]+0.031*[#  25]+0.031*[#  26]+0.031*[#  28]+0.029*[#   6]
          +0.029*[#   7]+0.029*[#   9]+0.016*[#  16]+0.016*[#  17]+0.016*[#  19]
          +0.011*[#   2]+0.011*[#   3]+0.011*[#   4]+0.007*[#   1]+0.002*[#  21]
          +0.002*[#  22]+0.002*[#  23]
    |psi|^2 = 0.997
==== e(   8) =     7.74291 eV ==== 
     psi = 0.200*[#  25]+0.200*[#  26]+0.200*[#  28]+0.043*[#   6]+0.043*[#   7]
          +0.043*[#   9]+0.042*[#   5]+0.042*[#   8]+0.031*[#  24]+0.031*[#  27]
          +0.021*[#  15]+0.021*[#  18]+0.020*[#  16]+0.020*[#  17]+0.020*[#  19]
          +0.007*[#   2]+0.007*[#   3]+0.007*[#   4]
    |psi|^2 = 0.997
==== e(   9) =     7.80794 eV ==== 
     psi = 0.190*[#  25]+0.190*[#  26]+0.190*[#  28]+0.073*[#   6]+0.073*[#   7]
          +0.073*[#   9]+0.043*[#  16]+0.043*[#  17]+0.043*[#  19]+0.020*[#  24]
          +0.020*[#  27]+0.011*[#  20]+0.008*[#  15]+0.008*[#  18]+0.006*[#   2]
          +0.006*[#   3]+0.006*[#   4]
    |psi|^2 = 0.999
==== e(  10) =     8.07424 eV ==== 
     psi = 0.211*[#  24]+0.211*[#  27]+0.119*[#   5]+0.119*[#   8]+0.060*[#  15]
          +0.060*[#  18]+0.036*[#   6]+0.036*[#   7]+0.036*[#   9]+0.022*[#  25]
          +0.022*[#  26]+0.022*[#  28]+0.013*[#  16]+0.013*[#  17]+0.013*[#  19]
          
    |psi|^2 = 0.998
==== e(  11) =     8.81650 eV ==== 
     psi = 0.155*[#   6]+0.155*[#   7]+0.155*[#   9]+0.110*[#   5]+0.110*[#   8]
          +0.035*[#  16]+0.035*[#  17]+0.035*[#  19]+0.026*[#  20]+0.024*[#  15]
          +0.024*[#  18]+0.019*[#  21]+0.019*[#  22]+0.019*[#  23]+0.013*[#  25]
          +0.013*[#  26]+0.013*[#  28]+0.011*[#  11]+0.006*[#   2]+0.006*[#   3]
          +0.006*[#   4]+0.004*[#   1]+0.002*[#  24]+0.002*[#  27]
    |psi|^2 = 0.998
==== e(  12) =     9.40465 eV ==== 
     psi = 0.195*[#   6]+0.195*[#   7]+0.195*[#   9]+0.046*[#  16]+0.046*[#  17]
          +0.046*[#  19]+0.033*[#  25]+0.033*[#  26]+0.033*[#  28]+0.021*[#  21]
          +0.021*[#  22]+0.021*[#  23]+0.019*[#   5]+0.019*[#   8]+0.011*[#   1]
          +0.010*[#  11]+0.010*[#   2]+0.010*[#   3]+0.010*[#   4]+0.009*[#  15]
          +0.009*[#  18]+0.002*[#  20]+0.002*[#  24]+0.002*[#  27]
    |psi|^2 = 0.998
==== e(  13) =     9.49467 eV ==== 
     psi = 0.188*[#   6]+0.188*[#   7]+0.188*[#   9]+0.056*[#  16]+0.056*[#  17]
          +0.056*[#  19]+0.034*[#   5]+0.034*[#   8]+0.031*[#  25]+0.031*[#  26]
          +0.031*[#  28]+0.016*[#  15]+0.016*[#  18]+0.011*[#  21]+0.011*[#  22]
          +0.011*[#  23]+0.008*[#   2]+0.008*[#   3]+0.008*[#   4]+0.007*[#  24]
          +0.007*[#  27]
    |psi|^2 = 0.998
==== e(  14) =    10.02881 eV ==== 
     psi = 0.243*[#   5]+0.243*[#   8]+0.108*[#  24]+0.108*[#  27]+0.055*[#  16]
          +0.055*[#  17]+0.055*[#  19]+0.024*[#   6]+0.024*[#   7]+0.024*[#   9]
          +0.015*[#  15]+0.015*[#  18]+0.006*[#  25]+0.006*[#  26]+0.006*[#  28]
          +0.003*[#   2]+0.003*[#   3]+0.003*[#   4]
    |psi|^2 = 0.999
==== e(  15) =    10.20059 eV ==== 
     psi = 0.200*[#  16]+0.200*[#  17]+0.200*[#  19]+0.066*[#   6]+0.066*[#   7]
          +0.066*[#   9]+0.039*[#  15]+0.039*[#  18]+0.035*[#   5]+0.035*[#   8]
          +0.010*[#   1]+0.005*[#  20]+0.005*[#  25]+0.005*[#  26]+0.005*[#  28]
          +0.005*[#  21]+0.005*[#  22]+0.005*[#  23]+0.002*[#   2]+0.002*[#   3]
          +0.002*[#   4]
    |psi|^2 = 0.998
==== e(  16) =    10.28572 eV ==== 
     psi = 0.134*[#   5]+0.134*[#   8]+0.110*[#  16]+0.110*[#  17]+0.110*[#  19]
          +0.069*[#  15]+0.069*[#  18]+0.038*[#   6]+0.038*[#   7]+0.038*[#   9]
          +0.029*[#  24]+0.029*[#  27]+0.017*[#  25]+0.017*[#  26]+0.017*[#  28]
          +0.006*[#   2]+0.006*[#   3]+0.006*[#   4]+0.004*[#  20]+0.004*[#  11]
          +0.004*[#  21]+0.004*[#  22]+0.004*[#  23]+0.002*[#   1]
    |psi|^2 = 0.999
==== e(  17) =    10.73938 eV ==== 
     psi = 0.157*[#  15]+0.157*[#  18]+0.099*[#  16]+0.099*[#  17]+0.099*[#  19]
          +0.078*[#  24]+0.078*[#  27]+0.049*[#   5]+0.049*[#   8]+0.018*[#   6]
          +0.018*[#   7]+0.018*[#   9]+0.018*[#  25]+0.018*[#  26]+0.018*[#  28]
          +0.006*[#   2]+0.006*[#   3]+0.006*[#   4]+0.003*[#  21]+0.003*[#  22]
          +0.003*[#  23]
    |psi|^2 = 0.998
==== e(  18) =    10.75657 eV ==== 
     psi = 0.088*[#   5]+0.088*[#   8]+0.083*[#  24]+0.083*[#  27]+0.075*[#  16]
          +0.075*[#  17]+0.075*[#  19]+0.062*[#   6]+0.062*[#   7]+0.062*[#   9]
          +0.050*[#  15]+0.050*[#  18]+0.038*[#  25]+0.038*[#  26]+0.038*[#  28]
          +0.004*[#   2]+0.004*[#   3]+0.004*[#   4]+0.003*[#  11]+0.003*[#  21]
          +0.003*[#  22]+0.003*[#  23]+0.003*[#   1]+0.001*[#  20]
    |psi|^2 = 0.997
==== e(  19) =    11.09645 eV ==== 
     psi = 0.224*[#  15]+0.224*[#  18]+0.078*[#  16]+0.078*[#  17]+0.078*[#  19]
          +0.062*[#  24]+0.062*[#  27]+0.034*[#  25]+0.034*[#  26]+0.034*[#  28]
          +0.018*[#   6]+0.018*[#   7]+0.018*[#   9]+0.012*[#   5]+0.012*[#   8]
          +0.002*[#   2]+0.002*[#   3]+0.002*[#   4]
    |psi|^2 = 0.997
==== e(  20) =    11.38403 eV ==== 
     psi = 0.221*[#  15]+0.221*[#  18]+0.090*[#  24]+0.090*[#  27]+0.087*[#  16]
          +0.087*[#  17]+0.087*[#  19]+0.030*[#  25]+0.030*[#  26]+0.030*[#  28]
          +0.005*[#   6]+0.005*[#   7]+0.005*[#   9]+0.003*[#   1]+0.002*[#   2]
          +0.002*[#   3]+0.002*[#   4]
    |psi|^2 = 0.999
==== e(  21) =    14.46152 eV ==== 
     psi = 0.166*[#  20]+0.080*[#  21]+0.080*[#  22]+0.080*[#  23]+0.065*[#   2]
          +0.065*[#   3]+0.065*[#   4]+0.064*[#   1]+0.048*[#  11]+0.036*[#  25]
          +0.036*[#  26]+0.036*[#  28]+0.034*[#  16]+0.034*[#  17]+0.034*[#  19]
          +0.016*[#   6]+0.016*[#   7]+0.016*[#   9]+0.003*[#  15]+0.003*[#  18]
          +0.001*[#   5]+0.001*[#   8]
    |psi|^2 = 0.975
==== e(  22) =    16.56404 eV ==== 
     psi = 0.145*[#  21]+0.145*[#  22]+0.145*[#  23]+0.126*[#   2]+0.126*[#   3]
          +0.126*[#   4]+0.017*[#  25]+0.017*[#  26]+0.017*[#  28]+0.011*[#  16]
          +0.011*[#  17]+0.011*[#  19]+0.005*[#   6]+0.005*[#   7]+0.005*[#   9]
          +0.004*[#  15]+0.004*[#  18]+0.002*[#   5]+0.002*[#   8]
    |psi|^2 = 0.926
==== e(  23) =    17.05204 eV ==== 
     psi = 0.134*[#   1]+0.118*[#  11]+0.104*[#  20]+0.087*[#  21]+0.087*[#  22]
          +0.087*[#  23]+0.068*[#   2]+0.068*[#   3]+0.068*[#   4]+0.009*[#  15]
          +0.009*[#  18]+0.009*[#  25]+0.009*[#  26]+0.009*[#  28]+0.008*[#  24]
          +0.008*[#  27]+0.007*[#  16]+0.007*[#  17]+0.007*[#  19]+0.004*[#   6]
          +0.004*[#   7]+0.004*[#   9]+0.004*[#   5]+0.004*[#   8]+0.002*[#  10]
          
    |psi|^2 = 0.922
==== e(  24) =    19.44256 eV ==== 
     psi = 0.262*[#  11]+0.225*[#   1]+0.097*[#  20]+0.054*[#   2]+0.054*[#   3]
          +0.054*[#   4]+0.023*[#  21]+0.023*[#  22]+0.023*[#  23]+0.014*[#  25]
          +0.014*[#  26]+0.014*[#  28]+0.009*[#  10]+0.002*[#  16]+0.002*[#  17]
          +0.002*[#  19]+0.002*[#  24]+0.002*[#  27]+0.001*[#   6]+0.001*[#   7]
          +0.001*[#   9]
    |psi|^2 = 0.886
==== e(  25) =    21.26751 eV ==== 
     psi = 0.140*[#  20]+0.092*[#  11]+0.082*[#   2]+0.082*[#   3]+0.082*[#   4]
          +0.082*[#   1]+0.053*[#  21]+0.053*[#  22]+0.053*[#  23]+0.006*[#  25]
          +0.006*[#  26]+0.006*[#  28]+0.004*[#  10]+0.003*[#  16]+0.003*[#  17]
          +0.003*[#  19]+0.001*[#   6]+0.001*[#   7]+0.001*[#   9]
    |psi|^2 = 0.755
==== e(  26) =    23.27739 eV ==== 
     psi = 0.107*[#   2]+0.107*[#   3]+0.107*[#   4]+0.065*[#  20]+0.061*[#   1]
          +0.025*[#  21]+0.025*[#  22]+0.025*[#  23]+0.019*[#  11]+0.002*[#  25]
          +0.002*[#  26]+0.002*[#  28]+0.002*[#  10]+0.001*[#  24]+0.001*[#  27]
          
    |psi|^2 = 0.556
==== e(  27) =    23.53082 eV ==== 
     psi = 0.110*[#   2]+0.110*[#   3]+0.110*[#   4]+0.042*[#  21]+0.042*[#  22]
          +0.042*[#  23]+0.002*[#  25]+0.002*[#  26]+0.002*[#  28]+0.001*[#  24]
          +0.001*[#  27]+0.001*[#  15]+0.001*[#  18]
    |psi|^2 = 0.470
==== e(  28) =    23.86053 eV ==== 
     psi = 0.136*[#  11]+0.067*[#  21]+0.067*[#  22]+0.067*[#  23]+0.060*[#   1]
          +0.044*[#   2]+0.044*[#   3]+0.044*[#   4]+0.028*[#  20]+0.004*[#  10]
          +0.003*[#  25]+0.003*[#  26]+0.003*[#  28]+0.001*[#  16]+0.001*[#  17]
          +0.001*[#  19]
    |psi|^2 = 0.577

 k =  -0.2500000000  0.5833333333 -0.2500000000
==== e(   1) =   -91.24291 eV ==== 
     psi = 0.953*[#  10]+0.007*[#  21]+0.007*[#  22]+0.007*[#  23]+0.007*[#  11]
          +0.005*[#   2]+0.005*[#   3]+0.005*[#   4]
    |psi|^2 = 1.000
==== e(   2) =   -51.63465 eV ==== 
     psi = 0.332*[#  12]+0.332*[#  13]+0.332*[#  14]
    |psi|^2 = 1.000
==== e(   3) =   -51.63447 eV ==== 
     psi = 0.332*[#  12]+0.332*[#  13]+0.332*[#  14]
    |psi|^2 = 1.000
==== e(   4) =   -51.63440 eV ==== 
     psi = 0.333*[#  12]+0.333*[#  13]+0.333*[#  14]
    |psi|^2 = 1.000
==== e(   5) =     5.74253 eV ==== 
     psi = 0.216*[#  20]+0.135*[#   1]+0.105*[#  11]+0.079*[#   2]+0.079*[#   3]
          +0.079*[#   4]+0.060*[#  21]+0.060*[#  22]+0.060*[#  23]+0.025*[#  25]
          +0.025*[#  26]+0.025*[#  28]+0.011*[#  10]+0.006*[#   6]+0.006*[#   7]
          +0.006*[#   9]+0.004*[#  16]+0.004*[#  17]+0.004*[#  19]+0.002*[#  15]
          +0.002*[#  18]+0.001*[#   5]+0.001*[#   8]+0.001*[#  24]+0.001*[#  27]
          
    |psi|^2 = 0.997
==== e(   6) =     7.24933 eV ==== 
     psi = 0.216*[#  25]+0.216*[#  26]+0.216*[#  28]+0.048*[#   5]+0.048*[#   8]
          +0.045*[#   1]+0.044*[#  11]+0.020*[#  15]+0.020*[#  18]+0.017*[#   6]
          +0.017*[#   7]+0.017*[#   9]+0.011*[#  21]+0.011*[#  22]+0.011*[#  23]
          +0.006*[#  16]+0.006*[#  17]+0.006*[#  19]+0.004*[#   2]+0.004*[#   3]
          +0.004*[#   4]+0.003*[#  24]+0.003*[#  27]+0.001*[#  10]
    |psi|^2 = 0.998
==== e(   7) =     7.67176 eV ==== 
     psi = 0.241*[#  24]+0.241*[#  27]+0.045*[#   5]+0.045*[#   8]+0.045*[#  25]
          +0.045*[#  26]+0.045*[#  28]+0.039*[#   6]+0.039*[#   7]+0.039*[#   9]
          +0.034*[#  15]+0.034*[#  18]+0.015*[#   2]+0.015*[#   3]+0.015*[#   4]
          +0.011*[#  16]+0.011*[#  17]+0.011*[#  19]+0.006*[#   1]+0.006*[#  21]
          +0.006*[#  22]+0.006*[#  23]+0.002*[#  20]+0.001*[#  11]
    |psi|^2 = 0.997
==== e(   8) =     7.71199 eV ==== 
     psi = 0.199*[#  25]+0.199*[#  26]+0.199*[#  28]+0.048*[#   5]+0.048*[#   8]
          +0.040*[#   6]+0.040*[#   7]+0.040*[#   9]+0.028*[#  24]+0.028*[#  27]
          +0.026*[#  15]+0.026*[#  18]+0.019*[#  16]+0.019*[#  17]+0.019*[#  19]
          +0.007*[#   2]+0.007*[#   3]+0.007*[#   4]
    |psi|^2 = 0.998
==== e(   9) =     7.83814 eV ==== 
     psi = 0.142*[#  25]+0.142*[#  26]+0.142*[#  28]+0.086*[#   6]+0.086*[#   7]
          +0.086*[#   9]+0.056*[#  16]+0.056*[#  17]+0.056*[#  19]+0.040*[#  24]
          +0.040*[#  27]+0.034*[#  20]+0.006*[#  15]+0.006*[#  18]+0.005*[#   2]
          +0.005*[#   3]+0.005*[#   4]+0.002*[#   5]+0.002*[#   8]
    |psi|^2 = 0.999
==== e(  10) =     8.21367 eV ==== 
     psi = 0.231*[#  24]+0.231*[#  27]+0.092*[#   5]+0.092*[#   8]+0.057*[#   6]
          +0.057*[#   7]+0.057*[#   9]+0.038*[#  15]+0.038*[#  18]+0.018*[#  16]
          +0.018*[#  17]+0.018*[#  19]+0.015*[#  25]+0.015*[#  26]+0.015*[#  28]
          +0.001*[#   2]+0.001*[#   3]+0.001*[#   4]
    |psi|^2 = 0.998
==== e(  11) =     8.87039 eV ==== 
     psi = 0.130*[#   6]+0.130*[#   7]+0.130*[#   9]+0.109*[#   5]+0.109*[#   8]
          +0.032*[#  21]+0.032*[#  22]+0.032*[#  23]+0.024*[#  25]+0.024*[#  26]
          +0.024*[#  28]+0.023*[#  15]+0.023*[#  18]+0.023*[#  11]+0.023*[#  20]
          +0.021*[#  16]+0.021*[#  17]+0.021*[#  19]+0.014*[#   2]+0.014*[#   3]
          +0.014*[#   4]+0.013*[#   1]+0.005*[#  24]+0.005*[#  27]+0.001*[#  10]
          
    |psi|^2 = 0.998
==== e(  12) =     9.40249 eV ==== 
     psi = 0.154*[#   6]+0.154*[#   7]+0.154*[#   9]+0.058*[#   5]+0.058*[#   8]
          +0.042*[#  16]+0.042*[#  17]+0.042*[#  19]+0.030*[#  21]+0.030*[#  22]
          +0.030*[#  23]+0.025*[#  15]+0.025*[#  18]+0.021*[#  25]+0.021*[#  26]
          +0.021*[#  28]+0.020*[#   1]+0.015*[#  11]+0.013*[#   2]+0.013*[#   3]
          +0.013*[#   4]+0.005*[#  24]+0.005*[#  27]+0.003*[#  20]+0.001*[#  10]
          
    |psi|^2 = 0.998
==== e(  13) =     9.59121 eV ==== 
     psi = 0.129*[#   6]+0.129*[#   7]+0.129*[#   9]+0.088*[#   5]+0.088*[#   8]
          +0.053*[#  16]+0.053*[#  17]+0.053*[#  19]+0.047*[#  15]+0.047*[#  18]
          +0.030*[#  24]+0.030*[#  27]+0.021*[#  25]+0.021*[#  26]+0.021*[#  28]
          +0.011*[#  21]+0.011*[#  22]+0.011*[#  23]+0.009*[#   2]+0.009*[#   3]
          +0.009*[#   4]
    |psi|^2 = 0.998
==== e(  14) =     9.77827 eV ==== 
     psi = 0.208*[#   5]+0.208*[#   8]+0.063*[#  24]+0.063*[#  27]+0.063*[#   6]
          +0.063*[#   7]+0.063*[#   9]+0.059*[#  16]+0.059*[#  17]+0.059*[#  19]
          +0.023*[#  15]+0.023*[#  18]+0.011*[#  25]+0.011*[#  26]+0.011*[#  28]
          +0.002*[#   2]+0.002*[#   3]+0.002*[#   4]
    |psi|^2 = 0.998
==== e(  15) =    10.05715 eV ==== 
     psi = 0.190*[#  16]+0.190*[#  17]+0.190*[#  19]+0.065*[#   6]+0.065*[#   7]
          +0.065*[#   9]+0.047*[#   5]+0.047*[#   8]+0.022*[#  15]+0.022*[#  18]
          +0.020*[#   1]+0.010*[#  21]+0.010*[#  22]+0.010*[#  23]+0.008*[#  25]
          +0.008*[#  26]+0.008*[#  28]+0.006*[#  20]+0.004*[#  24]+0.004*[#  27]
          +0.003*[#   2]+0.003*[#   3]+0.003*[#   4]+0.001*[#  11]
    |psi|^2 = 0.998
==== e(  16) =    10.16712 eV ==== 
     psi = 0.101*[#   5]+0.101*[#   8]+0.097*[#  16]+0.097*[#  17]+0.097*[#  19]
          +0.075*[#   6]+0.075*[#   7]+0.075*[#   9]+0.073*[#  15]+0.073*[#  18]
          +0.020*[#  24]+0.020*[#  27]+0.016*[#  25]+0.016*[#  26]+0.016*[#  28]
          +0.007*[#  20]+0.006*[#   2]+0.006*[#   3]+0.006*[#   4]+0.006*[#  11]
          +0.005*[#  21]+0.005*[#  22]+0.005*[#  23]+0.001*[#   1]
    |psi|^2 = 0.998
==== e(  17) =    10.77676 eV ==== 
     psi = 0.274*[#  15]+0.274*[#  18]+0.109*[#  24]+0.109*[#  27]+0.045*[#   5]
          +0.045*[#   8]+0.033*[#  16]+0.033*[#  17]+0.033*[#  19]+0.007*[#   6]
          +0.007*[#   7]+0.007*[#   9]+0.003*[#   2]+0.003*[#   3]+0.003*[#   4]
          +0.002*[#  21]+0.002*[#  22]+0.002*[#  23]+0.002*[#  25]+0.002*[#  26]
          +0.002*[#  28]
    |psi|^2 = 0.998
==== e(  18) =    10.82050 eV ==== 
     psi = 0.111*[#  15]+0.111*[#  18]+0.091*[#  24]+0.091*[#  27]+0.081*[#   5]
          +0.081*[#   8]+0.049*[#   6]+0.049*[#   7]+0.049*[#   9]+0.047*[#  16]
          +0.047*[#  17]+0.047*[#  19]+0.034*[#  25]+0.034*[#  26]+0.034*[#  28]
          +0.006*[#  21]+0.006*[#  22]+0.006*[#  23]+0.005*[#  11]+0.005*[#   1]
          +0.004*[#   2]+0.004*[#   3]+0.004*[#   4]+0.003*[#  20]
    |psi|^2 = 0.998
==== e(  19) =    11.18931 eV ==== 
     psi = 0.140*[#  16]+0.140*[#  17]+0.140*[#  19]+0.081*[#  15]+0.081*[#  18]
          +0.069*[#  25]+0.069*[#  26]+0.069*[#  28]+0.033*[#  24]+0.033*[#  27]
          +0.033*[#   6]+0.033*[#   7]+0.033*[#   9]+0.014*[#   5]+0.014*[#   8]
          +0.004*[#   2]+0.004*[#   3]+0.004*[#   4]+0.001*[#  21]+0.001*[#  22]
          +0.001*[#  23]
    |psi|^2 = 0.997
==== e(  20) =    11.37785 eV ==== 
     psi = 0.162*[#  15]+0.162*[#  18]+0.112*[#  16]+0.112*[#  17]+0.112*[#  19]
          +0.075*[#  24]+0.075*[#  27]+0.044*[#  25]+0.044*[#  26]+0.044*[#  28]
          +0.012*[#   6]+0.012*[#   7]+0.012*[#   9]+0.004*[#   2]+0.004*[#   3]
          +0.004*[#   4]+0.002*[#   1]+0.001*[#  21]+0.001*[#  22]+0.001*[#  23]
          
    |psi|^2 = 0.999
==== e(  21) =    13.02319 eV ==== 
     psi = 0.126*[#  20]+0.066*[#  16]+0.066*[#  17]+0.066*[#  19]+0.056*[#  25]
          +0.056*[#  26]+0.056*[#  28]+0.055*[#  21]+0.055*[#  22]+0.055*[#  23]
          +0.052*[#   2]+0.052*[#   3]+0.052*[#   4]+0.044*[#   1]+0.040*[#  11]
          +0.027*[#   6]+0.027*[#   7]+0.027*[#   9]+0.005*[#  15]+0.005*[#  18]
          +0.001*[#   5]+0.001*[#   8]
    |psi|^2 = 0.990
==== e(  22) =    16.30747 eV ==== 
     psi = 0.154*[#  21]+0.154*[#  22]+0.154*[#  23]+0.121*[#   2]+0.121*[#   3]
          +0.121*[#   4]+0.011*[#  25]+0.011*[#  26]+0.011*[#  28]+0.009*[#  16]
          +0.009*[#  17]+0.009*[#  19]+0.009*[#  15]+0.009*[#  18]+0.004*[#   6]
          +0.004*[#   7]+0.004*[#   9]+0.004*[#   5]+0.004*[#   8]+0.002*[#  24]
          +0.002*[#  27]
    |psi|^2 = 0.927
==== e(  23) =    16.33131 eV ==== 
     psi = 0.118*[#   1]+0.115*[#  11]+0.095*[#  21]+0.095*[#  22]+0.095*[#  23]
          +0.088*[#  20]+0.070*[#   2]+0.070*[#   3]+0.070*[#   4]+0.013*[#  15]
          +0.013*[#  18]+0.010*[#  25]+0.010*[#  26]+0.010*[#  28]+0.009*[#  24]
          +0.009*[#  27]+0.007*[#  16]+0.007*[#  17]+0.007*[#  19]+0.005*[#   5]
          +0.005*[#   8]+0.004*[#   6]+0.004*[#   7]+0.004*[#   9]+0.002*[#  10]
          
    |psi|^2 = 0.939
==== e(  24) =    19.39847 eV ==== 
     psi = 0.264*[#  11]+0.223*[#   1]+0.104*[#  20]+0.056*[#   2]+0.056*[#   3]
          +0.056*[#   4]+0.024*[#  21]+0.024*[#  22]+0.024*[#  23]+0.013*[#  25]
          +0.013*[#  26]+0.013*[#  28]+0.010*[#  10]+0.003*[#  16]+0.003*[#  17]
          +0.003*[#  19]+0.003*[#  24]+0.003*[#  27]+0.002*[#   6]+0.002*[#   7]
          +0.002*[#   9]
    |psi|^2 = 0.902
==== e(  25) =    22.51531 eV ==== 
     psi = 0.118*[#  20]+0.106*[#   2]+0.106*[#   3]+0.106*[#   4]+0.080*[#  11]
          +0.070*[#   1]+0.040*[#  21]+0.040*[#  22]+0.040*[#  23]+0.006*[#  25]
          +0.006*[#  26]+0.006*[#  28]+0.004*[#  10]+0.001*[#  16]+0.001*[#  17]
          +0.001*[#  19]+0.001*[#  15]+0.001*[#  18]
    |psi|^2 = 0.735
==== e(  26) =    23.05237 eV ==== 
     psi = 0.139*[#  20]+0.131*[#   1]+0.073*[#   2]+0.073*[#   3]+0.073*[#   4]
          +0.059*[#  11]+0.026*[#  21]+0.026*[#  22]+0.026*[#  23]+0.003*[#  10]
          +0.003*[#  25]+0.003*[#  26]+0.003*[#  28]
    |psi|^2 = 0.646
==== e(  27) =    23.25418 eV ==== 
     psi = 0.128*[#   2]+0.128*[#   3]+0.128*[#   4]+0.054*[#  21]+0.054*[#  22]
          +0.054*[#  23]+0.003*[#  25]+0.003*[#  26]+0.003*[#  28]+0.002*[#  24]
          +0.002*[#  27]+0.002*[#  15]+0.002*[#  18]
    |psi|^2 = 0.570
==== e(  28) =    23.93257 eV ==== 
     psi = 0.150*[#  11]+0.093*[#  21]+0.093*[#  22]+0.093*[#  23]+0.057*[#   1]
          +0.038*[#   2]+0.038*[#   3]+0.038*[#   4]+0.016*[#  20]+0.004*[#  10]
          +0.003*[#  25]+0.003*[#  26]+0.003*[#  28]+0.001*[#  16]+0.001*[#  17]
          +0.001*[#  19]
    |psi|^2 = 0.637

 k =   0.6666666667 -0.3333333333  0.6666666667
==== e(   1) =   -91.24284 eV ==== 
     psi = 0.954*[#  10]+0.007*[#  11]+0.006*[#  21]+0.006*[#  22]+0.006*[#  23]
          +0.005*[#   2]+0.005*[#   3]+0.005*[#   4]
    |psi|^2 = 1.000
==== e(   2) =   -51.63466 eV ==== 
     psi = 0.332*[#  12]+0.332*[#  13]+0.332*[#  14]+0.001*[#  20]
    |psi|^2 = 1.000
==== e(   3) =   -51.63441 eV ==== 
     psi = 0.332*[#  12]+0.332*[#  13]+0.332*[#  14]
    |psi|^2 = 1.000
==== e(   4) =   -51.63438 eV ==== 
     psi = 0.333*[#  12]+0.333*[#  13]+0.333*[#  14]
    |psi|^2 = 1.000
==== e(   5) =     6.18616 eV ==== 
     psi = 0.210*[#  20]+0.131*[#   1]+0.091*[#  11]+0.070*[#   2]+0.070*[#   3]
          +0.070*[#   4]+0.068*[#  25]+0.068*[#  26]+0.068*[#  28]+0.030*[#  21]
          +0.030*[#  22]+0.030*[#  23]+0.008*[#   6]+0.008*[#   7]+0.008*[#   9]
          +0.006*[#  10]+0.005*[#  16]+0.005*[#  17]+0.005*[#  19]+0.004*[#  15]
          +0.004*[#  18]+0.003*[#   5]+0.003*[#   8]
    |psi|^2 = 0.997
==== e(   6) =     7.26513 eV ==== 
     psi = 0.183*[#  25]+0.183*[#  26]+0.183*[#  28]+0.048*[#   5]+0.048*[#   8]
          +0.045*[#   1]+0.044*[#  11]+0.025*[#   6]+0.025*[#   7]+0.025*[#   9]
          +0.025*[#  21]+0.025*[#  22]+0.025*[#  23]+0.025*[#  15]+0.025*[#  18]
          +0.011*[#  16]+0.011*[#  17]+0.011*[#  19]+0.007*[#   2]+0.007*[#   3]
          +0.007*[#   4]+0.003*[#  20]+0.003*[#  10]+0.002*[#  24]+0.002*[#  27]
          
    |psi|^2 = 0.998
==== e(   7) =     7.68154 eV ==== 
     psi = 0.198*[#  25]+0.198*[#  26]+0.198*[#  28]+0.053*[#   5]+0.053*[#   8]
          +0.039*[#   6]+0.039*[#   7]+0.039*[#   9]+0.028*[#  15]+0.028*[#  18]
          +0.027*[#  24]+0.027*[#  27]+0.017*[#  16]+0.017*[#  17]+0.017*[#  19]
          +0.006*[#   2]+0.006*[#   3]+0.006*[#   4]
    |psi|^2 = 0.997
==== e(   8) =     7.74466 eV ==== 
     psi = 0.242*[#  24]+0.242*[#  27]+0.056*[#   6]+0.056*[#   7]+0.056*[#   9]
          +0.032*[#  25]+0.032*[#  26]+0.032*[#  28]+0.027*[#   5]+0.027*[#   8]
          +0.023*[#  15]+0.023*[#  18]+0.019*[#   2]+0.019*[#   3]+0.019*[#   4]
          +0.014*[#  21]+0.014*[#  22]+0.014*[#  23]+0.011*[#  16]+0.011*[#  17]
          +0.011*[#  19]+0.009*[#  20]+0.003*[#   1]+0.001*[#  11]
    |psi|^2 = 0.997
==== e(   9) =     7.85737 eV ==== 
     psi = 0.114*[#  25]+0.114*[#  26]+0.114*[#  28]+0.083*[#   6]+0.083*[#   7]
          +0.083*[#   9]+0.071*[#  20]+0.061*[#  16]+0.061*[#  17]+0.061*[#  19]
          +0.040*[#  24]+0.040*[#  27]+0.014*[#   2]+0.014*[#   3]+0.014*[#   4]
          +0.012*[#   5]+0.012*[#   8]+0.003*[#   1]+0.001*[#  21]+0.001*[#  22]
          +0.001*[#  23]
    |psi|^2 = 0.999
==== e(  10) =     8.28189 eV ==== 
     psi = 0.258*[#  24]+0.258*[#  27]+0.069*[#   6]+0.069*[#   7]+0.069*[#   9]
          +0.059*[#   5]+0.059*[#   8]+0.024*[#  16]+0.024*[#  17]+0.024*[#  19]
          +0.019*[#  15]+0.019*[#  18]+0.012*[#  25]+0.012*[#  26]+0.012*[#  28]
          +0.003*[#   2]+0.003*[#   3]+0.003*[#   4]
    |psi|^2 = 0.998
==== e(  11) =     8.91422 eV ==== 
     psi = 0.099*[#   6]+0.099*[#   7]+0.099*[#   9]+0.077*[#   5]+0.077*[#   8]
          +0.060*[#  21]+0.060*[#  22]+0.060*[#  23]+0.043*[#  11]+0.031*[#   1]
          +0.031*[#  25]+0.031*[#  26]+0.031*[#  28]+0.027*[#   2]+0.027*[#   3]
          +0.027*[#   4]+0.018*[#  16]+0.018*[#  17]+0.018*[#  19]+0.016*[#  15]
          +0.016*[#  18]+0.009*[#  24]+0.009*[#  27]+0.008*[#  20]+0.003*[#  10]
          
    |psi|^2 = 0.998
==== e(  12) =     9.40615 eV ==== 
     psi = 0.123*[#   5]+0.123*[#   8]+0.103*[#   6]+0.103*[#   7]+0.103*[#   9]
          +0.048*[#  16]+0.048*[#  17]+0.048*[#  19]+0.041*[#  15]+0.041*[#  18]
          +0.029*[#  21]+0.029*[#  22]+0.029*[#  23]+0.022*[#   1]+0.014*[#   2]
          +0.014*[#   3]+0.014*[#   4]+0.013*[#  24]+0.013*[#  27]+0.009*[#  11]
          +0.007*[#  25]+0.007*[#  26]+0.007*[#  28]+0.005*[#  20]+0.001*[#  10]
          
    |psi|^2 = 0.998
==== e(  13) =     9.50414 eV ==== 
     psi = 0.265*[#   5]+0.265*[#   8]+0.060*[#  24]+0.060*[#  27]+0.048*[#  15]
          +0.048*[#  18]+0.037*[#   6]+0.037*[#   7]+0.037*[#   9]+0.033*[#  16]
          +0.033*[#  17]+0.033*[#  19]+0.007*[#  21]+0.007*[#  22]+0.007*[#  23]
          +0.006*[#   2]+0.006*[#   3]+0.006*[#   4]
    |psi|^2 = 0.998
==== e(  14) =     9.73472 eV ==== 
     psi = 0.134*[#   6]+0.134*[#   7]+0.134*[#   9]+0.080*[#  16]+0.080*[#  17]
          +0.080*[#  19]+0.066*[#  15]+0.066*[#  18]+0.060*[#   5]+0.060*[#   8]
          +0.025*[#  25]+0.025*[#  26]+0.025*[#  28]+0.004*[#  21]+0.004*[#  22]
          +0.004*[#  23]+0.004*[#   2]+0.004*[#   3]+0.004*[#   4]+0.003*[#  24]
          +0.003*[#  27]
    |psi|^2 = 0.998
==== e(  15) =     9.94677 eV ==== 
     psi = 0.121*[#  16]+0.121*[#  17]+0.121*[#  19]+0.089*[#   5]+0.089*[#   8]
          +0.064*[#  15]+0.064*[#  18]+0.058*[#   6]+0.058*[#   7]+0.058*[#   9]
          +0.023*[#   1]+0.019*[#  25]+0.019*[#  26]+0.019*[#  28]+0.015*[#  21]
          +0.015*[#  22]+0.015*[#  23]+0.006*[#  24]+0.006*[#  27]+0.004*[#   2]
          +0.004*[#   3]+0.004*[#   4]+0.003*[#  20]
    |psi|^2 = 0.997
==== e(  16) =    10.06970 eV ==== 
     psi = 0.132*[#   6]+0.132*[#   7]+0.132*[#   9]+0.103*[#  16]+0.103*[#  17]
          +0.103*[#  19]+0.042*[#   5]+0.042*[#   8]+0.022*[#  15]+0.022*[#  18]
          +0.018*[#  11]+0.016*[#  25]+0.016*[#  26]+0.016*[#  28]+0.013*[#  21]
          +0.013*[#  22]+0.013*[#  23]+0.013*[#  24]+0.013*[#  27]+0.011*[#   1]
          +0.009*[#  20]+0.004*[#   2]+0.004*[#   3]+0.004*[#   4]
    |psi|^2 = 0.997
==== e(  17) =    10.76274 eV ==== 
     psi = 0.280*[#  15]+0.280*[#  18]+0.119*[#  24]+0.119*[#  27]+0.049*[#   5]
          +0.049*[#   8]+0.015*[#   6]+0.015*[#   7]+0.015*[#   9]+0.014*[#  16]
          +0.014*[#  17]+0.014*[#  19]+0.003*[#  25]+0.003*[#  26]+0.003*[#  28]
          +0.002*[#  21]+0.002*[#  22]+0.002*[#  23]+0.001*[#   2]+0.001*[#   3]
          +0.001*[#   4]
    |psi|^2 = 0.999
==== e(  18) =    10.89665 eV ==== 
     psi = 0.181*[#  15]+0.181*[#  18]+0.086*[#  24]+0.086*[#  27]+0.069*[#   5]
          +0.069*[#   8]+0.035*[#   6]+0.035*[#   7]+0.035*[#   9]+0.027*[#  25]
          +0.027*[#  26]+0.027*[#  28]+0.022*[#  16]+0.022*[#  17]+0.022*[#  19]
          +0.013*[#  21]+0.013*[#  22]+0.013*[#  23]+0.010*[#   1]+0.009*[#  11]
          +0.004*[#   2]+0.004*[#   3]+0.004*[#   4]+0.004*[#  20]
    |psi|^2 = 0.998
==== e(  19) =    11.31410 eV ==== 
     psi = 0.158*[#  16]+0.158*[#  17]+0.158*[#  19]+0.084*[#  25]+0.084*[#  26]
          +0.084*[#  28]+0.042*[#  15]+0.042*[#  18]+0.036*[#   6]+0.036*[#   7]
          +0.036*[#   9]+0.026*[#  24]+0.026*[#  27]+0.008*[#   5]+0.008*[#   8]
          +0.003*[#   2]+0.003*[#   3]+0.003*[#   4]
    |psi|^2 = 0.997
==== e(  20) =    11.34851 eV ==== 
     psi = 0.130*[#  16]+0.130*[#  17]+0.130*[#  19]+0.098*[#  15]+0.098*[#  18]
          +0.074*[#  24]+0.074*[#  27]+0.054*[#  25]+0.054*[#  26]+0.054*[#  28]
          +0.020*[#   6]+0.020*[#   7]+0.020*[#   9]+0.008*[#   2]+0.008*[#   3]
          +0.008*[#   4]+0.004*[#  21]+0.004*[#  22]+0.004*[#  23]+0.001*[#   1]
          +0.001*[#  11]+0.001*[#   5]+0.001*[#   8]
    |psi|^2 = 0.998
==== e(  21) =    12.08799 eV ==== 
     psi = 0.120*[#  16]+0.120*[#  17]+0.120*[#  19]+0.081*[#  20]+0.079*[#  25]
          +0.079*[#  26]+0.079*[#  28]+0.039*[#   6]+0.039*[#   7]+0.039*[#   9]
          +0.035*[#   2]+0.035*[#   3]+0.035*[#   4]+0.018*[#  11]+0.017*[#  21]
          +0.017*[#  22]+0.017*[#  23]+0.013*[#   1]+0.006*[#  15]+0.006*[#  18]
          
    |psi|^2 = 0.995
==== e(  22) =    15.74594 eV ==== 
     psi = 0.105*[#  21]+0.105*[#  22]+0.105*[#  23]+0.101*[#   1]+0.101*[#  11]
          +0.084*[#  20]+0.072*[#   2]+0.072*[#   3]+0.072*[#   4]+0.017*[#  15]
          +0.017*[#  18]+0.011*[#  25]+0.011*[#  26]+0.011*[#  28]+0.009*[#  24]
          +0.009*[#  27]+0.008*[#  16]+0.008*[#  17]+0.008*[#  19]+0.007*[#   5]
          +0.007*[#   8]+0.004*[#   6]+0.004*[#   7]+0.004*[#   9]
    |psi|^2 = 0.954
==== e(  23) =    16.37097 eV ==== 
     psi = 0.160*[#  21]+0.160*[#  22]+0.160*[#  23]+0.114*[#   2]+0.114*[#   3]
          +0.114*[#   4]+0.013*[#  15]+0.013*[#  18]+0.006*[#  16]+0.006*[#  17]
          +0.006*[#  19]+0.005*[#   5]+0.005*[#   8]+0.005*[#  25]+0.005*[#  26]
          +0.005*[#  28]+0.003*[#  24]+0.003*[#  27]+0.003*[#   6]+0.003*[#   7]
          +0.003*[#   9]
    |psi|^2 = 0.909
==== e(  24) =    19.43155 eV ==== 
     psi = 0.266*[#  11]+0.237*[#   1]+0.077*[#  20]+0.059*[#   2]+0.059*[#   3]
          +0.059*[#   4]+0.025*[#  21]+0.025*[#  22]+0.025*[#  23]+0.012*[#  25]
          +0.012*[#  26]+0.012*[#  28]+0.010*[#  10]+0.003*[#  16]+0.003*[#  17]
          +0.003*[#  19]+0.003*[#  24]+0.003*[#  27]+0.001*[#   6]+0.001*[#   7]
          +0.001*[#   9]
    |psi|^2 = 0.898
==== e(  25) =    22.66201 eV ==== 
     psi = 0.159*[#  11]+0.140*[#   1]+0.121*[#  20]+0.081*[#   2]+0.081*[#   3]
          +0.081*[#   4]+0.036*[#  21]+0.036*[#  22]+0.036*[#  23]+0.007*[#  10]
          +0.005*[#  25]+0.005*[#  26]+0.005*[#  28]
    |psi|^2 = 0.800
==== e(  26) =    22.91123 eV ==== 
     psi = 0.142*[#   2]+0.142*[#   3]+0.142*[#   4]+0.057*[#  21]+0.057*[#  22]
          +0.057*[#  23]+0.004*[#  25]+0.004*[#  26]+0.004*[#  28]+0.003*[#  24]
          +0.003*[#  27]+0.003*[#  15]+0.003*[#  18]
    |psi|^2 = 0.625
==== e(  27) =    23.65849 eV ==== 
     psi = 0.178*[#  20]+0.095*[#   2]+0.095*[#   3]+0.095*[#   4]+0.028*[#  21]
          +0.028*[#  22]+0.028*[#  23]+0.015*[#   1]+0.010*[#  11]+0.003*[#  25]
          +0.003*[#  26]+0.003*[#  28]+0.001*[#  15]+0.001*[#  18]+0.001*[#  10]
          +0.001*[#  16]+0.001*[#  17]+0.001*[#  19]
    |psi|^2 = 0.590
==== e(  28) =    24.57509 eV ==== 
     psi = 0.143*[#  11]+0.104*[#   1]+0.102*[#  21]+0.102*[#  22]+0.102*[#  23]
          +0.027*[#   2]+0.027*[#   3]+0.027*[#   4]+0.013*[#  20]+0.005*[#  10]
          +0.002*[#  25]+0.002*[#  26]+0.002*[#  28]+0.001*[#  16]+0.001*[#  17]
          +0.001*[#  19]
    |psi|^2 = 0.667

 k =   0.5833333333 -0.2500000000  0.5833333333
==== e(   1) =   -91.24284 eV ==== 
     psi = 0.955*[#  10]+0.007*[#  11]+0.006*[#  21]+0.006*[#  22]+0.006*[#  23]
          +0.006*[#   2]+0.006*[#   3]+0.006*[#   4]
    |psi|^2 = 1.000
==== e(   2) =   -51.63470 eV ==== 
     psi = 0.332*[#  12]+0.332*[#  13]+0.332*[#  14]+0.001*[#  20]
    |psi|^2 = 1.000
==== e(   3) =   -51.63437 eV ==== 
     psi = 0.333*[#  12]+0.333*[#  13]+0.333*[#  14]
    |psi|^2 = 1.000
==== e(   4) =   -51.63437 eV ==== 
     psi = 0.332*[#  12]+0.332*[#  13]+0.332*[#  14]
    |psi|^2 = 1.000
==== e(   5) =     6.24108 eV ==== 
     psi = 0.204*[#  20]+0.131*[#   1]+0.089*[#  11]+0.081*[#  25]+0.081*[#  26]
          +0.081*[#  28]+0.066*[#   2]+0.066*[#   3]+0.066*[#   4]+0.023*[#  21]
          +0.023*[#  22]+0.023*[#  23]+0.008*[#   6]+0.008*[#   7]+0.008*[#   9]
          +0.006*[#  16]+0.006*[#  17]+0.006*[#  19]+0.005*[#  10]+0.005*[#  15]
          +0.005*[#  18]+0.004*[#   5]+0.004*[#   8]
    |psi|^2 = 0.998
==== e(   6) =     7.33677 eV ==== 
     psi = 0.180*[#  25]+0.180*[#  26]+0.180*[#  28]+0.046*[#   1]+0.043*[#   5]
          +0.043*[#   8]+0.042*[#  11]+0.030*[#   6]+0.030*[#   7]+0.030*[#   9]
          +0.027*[#  21]+0.027*[#  22]+0.027*[#  23]+0.023*[#  15]+0.023*[#  18]
          +0.014*[#  16]+0.014*[#  17]+0.014*[#  19]+0.006*[#   2]+0.006*[#   3]
          +0.006*[#   4]+0.003*[#  20]+0.003*[#  10]+0.002*[#  24]+0.002*[#  27]
          
    |psi|^2 = 0.998
==== e(   7) =     7.65878 eV ==== 
     psi = 0.198*[#  25]+0.198*[#  26]+0.198*[#  28]+0.057*[#   5]+0.057*[#   8]
          +0.040*[#   6]+0.040*[#   7]+0.040*[#   9]+0.026*[#  24]+0.026*[#  27]
          +0.026*[#  15]+0.026*[#  18]+0.015*[#  16]+0.015*[#  17]+0.015*[#  19]
          +0.006*[#   2]+0.006*[#   3]+0.006*[#   4]
    |psi|^2 = 0.997
==== e(   8) =     7.76901 eV ==== 
     psi = 0.118*[#  24]+0.118*[#  27]+0.078*[#  25]+0.078*[#  26]+0.078*[#  28]
          +0.075*[#   6]+0.075*[#   7]+0.075*[#   9]+0.047*[#  20]+0.025*[#  16]
          +0.025*[#  17]+0.025*[#  19]+0.024*[#   5]+0.024*[#   8]+0.018*[#  15]
          +0.018*[#  18]+0.016*[#   2]+0.016*[#   3]+0.016*[#   4]+0.014*[#  21]
          +0.014*[#  22]+0.014*[#  23]+0.004*[#  11]+0.003*[#   1]
    |psi|^2 = 0.998
==== e(   9) =     7.86824 eV ==== 
     psi = 0.160*[#  24]+0.160*[#  27]+0.064*[#   6]+0.064*[#   7]+0.064*[#   9]
          +0.051*[#  20]+0.050*[#  25]+0.050*[#  26]+0.050*[#  28]+0.044*[#  16]
          +0.044*[#  17]+0.044*[#  19]+0.024*[#   2]+0.024*[#   3]+0.024*[#   4]
          +0.023*[#   5]+0.023*[#   8]+0.008*[#  21]+0.008*[#  22]+0.008*[#  23]
          +0.005*[#  15]+0.005*[#  18]+0.003*[#   1]
    |psi|^2 = 0.998
==== e(  10) =     8.23234 eV ==== 
     psi = 0.276*[#  24]+0.276*[#  27]+0.058*[#   6]+0.058*[#   7]+0.058*[#   9]
          +0.041*[#   5]+0.041*[#   8]+0.029*[#  16]+0.029*[#  17]+0.029*[#  19]
          +0.021*[#  15]+0.021*[#  18]+0.014*[#  25]+0.014*[#  26]+0.014*[#  28]
          +0.005*[#   2]+0.005*[#   3]+0.005*[#   4]
    |psi|^2 = 0.997
==== e(  11) =     8.97270 eV ==== 
     psi = 0.103*[#   6]+0.103*[#   7]+0.103*[#   9]+0.073*[#  21]+0.073*[#  22]
          +0.073*[#  23]+0.051*[#  11]+0.043*[#   5]+0.043*[#   8]+0.039*[#   1]
          +0.035*[#   2]+0.035*[#   3]+0.035*[#   4]+0.028*[#  25]+0.028*[#  26]
          +0.028*[#  28]+0.022*[#  16]+0.022*[#  17]+0.022*[#  19]+0.008*[#  15]
          +0.008*[#  18]+0.007*[#  24]+0.007*[#  27]+0.005*[#  10]
    |psi|^2 = 0.997
==== e(  12) =     9.34107 eV ==== 
     psi = 0.251*[#   5]+0.251*[#   8]+0.093*[#   6]+0.093*[#   7]+0.093*[#   9]
          +0.032*[#  15]+0.032*[#  18]+0.024*[#  16]+0.024*[#  17]+0.024*[#  19]
          +0.022*[#  24]+0.022*[#  27]+0.008*[#  21]+0.008*[#  22]+0.008*[#  23]
          +0.003*[#   2]+0.003*[#   3]+0.003*[#   4]+0.001*[#  25]+0.001*[#  26]
          +0.001*[#  28]
    |psi|^2 = 0.998
==== e(  13) =     9.47344 eV ==== 
     psi = 0.170*[#   5]+0.170*[#   8]+0.069*[#   6]+0.069*[#   7]+0.069*[#   9]
          +0.055*[#  16]+0.055*[#  17]+0.055*[#  19]+0.049*[#  15]+0.049*[#  18]
          +0.028*[#  24]+0.028*[#  27]+0.021*[#  21]+0.021*[#  22]+0.021*[#  23]
          +0.019*[#   1]+0.009*[#   2]+0.009*[#   3]+0.009*[#   4]+0.006*[#  25]
          +0.006*[#  26]+0.006*[#  28]+0.004*[#  20]+0.002*[#  11]
    |psi|^2 = 0.998
==== e(  14) =     9.83108 eV ==== 
     psi = 0.100*[#   5]+0.100*[#   8]+0.086*[#   6]+0.086*[#   7]+0.086*[#   9]
          +0.074*[#  16]+0.074*[#  17]+0.074*[#  19]+0.065*[#  15]+0.065*[#  18]
          +0.030*[#  25]+0.030*[#  26]+0.030*[#  28]+0.017*[#   1]+0.016*[#  21]
          +0.016*[#  22]+0.016*[#  23]+0.007*[#   2]+0.007*[#   3]+0.007*[#   4]
          +0.004*[#  20]+0.003*[#  24]+0.003*[#  27]+0.001*[#  11]
    |psi|^2 = 0.998
==== e(  15) =     9.85624 eV ==== 
     psi = 0.111*[#  15]+0.111*[#  18]+0.095*[#  16]+0.095*[#  17]+0.095*[#  19]
          +0.080*[#   5]+0.080*[#   8]+0.075*[#   6]+0.075*[#   7]+0.075*[#   9]
          +0.018*[#  25]+0.018*[#  26]+0.018*[#  28]+0.014*[#  24]+0.014*[#  27]
          +0.004*[#   2]+0.004*[#   3]+0.004*[#   4]+0.004*[#  21]+0.004*[#  22]
          +0.004*[#  23]
    |psi|^2 = 0.998
==== e(  16) =    10.04132 eV ==== 
     psi = 0.131*[#   6]+0.131*[#   7]+0.131*[#   9]+0.123*[#  16]+0.123*[#  17]
          +0.123*[#  19]+0.021*[#   1]+0.021*[#   5]+0.021*[#   8]+0.021*[#  11]
          +0.018*[#  21]+0.018*[#  22]+0.018*[#  23]+0.014*[#  25]+0.014*[#  26]
          +0.014*[#  28]+0.009*[#  15]+0.009*[#  18]+0.009*[#  24]+0.009*[#  27]
          +0.008*[#  20]+0.002*[#   2]+0.002*[#   3]+0.002*[#   4]
    |psi|^2 = 0.996
==== e(  17) =    10.73188 eV ==== 
     psi = 0.227*[#  15]+0.227*[#  18]+0.125*[#  24]+0.125*[#  27]+0.061*[#   5]
          +0.061*[#   8]+0.033*[#   6]+0.033*[#   7]+0.033*[#   9]+0.012*[#  16]
          +0.012*[#  17]+0.012*[#  19]+0.011*[#  25]+0.011*[#  26]+0.011*[#  28]
          +0.001*[#  21]+0.001*[#  22]+0.001*[#  23]
    |psi|^2 = 0.999
==== e(  18) =    10.92430 eV ==== 
     psi = 0.237*[#  15]+0.237*[#  18]+0.082*[#  24]+0.082*[#  27]+0.054*[#   5]
          +0.054*[#   8]+0.028*[#   6]+0.028*[#   7]+0.028*[#   9]+0.021*[#  25]
          +0.021*[#  26]+0.021*[#  28]+0.014*[#  16]+0.014*[#  17]+0.014*[#  19]
          +0.010*[#  21]+0.010*[#  22]+0.010*[#  23]+0.009*[#   1]+0.007*[#  11]
          +0.004*[#   2]+0.004*[#   3]+0.004*[#   4]+0.004*[#  20]
    |psi|^2 = 0.998
==== e(  19) =    11.26057 eV ==== 
     psi = 0.145*[#  16]+0.145*[#  17]+0.145*[#  19]+0.071*[#  24]+0.071*[#  27]
          +0.061*[#  25]+0.061*[#  26]+0.061*[#  28]+0.052*[#  15]+0.052*[#  18]
          +0.024*[#   6]+0.024*[#   7]+0.024*[#   9]+0.009*[#   2]+0.009*[#   3]
          +0.009*[#   4]+0.006*[#   5]+0.006*[#   8]+0.005*[#  21]+0.005*[#  22]
          +0.005*[#  23]+0.003*[#  11]+0.002*[#   1]
    |psi|^2 = 0.998
==== e(  20) =    11.40020 eV ==== 
     psi = 0.152*[#  16]+0.152*[#  17]+0.152*[#  19]+0.083*[#  25]+0.083*[#  26]
          +0.083*[#  28]+0.066*[#  15]+0.066*[#  18]+0.031*[#   6]+0.031*[#   7]
          +0.031*[#   9]+0.026*[#  24]+0.026*[#  27]+0.004*[#   5]+0.004*[#   8]
          +0.002*[#   2]+0.002*[#   3]+0.002*[#   4]
    |psi|^2 = 0.997
==== e(  21) =    11.99001 eV ==== 
     psi = 0.128*[#  16]+0.128*[#  17]+0.128*[#  19]+0.079*[#  25]+0.079*[#  26]
          +0.079*[#  28]+0.075*[#  20]+0.040*[#   6]+0.040*[#   7]+0.040*[#   9]
          +0.032*[#   2]+0.032*[#   3]+0.032*[#   4]+0.013*[#  11]+0.010*[#  21]
          +0.010*[#  22]+0.010*[#  23]+0.008*[#  24]+0.008*[#  27]+0.007*[#   1]
          +0.007*[#  15]+0.007*[#  18]+0.002*[#   5]+0.002*[#   8]
    |psi|^2 = 0.996
==== e(  22) =    15.37780 eV ==== 
     psi = 0.110*[#  21]+0.110*[#  22]+0.110*[#  23]+0.093*[#   1]+0.087*[#  11]
          +0.085*[#  20]+0.070*[#   2]+0.070*[#   3]+0.070*[#   4]+0.018*[#  15]
          +0.018*[#  18]+0.016*[#  25]+0.016*[#  26]+0.016*[#  28]+0.011*[#  16]
          +0.011*[#  17]+0.011*[#  19]+0.008*[#   5]+0.008*[#   8]+0.006*[#  24]
          +0.006*[#  27]+0.005*[#   6]+0.005*[#   7]+0.005*[#   9]
    |psi|^2 = 0.965
==== e(  23) =    16.76614 eV ==== 
     psi = 0.158*[#  21]+0.158*[#  22]+0.158*[#  23]+0.108*[#   2]+0.108*[#   3]
          +0.108*[#   4]+0.014*[#  15]+0.014*[#  18]+0.006*[#   5]+0.006*[#   8]
          +0.005*[#  24]+0.005*[#  27]+0.004*[#  16]+0.004*[#  17]+0.004*[#  19]
          +0.002*[#   6]+0.002*[#   7]+0.002*[#   9]+0.002*[#  25]+0.002*[#  26]
          +0.002*[#  28]
    |psi|^2 = 0.872
==== e(  24) =    19.55492 eV ==== 
     psi = 0.262*[#  11]+0.249*[#   1]+0.064*[#   2]+0.064*[#   3]+0.064*[#   4]
          +0.039*[#  20]+0.027*[#  21]+0.027*[#  22]+0.027*[#  23]+0.011*[#  10]
          +0.011*[#  25]+0.011*[#  26]+0.011*[#  28]+0.003*[#  24]+0.003*[#  27]
          +0.003*[#  16]+0.003*[#  17]+0.003*[#  19]+0.001*[#   6]+0.001*[#   7]
          +0.001*[#   9]+0.001*[#  15]+0.001*[#  18]
    |psi|^2 = 0.888
==== e(  25) =    22.37062 eV ==== 
     psi = 0.186*[#  11]+0.165*[#  20]+0.131*[#   1]+0.072*[#   2]+0.072*[#   3]
          +0.072*[#   4]+0.038*[#  21]+0.038*[#  22]+0.038*[#  23]+0.006*[#  10]
          +0.006*[#  25]+0.006*[#  26]+0.006*[#  28]
    |psi|^2 = 0.844
==== e(  26) =    22.58607 eV ==== 
     psi = 0.148*[#   2]+0.148*[#   3]+0.148*[#   4]+0.048*[#  21]+0.048*[#  22]
          +0.048*[#  23]+0.005*[#  25]+0.005*[#  26]+0.005*[#  28]+0.003*[#  24]
          +0.003*[#  27]+0.003*[#  15]+0.003*[#  18]
    |psi|^2 = 0.623
==== e(  27) =    24.11867 eV ==== 
     psi = 0.127*[#  20]+0.086*[#   2]+0.086*[#   3]+0.086*[#   4]+0.051*[#  21]
          +0.051*[#  22]+0.051*[#  23]+0.044*[#  11]+0.009*[#   1]+0.002*[#  10]
          +0.002*[#  25]+0.002*[#  26]+0.002*[#  28]+0.001*[#  15]+0.001*[#  18]
          
    |psi|^2 = 0.606
==== e(  28) =    25.92883 eV ==== 
     psi = 0.095*[#  11]+0.093*[#   1]+0.075*[#  21]+0.075*[#  22]+0.075*[#  23]
          +0.055*[#  20]+0.037*[#   2]+0.037*[#   3]+0.037*[#   4]+0.004*[#  10]
          +0.002*[#  25]+0.002*[#  26]+0.002*[#  28]
    |psi|^2 = 0.594

 k =   0.5000000000 -0.1666666667  0.5000000000
==== e(   1) =   -91.24293 eV ==== 
     psi = 0.954*[#  10]+0.007*[#  11]+0.007*[#  21]+0.007*[#  22]+0.007*[#  23]
          +0.005*[#   2]+0.005*[#   3]+0.005*[#   4]
    |psi|^2 = 1.000
==== e(   2) =   -51.63464 eV ==== 
     psi = 0.332*[#  12]+0.332*[#  13]+0.332*[#  14]+0.001*[#  20]
    |psi|^2 = 1.000
==== e(   3) =   -51.63450 eV ==== 
     psi = 0.333*[#  12]+0.333*[#  13]+0.333*[#  14]
    |psi|^2 = 1.000
==== e(   4) =   -51.63442 eV ==== 
     psi = 0.332*[#  12]+0.332*[#  13]+0.332*[#  14]
    |psi|^2 = 1.000
==== e(   5) =     5.88470 eV ==== 
     psi = 0.213*[#  20]+0.134*[#   1]+0.099*[#  11]+0.074*[#   2]+0.074*[#   3]
          +0.074*[#   4]+0.050*[#  21]+0.050*[#  22]+0.050*[#  23]+0.040*[#  25]
          +0.040*[#  26]+0.040*[#  28]+0.009*[#  10]+0.008*[#   6]+0.008*[#   7]
          +0.008*[#   9]+0.005*[#  16]+0.005*[#  17]+0.005*[#  19]+0.003*[#  15]
          +0.003*[#  18]+0.002*[#   5]+0.002*[#   8]
    |psi|^2 = 0.997
==== e(   6) =     7.39250 eV ==== 
     psi = 0.214*[#  25]+0.214*[#  26]+0.214*[#  28]+0.050*[#   1]+0.044*[#  11]
          +0.030*[#   5]+0.030*[#   8]+0.024*[#   6]+0.024*[#   7]+0.024*[#   9]
          +0.015*[#  21]+0.015*[#  22]+0.015*[#  23]+0.014*[#  15]+0.014*[#  18]
          +0.011*[#  16]+0.011*[#  17]+0.011*[#  19]+0.005*[#   2]+0.005*[#   3]
          +0.005*[#   4]+0.003*[#  24]+0.003*[#  27]+0.002*[#  10]
    |psi|^2 = 0.998
==== e(   7) =     7.64755 eV ==== 
     psi = 0.198*[#  25]+0.198*[#  26]+0.198*[#  28]+0.061*[#   5]+0.061*[#   8]
          +0.043*[#   6]+0.043*[#   7]+0.043*[#   9]+0.028*[#  24]+0.028*[#  27]
          +0.019*[#  15]+0.019*[#  18]+0.012*[#  16]+0.012*[#  17]+0.012*[#  19]
          +0.006*[#   2]+0.006*[#   3]+0.006*[#   4]
    |psi|^2 = 0.996
==== e(   8) =     7.69995 eV ==== 
     psi = 0.138*[#  25]+0.138*[#  26]+0.138*[#  28]+0.069*[#  24]+0.069*[#  27]
          +0.048*[#   5]+0.048*[#   8]+0.042*[#   6]+0.042*[#   7]+0.042*[#   9]
          +0.034*[#  20]+0.031*[#  15]+0.031*[#  18]+0.020*[#  16]+0.020*[#  17]
          +0.020*[#  19]+0.014*[#   2]+0.014*[#   3]+0.014*[#   4]+0.005*[#  21]
          +0.005*[#  22]+0.005*[#  23]+0.005*[#   1]+0.003*[#  11]
    |psi|^2 = 0.998
==== e(   9) =     7.92549 eV ==== 
     psi = 0.201*[#  24]+0.201*[#  27]+0.088*[#   6]+0.088*[#   7]+0.088*[#   9]
          +0.041*[#  16]+0.041*[#  17]+0.041*[#  19]+0.027*[#   5]+0.027*[#   8]
          +0.027*[#  20]+0.019*[#  25]+0.019*[#  26]+0.019*[#  28]+0.011*[#   2]
          +0.011*[#   3]+0.011*[#   4]+0.010*[#  15]+0.010*[#  18]+0.006*[#  21]
          +0.006*[#  22]+0.006*[#  23]
    |psi|^2 = 0.998
==== e(  10) =     8.08653 eV ==== 
     psi = 0.271*[#  24]+0.271*[#  27]+0.045*[#   5]+0.045*[#   8]+0.043*[#  15]
          +0.043*[#  18]+0.034*[#   6]+0.034*[#   7]+0.034*[#   9]+0.030*[#  16]
          +0.030*[#  17]+0.030*[#  19]+0.021*[#  25]+0.021*[#  26]+0.021*[#  28]
          +0.008*[#   2]+0.008*[#   3]+0.008*[#   4]
    |psi|^2 = 0.997
==== e(  11) =     9.04716 eV ==== 
     psi = 0.161*[#   6]+0.161*[#   7]+0.161*[#   9]+0.050*[#  21]+0.050*[#  22]
          +0.050*[#  23]+0.041*[#  11]+0.036*[#   5]+0.036*[#   8]+0.029*[#   2]
          +0.029*[#   3]+0.029*[#   4]+0.024*[#  25]+0.024*[#  26]+0.024*[#  28]
          +0.021*[#   1]+0.015*[#  16]+0.015*[#  17]+0.015*[#  19]+0.010*[#  20]
          +0.003*[#  10]+0.003*[#  15]+0.003*[#  18]+0.003*[#  24]+0.003*[#  27]
          
    |psi|^2 = 0.998
==== e(  12) =     9.23038 eV ==== 
     psi = 0.203*[#   5]+0.203*[#   8]+0.144*[#   6]+0.144*[#   7]+0.144*[#   9]
          +0.027*[#  16]+0.027*[#  17]+0.027*[#  19]+0.015*[#  15]+0.015*[#  18]
          +0.009*[#  21]+0.009*[#  22]+0.009*[#  23]+0.006*[#  24]+0.006*[#  27]
          +0.002*[#   2]+0.002*[#   3]+0.002*[#   4]+0.001*[#  25]+0.001*[#  26]
          +0.001*[#  28]
    |psi|^2 = 0.998
==== e(  13) =     9.56170 eV ==== 
     psi = 0.106*[#   5]+0.106*[#   8]+0.082*[#  16]+0.082*[#  17]+0.082*[#  19]
          +0.063*[#  15]+0.063*[#  18]+0.054*[#   6]+0.054*[#   7]+0.054*[#   9]
          +0.032*[#  24]+0.032*[#  27]+0.026*[#  21]+0.026*[#  22]+0.026*[#  23]
          +0.023*[#   1]+0.020*[#  25]+0.020*[#  26]+0.020*[#  28]+0.008*[#   2]
          +0.008*[#   3]+0.008*[#   4]+0.003*[#  20]+0.001*[#  11]
    |psi|^2 = 0.998
==== e(  14) =     9.76666 eV ==== 
     psi = 0.166*[#   5]+0.166*[#   8]+0.097*[#   6]+0.097*[#   7]+0.097*[#   9]
          +0.051*[#  16]+0.051*[#  17]+0.051*[#  19]+0.029*[#  25]+0.029*[#  26]
          +0.029*[#  28]+0.027*[#  15]+0.027*[#  18]+0.012*[#  24]+0.012*[#  27]
          +0.009*[#   1]+0.007*[#  21]+0.007*[#  22]+0.007*[#  23]+0.006*[#   2]
          +0.006*[#   3]+0.006*[#   4]+0.006*[#  20]+0.003*[#  11]
    |psi|^2 = 0.998
==== e(  15) =    10.00854 eV ==== 
     psi = 0.137*[#  15]+0.137*[#  18]+0.107*[#  16]+0.107*[#  17]+0.107*[#  19]
          +0.106*[#   5]+0.106*[#   8]+0.031*[#   6]+0.031*[#   7]+0.031*[#   9]
          +0.020*[#  24]+0.020*[#  27]+0.012*[#  25]+0.012*[#  26]+0.012*[#  28]
          +0.004*[#   2]+0.004*[#   3]+0.004*[#   4]+0.003*[#  21]+0.003*[#  22]
          +0.003*[#  23]
    |psi|^2 = 0.999
==== e(  16) =    10.07499 eV ==== 
     psi = 0.172*[#  16]+0.172*[#  17]+0.172*[#  19]+0.111*[#   6]+0.111*[#   7]
          +0.111*[#   9]+0.016*[#   5]+0.016*[#   8]+0.013*[#   1]+0.010*[#  21]
          +0.010*[#  22]+0.010*[#  23]+0.009*[#  20]+0.008*[#  11]+0.007*[#  25]
          +0.007*[#  26]+0.007*[#  28]+0.007*[#  15]+0.007*[#  18]+0.006*[#  24]
          +0.006*[#  27]+0.003*[#   2]+0.003*[#   3]+0.003*[#   4]
    |psi|^2 = 0.998
==== e(  17) =    10.70864 eV ==== 
     psi = 0.157*[#  15]+0.157*[#  18]+0.132*[#  24]+0.132*[#  27]+0.077*[#   5]
          +0.077*[#   8]+0.054*[#   6]+0.054*[#   7]+0.054*[#   9]+0.019*[#  25]
          +0.019*[#  26]+0.019*[#  28]+0.013*[#  16]+0.013*[#  17]+0.013*[#  19]
          
    |psi|^2 = 0.998
==== e(  18) =    10.92030 eV ==== 
     psi = 0.284*[#  15]+0.284*[#  18]+0.081*[#  24]+0.081*[#  27]+0.047*[#   5]
          +0.047*[#   8]+0.024*[#  16]+0.024*[#  17]+0.024*[#  19]+0.013*[#  25]
          +0.013*[#  26]+0.013*[#  28]+0.012*[#   6]+0.012*[#   7]+0.012*[#   9]
          +0.004*[#   1]+0.004*[#  21]+0.004*[#  22]+0.004*[#  23]+0.003*[#  11]
          +0.002*[#   2]+0.002*[#   3]+0.002*[#   4]+0.002*[#  20]
    |psi|^2 = 0.998
==== e(  19) =    11.13376 eV ==== 
     psi = 0.151*[#  16]+0.151*[#  17]+0.151*[#  19]+0.078*[#  24]+0.078*[#  27]
          +0.058*[#  25]+0.058*[#  26]+0.058*[#  28]+0.033*[#  15]+0.033*[#  18]
          +0.031*[#   6]+0.031*[#   7]+0.031*[#   9]+0.010*[#   5]+0.010*[#   8]
          +0.007*[#   2]+0.007*[#   3]+0.007*[#   4]+0.004*[#   1]+0.003*[#  21]
          +0.003*[#  22]+0.003*[#  23]+0.001*[#  11]
    |psi|^2 = 0.998
==== e(  20) =    11.43280 eV ==== 
     psi = 0.138*[#  16]+0.138*[#  17]+0.138*[#  19]+0.114*[#  15]+0.114*[#  18]
          +0.071*[#  25]+0.071*[#  26]+0.071*[#  28]+0.032*[#  24]+0.032*[#  27]
          +0.023*[#   6]+0.023*[#   7]+0.023*[#   9]+0.003*[#   5]+0.003*[#   8]
          +0.002*[#   2]+0.002*[#   3]+0.002*[#   4]
    |psi|^2 = 0.998
==== e(  21) =    12.74116 eV ==== 
     psi = 0.119*[#  20]+0.076*[#  16]+0.076*[#  17]+0.076*[#  19]+0.058*[#  25]
          +0.058*[#  26]+0.058*[#  28]+0.048*[#   2]+0.048*[#   3]+0.048*[#   4]
          +0.044*[#  21]+0.044*[#  22]+0.044*[#  23]+0.035*[#   1]+0.033*[#  11]
          +0.029*[#   6]+0.029*[#   7]+0.029*[#   9]+0.009*[#  15]+0.009*[#  18]
          +0.007*[#  24]+0.007*[#  27]+0.003*[#   5]+0.003*[#   8]
    |psi|^2 = 0.993
==== e(  22) =    15.28234 eV ==== 
     psi = 0.109*[#  21]+0.109*[#  22]+0.109*[#  23]+0.098*[#   1]+0.086*[#  20]
          +0.081*[#  11]+0.065*[#   2]+0.065*[#   3]+0.065*[#   4]+0.023*[#  25]
          +0.023*[#  26]+0.023*[#  28]+0.014*[#  16]+0.014*[#  17]+0.014*[#  19]
          +0.014*[#  15]+0.014*[#  18]+0.007*[#   6]+0.007*[#   7]+0.007*[#   9]
          +0.006*[#   5]+0.006*[#   8]+0.003*[#  24]+0.003*[#  27]
    |psi|^2 = 0.968
==== e(  23) =    17.44766 eV ==== 
     psi = 0.153*[#  21]+0.153*[#  22]+0.153*[#  23]+0.101*[#   2]+0.101*[#   3]
          +0.101*[#   4]+0.012*[#  15]+0.012*[#  18]+0.006*[#  24]+0.006*[#  27]
          +0.005*[#   5]+0.005*[#   8]+0.004*[#  16]+0.004*[#  17]+0.004*[#  19]
          +0.002*[#   6]+0.002*[#   7]+0.002*[#   9]
    |psi|^2 = 0.827
==== e(  24) =    19.77762 eV ==== 
     psi = 0.247*[#  11]+0.246*[#   1]+0.072*[#   2]+0.072*[#   3]+0.072*[#   4]
          +0.030*[#  21]+0.030*[#  22]+0.030*[#  23]+0.015*[#  20]+0.012*[#  10]
          +0.009*[#  25]+0.009*[#  26]+0.009*[#  28]+0.002*[#  24]+0.002*[#  27]
          +0.002*[#  16]+0.002*[#  17]+0.002*[#  19]+0.001*[#   6]+0.001*[#   7]
          +0.001*[#   9]+0.001*[#  15]+0.001*[#  18]
    |psi|^2 = 0.870
==== e(  25) =    22.13757 eV ==== 
     psi = 0.212*[#  11]+0.169*[#  20]+0.124*[#   1]+0.070*[#   2]+0.070*[#   3]
          +0.070*[#   4]+0.039*[#  21]+0.039*[#  22]+0.039*[#  23]+0.006*[#  25]
          +0.006*[#  26]+0.006*[#  28]+0.006*[#  10]+0.001*[#  16]+0.001*[#  17]
          +0.001*[#  19]
    |psi|^2 = 0.864
==== e(  26) =    22.31945 eV ==== 
     psi = 0.154*[#   2]+0.154*[#   3]+0.154*[#   4]+0.037*[#  21]+0.037*[#  22]
          +0.037*[#  23]+0.007*[#  25]+0.007*[#  26]+0.007*[#  28]+0.003*[#  15]
          +0.003*[#  18]+0.003*[#  24]+0.003*[#  27]
    |psi|^2 = 0.611
==== e(  27) =    24.18359 eV ==== 
     psi = 0.187*[#  20]+0.072*[#   2]+0.072*[#   3]+0.072*[#   4]+0.059*[#  11]
          +0.024*[#  21]+0.024*[#  22]+0.024*[#  23]+0.011*[#   1]+0.002*[#  10]
          
    |psi|^2 = 0.556
==== e(  28) =    25.19318 eV ==== 
     psi = 0.122*[#   1]+0.077*[#  21]+0.077*[#  22]+0.077*[#  23]+0.067*[#  11]
          +0.062*[#   2]+0.062*[#   3]+0.062*[#   4]+0.025*[#  20]+0.003*[#  25]
          +0.003*[#  26]+0.003*[#  28]+0.002*[#  10]
    |psi|^2 = 0.649

 k =   0.4166666667 -0.0833333333  0.4166666667
==== e(   1) =   -91.24301 eV ==== 
     psi = 0.952*[#  10]+0.007*[#  21]+0.007*[#  22]+0.007*[#  23]+0.007*[#  11]
          +0.005*[#   2]+0.005*[#   3]+0.005*[#   4]+0.001*[#  20]
    |psi|^2 = 1.000
==== e(   2) =   -51.63464 eV ==== 
     psi = 0.333*[#  12]+0.333*[#  13]+0.333*[#  14]
    |psi|^2 = 1.000
==== e(   3) =   -51.63449 eV ==== 
     psi = 0.333*[#  12]+0.333*[#  13]+0.333*[#  14]
    |psi|^2 = 1.000
==== e(   4) =   -51.63447 eV ==== 
     psi = 0.332*[#  12]+0.332*[#  13]+0.332*[#  14]
    |psi|^2 = 1.000
==== e(   5) =     5.33029 eV ==== 
     psi = 0.220*[#  20]+0.144*[#   1]+0.119*[#  11]+0.076*[#   2]+0.076*[#   3]
          +0.076*[#   4]+0.068*[#  21]+0.068*[#  22]+0.068*[#  23]+0.013*[#  25]
          +0.013*[#  26]+0.013*[#  28]+0.013*[#  10]+0.004*[#   6]+0.004*[#   7]
          +0.004*[#   9]+0.003*[#  16]+0.003*[#  17]+0.003*[#  19]
    |psi|^2 = 0.997
==== e(   6) =     7.43925 eV ==== 
     psi = 0.241*[#  25]+0.241*[#  26]+0.241*[#  28]+0.047*[#   1]+0.039*[#  11]
          +0.022*[#   6]+0.022*[#   7]+0.022*[#   9]+0.021*[#   5]+0.021*[#   8]
          +0.011*[#  16]+0.011*[#  17]+0.011*[#  19]+0.006*[#  15]+0.006*[#  18]
          +0.006*[#  21]+0.006*[#  22]+0.006*[#  23]+0.004*[#   2]+0.004*[#   3]
          +0.004*[#   4]+0.002*[#  24]+0.002*[#  27]
    |psi|^2 = 0.998
==== e(   7) =     7.64555 eV ==== 
     psi = 0.192*[#  25]+0.192*[#  26]+0.192*[#  28]+0.069*[#   5]+0.069*[#   8]
          +0.049*[#   6]+0.049*[#   7]+0.049*[#   9]+0.039*[#  24]+0.039*[#  27]
          +0.008*[#  16]+0.008*[#  17]+0.008*[#  19]+0.007*[#  15]+0.007*[#  18]
          +0.005*[#   2]+0.005*[#   3]+0.005*[#   4]
    |psi|^2 = 0.996
==== e(   8) =     7.68238 eV ==== 
     psi = 0.153*[#  25]+0.153*[#  26]+0.153*[#  28]+0.077*[#  24]+0.077*[#  27]
          +0.063*[#   5]+0.063*[#   8]+0.042*[#  15]+0.042*[#  18]+0.027*[#   6]
          +0.027*[#   7]+0.027*[#   9]+0.014*[#  16]+0.014*[#  17]+0.014*[#  19]
          +0.012*[#  20]+0.011*[#   2]+0.011*[#   3]+0.011*[#   4]+0.002*[#   1]
          +0.001*[#  21]+0.001*[#  22]+0.001*[#  23]
    |psi|^2 = 0.998
==== e(   9) =     7.91956 eV ==== 
     psi = 0.247*[#  24]+0.247*[#  27]+0.070*[#  15]+0.070*[#  18]+0.051*[#   5]
          +0.051*[#   8]+0.037*[#  25]+0.037*[#  26]+0.037*[#  28]+0.028*[#  16]
          +0.028*[#  17]+0.028*[#  19]+0.011*[#   2]+0.011*[#   3]+0.011*[#   4]
          +0.011*[#   6]+0.011*[#   7]+0.011*[#   9]
    |psi|^2 = 0.998
==== e(  10) =     7.92859 eV ==== 
     psi = 0.181*[#  24]+0.181*[#  27]+0.089*[#   6]+0.089*[#   7]+0.089*[#   9]
          +0.043*[#   5]+0.043*[#   8]+0.039*[#  16]+0.039*[#  17]+0.039*[#  19]
          +0.033*[#  25]+0.033*[#  26]+0.033*[#  28]+0.021*[#  15]+0.021*[#  18]
          +0.015*[#  20]+0.003*[#   2]+0.003*[#   3]+0.003*[#   4]+0.002*[#  21]
          +0.002*[#  22]+0.002*[#  23]
    |psi|^2 = 0.999
==== e(  11) =     9.07469 eV ==== 
     psi = 0.199*[#   6]+0.199*[#   7]+0.199*[#   9]+0.044*[#   5]+0.044*[#   8]
          +0.028*[#  25]+0.028*[#  26]+0.028*[#  28]+0.027*[#  21]+0.027*[#  22]
          +0.027*[#  23]+0.026*[#  11]+0.019*[#   2]+0.019*[#   3]+0.019*[#   4]
          +0.017*[#  20]+0.013*[#  16]+0.013*[#  17]+0.013*[#  19]+0.006*[#   1]
          +0.002*[#  10]
    |psi|^2 = 0.997
==== e(  12) =     9.14645 eV ==== 
     psi = 0.174*[#   6]+0.174*[#   7]+0.174*[#   9]+0.148*[#   5]+0.148*[#   8]
          +0.040*[#  16]+0.040*[#  17]+0.040*[#  19]+0.011*[#  21]+0.011*[#  22]
          +0.011*[#  23]+0.007*[#  15]+0.007*[#  18]+0.002*[#  25]+0.002*[#  26]
          +0.002*[#  28]+0.002*[#  24]+0.002*[#  27]
    |psi|^2 = 0.998
==== e(  13) =     9.49820 eV ==== 
     psi = 0.116*[#   6]+0.116*[#   7]+0.116*[#   9]+0.080*[#  16]+0.080*[#  17]
          +0.080*[#  19]+0.050*[#  15]+0.050*[#  18]+0.040*[#  25]+0.040*[#  26]
          +0.040*[#  28]+0.028*[#  21]+0.028*[#  22]+0.028*[#  23]+0.022*[#   1]
          +0.018*[#   5]+0.018*[#   8]+0.009*[#   2]+0.009*[#   3]+0.009*[#   4]
          +0.007*[#  24]+0.007*[#  27]+0.004*[#  11]+0.003*[#  20]
    |psi|^2 = 0.998
==== e(  14) =     9.90884 eV ==== 
     psi = 0.229*[#   5]+0.229*[#   8]+0.057*[#   6]+0.057*[#   7]+0.057*[#   9]
          +0.057*[#  16]+0.057*[#  17]+0.057*[#  19]+0.056*[#  24]+0.056*[#  27]
          +0.017*[#  25]+0.017*[#  26]+0.017*[#  28]+0.005*[#  15]+0.005*[#  18]
          +0.005*[#   2]+0.005*[#   3]+0.005*[#   4]+0.004*[#   1]+0.003*[#  11]
          +0.003*[#  20]
    |psi|^2 = 0.998
==== e(  15) =    10.15463 eV ==== 
     psi = 0.212*[#  16]+0.212*[#  17]+0.212*[#  19]+0.092*[#   6]+0.092*[#   7]
          +0.092*[#   9]+0.010*[#  15]+0.010*[#  18]+0.008*[#   1]+0.008*[#  20]
          +0.008*[#   5]+0.008*[#   8]+0.006*[#  21]+0.006*[#  22]+0.006*[#  23]
          +0.003*[#   2]+0.003*[#   3]+0.003*[#   4]+0.003*[#  24]+0.003*[#  27]
          
    |psi|^2 = 0.998
==== e(  16) =    10.15768 eV ==== 
     psi = 0.143*[#  15]+0.143*[#  18]+0.136*[#   5]+0.136*[#   8]+0.112*[#  16]
          +0.112*[#  17]+0.112*[#  19]+0.023*[#  24]+0.023*[#  27]+0.007*[#   6]
          +0.007*[#   7]+0.007*[#   9]+0.007*[#  25]+0.007*[#  26]+0.007*[#  28]
          +0.003*[#   2]+0.003*[#   3]+0.003*[#   4]+0.003*[#  21]+0.003*[#  22]
          +0.003*[#  23]
    |psi|^2 = 0.999
==== e(  17) =    10.70666 eV ==== 
     psi = 0.136*[#  24]+0.136*[#  27]+0.094*[#  15]+0.094*[#  18]+0.088*[#   5]
          +0.088*[#   8]+0.073*[#   6]+0.073*[#   7]+0.073*[#   9]+0.026*[#  25]
          +0.026*[#  26]+0.026*[#  28]+0.021*[#  16]+0.021*[#  17]+0.021*[#  19]
          +0.001*[#   2]+0.001*[#   3]+0.001*[#   4]
    |psi|^2 = 0.998
==== e(  18) =    10.86936 eV ==== 
     psi = 0.162*[#  15]+0.162*[#  18]+0.105*[#  16]+0.105*[#  17]+0.105*[#  19]
          +0.066*[#   5]+0.066*[#   8]+0.048*[#  24]+0.048*[#  27]+0.026*[#  25]
          +0.026*[#  26]+0.026*[#  28]+0.007*[#   1]+0.006*[#   6]+0.006*[#   7]
          +0.006*[#   9]+0.004*[#   2]+0.004*[#   3]+0.004*[#   4]+0.004*[#  21]
          +0.004*[#  22]+0.004*[#  23]+0.002*[#  20]+0.002*[#  11]
    |psi|^2 = 0.998
==== e(  19) =    11.08446 eV ==== 
     psi = 0.187*[#  15]+0.187*[#  18]+0.118*[#  24]+0.118*[#  27]+0.071*[#  16]
          +0.071*[#  17]+0.071*[#  19]+0.027*[#  25]+0.027*[#  26]+0.027*[#  28]
          +0.025*[#   6]+0.025*[#   7]+0.025*[#   9]+0.003*[#   2]+0.003*[#   3]
          +0.003*[#   4]+0.002*[#   5]+0.002*[#   8]+0.001*[#  21]+0.001*[#  22]
          +0.001*[#  23]
    |psi|^2 = 0.998
==== e(  20) =    11.42709 eV ==== 
     psi = 0.167*[#  15]+0.167*[#  18]+0.118*[#  16]+0.118*[#  17]+0.118*[#  19]
          +0.056*[#  25]+0.056*[#  26]+0.056*[#  28]+0.045*[#  24]+0.045*[#  27]
          +0.015*[#   6]+0.015*[#   7]+0.015*[#   9]+0.002*[#   5]+0.002*[#   8]
          +0.002*[#   2]+0.002*[#   3]+0.002*[#   4]
    |psi|^2 = 0.998
==== e(  21) =    14.03804 eV ==== 
     psi = 0.186*[#  20]+0.067*[#  21]+0.067*[#  22]+0.067*[#  23]+0.064*[#   2]
          +0.064*[#   3]+0.064*[#   4]+0.051*[#   1]+0.041*[#  16]+0.041*[#  17]
          +0.041*[#  19]+0.040*[#  11]+0.037*[#  25]+0.037*[#  26]+0.037*[#  28]
          +0.018*[#   6]+0.018*[#   7]+0.018*[#   9]+0.005*[#  15]+0.005*[#  18]
          +0.003*[#  24]+0.003*[#  27]+0.002*[#   5]+0.002*[#   8]
    |psi|^2 = 0.981
==== e(  22) =    15.46616 eV ==== 
     psi = 0.123*[#   1]+0.106*[#  21]+0.106*[#  22]+0.106*[#  23]+0.089*[#  11]
          +0.075*[#  20]+0.056*[#   2]+0.056*[#   3]+0.056*[#   4]+0.032*[#  25]
          +0.032*[#  26]+0.032*[#  28]+0.017*[#  16]+0.017*[#  17]+0.017*[#  19]
          +0.008*[#   6]+0.008*[#   7]+0.008*[#   9]+0.007*[#  15]+0.007*[#  18]
          +0.003*[#   5]+0.003*[#   8]
    |psi|^2 = 0.967
==== e(  23) =    18.33345 eV ==== 
     psi = 0.152*[#  21]+0.152*[#  22]+0.152*[#  23]+0.093*[#   2]+0.093*[#   3]
          +0.093*[#   4]+0.009*[#  15]+0.009*[#  18]+0.006*[#  24]+0.006*[#  27]
          +0.004*[#  16]+0.004*[#  17]+0.004*[#  19]+0.003*[#   5]+0.003*[#   8]
          +0.002*[#   6]+0.002*[#   7]+0.002*[#   9]+0.001*[#  25]+0.001*[#  26]
          +0.001*[#  28]
    |psi|^2 = 0.792
==== e(  24) =    20.10852 eV ==== 
     psi = 0.219*[#   1]+0.204*[#  11]+0.081*[#   2]+0.081*[#   3]+0.081*[#   4]
          +0.031*[#  21]+0.031*[#  22]+0.031*[#  23]+0.013*[#  10]+0.006*[#  25]
          +0.006*[#  26]+0.006*[#  28]+0.005*[#  20]+0.002*[#  24]+0.002*[#  27]
          +0.002*[#  16]+0.002*[#  17]+0.002*[#  19]+0.001*[#   6]+0.001*[#   7]
          +0.001*[#   9]
    |psi|^2 = 0.810
==== e(  25) =    21.94620 eV ==== 
     psi = 0.261*[#  11]+0.141*[#   1]+0.119*[#  20]+0.060*[#   2]+0.060*[#   3]
          +0.060*[#   4]+0.048*[#  21]+0.048*[#  22]+0.048*[#  23]+0.007*[#  10]
          +0.005*[#  25]+0.005*[#  26]+0.005*[#  28]+0.001*[#  16]+0.001*[#  17]
          +0.001*[#  19]
    |psi|^2 = 0.873
==== e(  26) =    22.11417 eV ==== 
     psi = 0.169*[#   2]+0.169*[#   3]+0.169*[#   4]+0.026*[#  21]+0.026*[#  22]
          +0.026*[#  23]+0.010*[#  25]+0.010*[#  26]+0.010*[#  28]+0.002*[#  15]
          +0.002*[#  18]+0.002*[#  24]+0.002*[#  27]
    |psi|^2 = 0.629
==== e(  27) =    23.25883 eV ==== 
     psi = 0.234*[#  20]+0.084*[#   2]+0.084*[#   3]+0.084*[#   4]+0.077*[#  11]
          +0.031*[#   1]+0.020*[#  21]+0.020*[#  22]+0.020*[#  23]+0.003*[#  25]
          +0.003*[#  26]+0.003*[#  28]+0.001*[#  10]
    |psi|^2 = 0.669
==== e(  28) =    23.99961 eV ==== 
     psi = 0.117*[#  21]+0.117*[#  22]+0.117*[#  23]+0.031*[#   2]+0.031*[#   3]
          +0.031*[#   4]+0.002*[#  16]+0.002*[#  17]+0.002*[#  19]+0.001*[#   6]
          +0.001*[#   7]+0.001*[#   9]
    |psi|^2 = 0.458

 k =   0.3333333333  0.0000000000  0.3333333333
==== e(   1) =   -91.24305 eV ==== 
     psi = 0.952*[#  10]+0.008*[#  21]+0.008*[#  22]+0.008*[#  23]+0.007*[#  11]
          +0.005*[#   2]+0.005*[#   3]+0.005*[#   4]+0.003*[#  20]
    |psi|^2 = 1.000
==== e(   2) =   -51.63462 eV ==== 
     psi = 0.333*[#  12]+0.333*[#  13]+0.333*[#  14]
    |psi|^2 = 1.000
==== e(   3) =   -51.63445 eV ==== 
     psi = 0.333*[#  12]+0.333*[#  13]+0.333*[#  14]
    |psi|^2 = 1.000
==== e(   4) =   -51.63445 eV ==== 
     psi = 0.333*[#  12]+0.333*[#  13]+0.333*[#  14]
    |psi|^2 = 1.000
==== e(   5) =     4.79036 eV ==== 
     psi = 0.233*[#  20]+0.164*[#   1]+0.149*[#  11]+0.069*[#   2]+0.069*[#   3]
          +0.069*[#   4]+0.068*[#  21]+0.068*[#  22]+0.068*[#  23]+0.015*[#  10]
          +0.004*[#  25]+0.004*[#  26]+0.004*[#  28]+0.002*[#   6]+0.002*[#   7]
          +0.002*[#   9]+0.002*[#  16]+0.002*[#  17]+0.002*[#  19]
    |psi|^2 = 0.997
==== e(   6) =     7.51036 eV ==== 
     psi = 0.250*[#  25]+0.250*[#  26]+0.250*[#  28]+0.037*[#   1]+0.027*[#  11]
          +0.026*[#   6]+0.026*[#   7]+0.026*[#   9]+0.019*[#   5]+0.019*[#   8]
          +0.012*[#  16]+0.012*[#  17]+0.012*[#  19]+0.004*[#   2]+0.004*[#   3]
          +0.004*[#   4]+0.003*[#  24]+0.003*[#  27]+0.002*[#  21]+0.002*[#  22]
          +0.002*[#  23]+0.002*[#  15]+0.002*[#  18]
    |psi|^2 = 0.997
==== e(   7) =     7.63886 eV ==== 
     psi = 0.153*[#  25]+0.153*[#  26]+0.153*[#  28]+0.096*[#   5]+0.096*[#   8]
          +0.086*[#  24]+0.086*[#  27]+0.050*[#   6]+0.050*[#   7]+0.050*[#   9]
          +0.002*[#  16]+0.002*[#  17]+0.002*[#  19]+0.002*[#   2]+0.002*[#   3]
          +0.002*[#   4]+0.002*[#  15]+0.002*[#  18]
    |psi|^2 = 0.995
==== e(   8) =     7.68428 eV ==== 
     psi = 0.142*[#  25]+0.142*[#  26]+0.142*[#  28]+0.104*[#  24]+0.104*[#  27]
          +0.075*[#   5]+0.075*[#   8]+0.052*[#  15]+0.052*[#  18]+0.016*[#   6]
          +0.016*[#   7]+0.016*[#   9]+0.010*[#   2]+0.010*[#   3]+0.010*[#   4]
          +0.008*[#  16]+0.008*[#  17]+0.008*[#  19]+0.003*[#  20]+0.001*[#   1]
          
    |psi|^2 = 0.997
==== e(   9) =     7.79893 eV ==== 
     psi = 0.185*[#  24]+0.185*[#  27]+0.087*[#  25]+0.087*[#  26]+0.087*[#  28]
          +0.084*[#  15]+0.084*[#  18]+0.038*[#   5]+0.038*[#   8]+0.026*[#  16]
          +0.026*[#  17]+0.026*[#  19]+0.014*[#   2]+0.014*[#   3]+0.014*[#   4]
          
    |psi|^2 = 0.999
==== e(  10) =     7.88599 eV ==== 
     psi = 0.144*[#  24]+0.144*[#  27]+0.077*[#   6]+0.077*[#   7]+0.077*[#   9]
          +0.070*[#  25]+0.070*[#  26]+0.070*[#  28]+0.051*[#   5]+0.051*[#   8]
          +0.034*[#  16]+0.034*[#  17]+0.034*[#  19]+0.028*[#  15]+0.028*[#  18]
          +0.007*[#  20]
    |psi|^2 = 0.998
==== e(  11) =     9.04266 eV ==== 
     psi = 0.203*[#   6]+0.203*[#   7]+0.203*[#   9]+0.040*[#   5]+0.040*[#   8]
          +0.030*[#  25]+0.030*[#  26]+0.030*[#  28]+0.029*[#  16]+0.029*[#  17]
          +0.029*[#  19]+0.020*[#  20]+0.018*[#  21]+0.018*[#  22]+0.018*[#  23]
          +0.013*[#   2]+0.013*[#   3]+0.013*[#   4]+0.013*[#  11]
    |psi|^2 = 0.996
==== e(  12) =     9.08524 eV ==== 
     psi = 0.190*[#   6]+0.190*[#   7]+0.190*[#   9]+0.101*[#   5]+0.101*[#   8]
          +0.057*[#  16]+0.057*[#  17]+0.057*[#  19]+0.011*[#  21]+0.011*[#  22]
          +0.011*[#  23]+0.006*[#  15]+0.006*[#  18]+0.003*[#  25]+0.003*[#  26]
          +0.003*[#  28]+0.001*[#  24]+0.001*[#  27]
    |psi|^2 = 0.999
==== e(  13) =     9.36925 eV ==== 
     psi = 0.168*[#   6]+0.168*[#   7]+0.168*[#   9]+0.074*[#  16]+0.074*[#  17]
          +0.074*[#  19]+0.037*[#  25]+0.037*[#  26]+0.037*[#  28]+0.024*[#  15]
          +0.024*[#  18]+0.021*[#  21]+0.021*[#  22]+0.021*[#  23]+0.015*[#   1]
          +0.007*[#   2]+0.007*[#   3]+0.007*[#   4]+0.005*[#  11]+0.002*[#  24]
          +0.002*[#  27]+0.001*[#  20]
    |psi|^2 = 0.998
==== e(  14) =    10.11619 eV ==== 
     psi = 0.239*[#   5]+0.239*[#   8]+0.079*[#  24]+0.079*[#  27]+0.063*[#  16]
          +0.063*[#  17]+0.063*[#  19]+0.037*[#   6]+0.037*[#   7]+0.037*[#   9]
          +0.015*[#  25]+0.015*[#  26]+0.015*[#  28]+0.003*[#   2]+0.003*[#   3]
          +0.003*[#   4]+0.002*[#  11]+0.002*[#   1]+0.001*[#  15]+0.001*[#  18]
          
    |psi|^2 = 0.999
==== e(  15) =    10.26621 eV ==== 
     psi = 0.177*[#   5]+0.177*[#   8]+0.128*[#  15]+0.128*[#  18]+0.102*[#  16]
          +0.102*[#  17]+0.102*[#  19]+0.029*[#  24]+0.029*[#  27]+0.004*[#  25]
          +0.004*[#  26]+0.004*[#  28]+0.002*[#   2]+0.002*[#   3]+0.002*[#   4]
          +0.002*[#  21]+0.002*[#  22]+0.002*[#  23]
    |psi|^2 = 0.999
==== e(  16) =    10.27486 eV ==== 
     psi = 0.217*[#  16]+0.217*[#  17]+0.217*[#  19]+0.083*[#   6]+0.083*[#   7]
          +0.083*[#   9]+0.022*[#  15]+0.022*[#  18]+0.006*[#   1]+0.006*[#  20]
          +0.005*[#  21]+0.005*[#  22]+0.005*[#  23]+0.004*[#   2]+0.004*[#   3]
          +0.004*[#   4]+0.003*[#  24]+0.003*[#  27]+0.003*[#  25]+0.003*[#  26]
          +0.003*[#  28]
    |psi|^2 = 0.998
==== e(  17) =    10.72640 eV ==== 
     psi = 0.124*[#  24]+0.124*[#  27]+0.084*[#   5]+0.084*[#   8]+0.079*[#   6]
          +0.079*[#   7]+0.079*[#   9]+0.056*[#  15]+0.056*[#  18]+0.044*[#  16]
          +0.044*[#  17]+0.044*[#  19]+0.031*[#  25]+0.031*[#  26]+0.031*[#  28]
          +0.002*[#   2]+0.002*[#   3]+0.002*[#   4]
    |psi|^2 = 0.997
==== e(  18) =    10.77547 eV ==== 
     psi = 0.151*[#  16]+0.151*[#  17]+0.151*[#  19]+0.075*[#  15]+0.075*[#  18]
          +0.072*[#   5]+0.072*[#   8]+0.033*[#  24]+0.033*[#  27]+0.030*[#  25]
          +0.030*[#  26]+0.030*[#  28]+0.020*[#   6]+0.020*[#   7]+0.020*[#   9]
          +0.007*[#   1]+0.005*[#   2]+0.005*[#   3]+0.005*[#   4]+0.003*[#  21]
          +0.003*[#  22]+0.003*[#  23]+0.002*[#  20]
    |psi|^2 = 0.997
==== e(  19) =    11.13681 eV ==== 
     psi = 0.287*[#  15]+0.287*[#  18]+0.129*[#  24]+0.129*[#  27]+0.031*[#  16]
          +0.031*[#  17]+0.031*[#  19]+0.012*[#   6]+0.012*[#   7]+0.012*[#   9]
          +0.011*[#  25]+0.011*[#  26]+0.011*[#  28]
    |psi|^2 = 0.998
==== e(  20) =    11.40014 eV ==== 
     psi = 0.215*[#  15]+0.215*[#  18]+0.095*[#  16]+0.095*[#  17]+0.095*[#  19]
          +0.067*[#  24]+0.067*[#  27]+0.039*[#  25]+0.039*[#  26]+0.039*[#  28]
          +0.009*[#   6]+0.009*[#   7]+0.009*[#   9]+0.002*[#   2]+0.002*[#   3]
          +0.002*[#   4]+0.001*[#   5]+0.001*[#   8]
    |psi|^2 = 0.998
==== e(  21) =    15.53109 eV ==== 
     psi = 0.276*[#  20]+0.087*[#   2]+0.087*[#   3]+0.087*[#   4]+0.078*[#  21]
          +0.078*[#  22]+0.078*[#  23]+0.026*[#  16]+0.026*[#  17]+0.026*[#  19]
          +0.017*[#  25]+0.017*[#  26]+0.017*[#  28]+0.012*[#   6]+0.012*[#   7]
          +0.012*[#   9]+0.005*[#  11]+0.003*[#  15]+0.003*[#  18]+0.003*[#   1]
          +0.001*[#   5]+0.001*[#   8]+0.001*[#  10]
    |psi|^2 = 0.959
==== e(  22) =    16.01975 eV ==== 
     psi = 0.205*[#   1]+0.124*[#  11]+0.108*[#  21]+0.108*[#  22]+0.108*[#  23]
          +0.039*[#  25]+0.039*[#  26]+0.039*[#  28]+0.035*[#   2]+0.035*[#   3]
          +0.035*[#   4]+0.014*[#  16]+0.014*[#  17]+0.014*[#  19]+0.012*[#  20]
          +0.007*[#   6]+0.007*[#   7]+0.007*[#   9]+0.002*[#  15]+0.002*[#  18]
          
    |psi|^2 = 0.960
==== e(  23) =    19.30027 eV ==== 
     psi = 0.161*[#  21]+0.161*[#  22]+0.161*[#  23]+0.085*[#   2]+0.085*[#   3]
          +0.085*[#   4]+0.006*[#  15]+0.006*[#  18]+0.005*[#  24]+0.005*[#  27]
          +0.004*[#  16]+0.004*[#  17]+0.004*[#  19]+0.002*[#   5]+0.002*[#   6]
          +0.002*[#   7]+0.002*[#   8]+0.002*[#   9]+0.001*[#  25]+0.001*[#  26]
          +0.001*[#  28]
    |psi|^2 = 0.788
==== e(  24) =    20.53614 eV ==== 
     psi = 0.175*[#   1]+0.115*[#  11]+0.088*[#   2]+0.088*[#   3]+0.088*[#   4]
          +0.030*[#  21]+0.030*[#  22]+0.030*[#  23]+0.010*[#  10]+0.004*[#  25]
          +0.004*[#  26]+0.004*[#  28]+0.001*[#  24]+0.001*[#  27]
    |psi|^2 = 0.675
==== e(  25) =    21.59036 eV ==== 
     psi = 0.349*[#  11]+0.166*[#   1]+0.064*[#  21]+0.064*[#  22]+0.064*[#  23]
          +0.045*[#   2]+0.045*[#   3]+0.045*[#   4]+0.037*[#  20]+0.008*[#  10]
          +0.002*[#  25]+0.002*[#  26]+0.002*[#  28]+0.001*[#  16]+0.001*[#  17]
          +0.001*[#  19]
    |psi|^2 = 0.900
==== e(  26) =    21.86163 eV ==== 
     psi = 0.192*[#   2]+0.192*[#   3]+0.192*[#   4]+0.021*[#  21]+0.021*[#  22]
          +0.021*[#  23]+0.014*[#  25]+0.014*[#  26]+0.014*[#  28]+0.002*[#  15]
          +0.002*[#  18]+0.001*[#  24]+0.001*[#  27]
    |psi|^2 = 0.688
==== e(  27) =    22.52001 eV ==== 
     psi = 0.283*[#  20]+0.108*[#   2]+0.108*[#   3]+0.108*[#   4]+0.066*[#  11]
          +0.020*[#   1]+0.007*[#  21]+0.007*[#  22]+0.007*[#  23]+0.006*[#  25]
          +0.006*[#  26]+0.006*[#  28]
    |psi|^2 = 0.740
==== e(  28) =    23.08453 eV ==== 
     psi = 0.117*[#  21]+0.117*[#  22]+0.117*[#  23]+0.019*[#   2]+0.019*[#   3]
          +0.019*[#   4]+0.003*[#  16]+0.003*[#  17]+0.003*[#  19]+0.001*[#   6]
          +0.001*[#   7]+0.001*[#   9]
    |psi|^2 = 0.423

 k =   0.0000000000  0.5000000000  0.0000000000
==== e(   1) =   -91.24287 eV ==== 
     psi = 0.952*[#  10]+0.008*[#  21]+0.008*[#  22]+0.008*[#  23]+0.007*[#  11]
          +0.004*[#   2]+0.004*[#   3]+0.004*[#   4]+0.002*[#  20]
    |psi|^2 = 1.000
==== e(   2) =   -51.63460 eV ==== 
     psi = 0.333*[#  12]+0.333*[#  13]+0.333*[#  14]
    |psi|^2 = 1.000
==== e(   3) =   -51.63429 eV ==== 
     psi = 0.333*[#  12]+0.333*[#  13]+0.333*[#  14]
    |psi|^2 = 1.000
==== e(   4) =   -51.63429 eV ==== 
     psi = 0.333*[#  12]+0.333*[#  13]+0.333*[#  14]
    |psi|^2 = 1.000
==== e(   5) =     4.95414 eV ==== 
     psi = 0.221*[#  20]+0.152*[#   1]+0.141*[#  11]+0.076*[#   2]+0.076*[#   3]
          +0.076*[#   4]+0.074*[#  21]+0.074*[#  22]+0.074*[#  23]+0.015*[#  10]
          +0.002*[#   6]+0.002*[#   7]+0.002*[#   9]+0.002*[#  16]+0.002*[#  17]
          +0.002*[#  19]+0.001*[#  24]+0.001*[#  27]
    |psi|^2 = 0.997
==== e(   6) =     7.23591 eV ==== 
     psi = 0.234*[#  25]+0.234*[#  26]+0.234*[#  28]+0.057*[#   5]+0.057*[#   8]
          +0.037*[#   1]+0.035*[#  11]+0.016*[#   6]+0.016*[#   7]+0.016*[#   9]
          +0.013*[#  15]+0.013*[#  18]+0.010*[#  24]+0.010*[#  27]+0.002*[#   2]
          +0.002*[#   3]+0.002*[#   4]+0.001*[#  16]+0.001*[#  17]+0.001*[#  19]
          
    |psi|^2 = 0.996
==== e(   7) =     7.53149 eV ==== 
     psi = 0.267*[#  24]+0.267*[#  27]+0.061*[#  15]+0.061*[#  18]+0.050*[#   5]
          +0.050*[#   8]+0.027*[#   6]+0.027*[#   7]+0.027*[#   9]+0.026*[#  16]
          +0.026*[#  17]+0.026*[#  19]+0.013*[#  25]+0.013*[#  26]+0.013*[#  28]
          +0.010*[#   2]+0.010*[#   3]+0.010*[#   4]+0.007*[#   1]+0.001*[#  20]
          
    |psi|^2 = 0.997
==== e(   8) =     7.81615 eV ==== 
     psi = 0.225*[#  25]+0.225*[#  26]+0.225*[#  28]+0.070*[#   6]+0.070*[#   7]
          +0.070*[#   9]+0.031*[#  16]+0.031*[#  17]+0.031*[#  19]+0.007*[#   2]
          +0.007*[#   3]+0.007*[#   4]
    |psi|^2 = 0.998
==== e(   9) =     7.81615 eV ==== 
     psi = 0.225*[#  25]+0.225*[#  26]+0.225*[#  28]+0.070*[#   6]+0.070*[#   7]
          +0.070*[#   9]+0.031*[#  16]+0.031*[#  17]+0.031*[#  19]+0.007*[#   2]
          +0.007*[#   3]+0.007*[#   4]
    |psi|^2 = 0.998
==== e(  10) =     8.03126 eV ==== 
     psi = 0.227*[#  24]+0.227*[#  27]+0.179*[#   5]+0.179*[#   8]+0.092*[#  15]
          +0.092*[#  18]
    |psi|^2 = 0.997
==== e(  11) =     8.69980 eV ==== 
     psi = 0.156*[#   6]+0.156*[#   7]+0.156*[#   9]+0.113*[#   5]+0.113*[#   8]
          +0.047*[#  16]+0.047*[#  17]+0.047*[#  19]+0.032*[#  15]+0.032*[#  18]
          +0.031*[#  20]+0.015*[#  21]+0.015*[#  22]+0.015*[#  23]+0.008*[#  11]
          +0.004*[#   1]+0.003*[#  24]+0.003*[#  27]
    |psi|^2 = 0.999
==== e(  12) =     9.51024 eV ==== 
     psi = 0.218*[#   6]+0.218*[#   7]+0.218*[#   9]+0.058*[#  16]+0.058*[#  17]
          +0.058*[#  19]+0.038*[#  25]+0.038*[#  26]+0.038*[#  28]+0.011*[#  21]
          +0.011*[#  22]+0.011*[#  23]+0.008*[#   2]+0.008*[#   3]+0.008*[#   4]
          
    |psi|^2 = 0.997
==== e(  13) =     9.51024 eV ==== 
     psi = 0.218*[#   6]+0.218*[#   7]+0.218*[#   9]+0.058*[#  16]+0.058*[#  17]
          +0.058*[#  19]+0.038*[#  25]+0.038*[#  26]+0.038*[#  28]+0.011*[#  21]
          +0.011*[#  22]+0.011*[#  23]+0.008*[#   2]+0.008*[#   3]+0.008*[#   4]
          
    |psi|^2 = 0.997
==== e(  14) =    10.22352 eV ==== 
     psi = 0.302*[#   5]+0.302*[#   8]+0.191*[#  24]+0.191*[#  27]+0.006*[#  15]
          +0.006*[#  18]
    |psi|^2 = 1.000
==== e(  15) =    10.28722 eV ==== 
     psi = 0.157*[#  16]+0.157*[#  17]+0.157*[#  19]+0.110*[#  15]+0.110*[#  18]
          +0.072*[#   5]+0.072*[#   8]+0.042*[#   6]+0.042*[#   7]+0.042*[#   9]
          +0.006*[#  20]+0.005*[#   1]+0.004*[#  25]+0.004*[#  26]+0.004*[#  28]
          +0.003*[#  21]+0.003*[#  22]+0.003*[#  23]+0.003*[#  24]+0.003*[#  27]
          
    |psi|^2 = 0.999
==== e(  16) =    10.55038 eV ==== 
     psi = 0.200*[#   5]+0.200*[#   8]+0.087*[#  24]+0.087*[#  27]+0.079*[#   6]
          +0.079*[#   7]+0.079*[#   9]+0.034*[#  25]+0.034*[#  26]+0.034*[#  28]
          +0.021*[#  16]+0.021*[#  17]+0.021*[#  19]+0.012*[#  11]+0.004*[#  15]
          +0.004*[#  18]
    |psi|^2 = 0.999
==== e(  17) =    10.63259 eV ==== 
     psi = 0.229*[#  16]+0.229*[#  17]+0.229*[#  19]+0.044*[#  25]+0.044*[#  26]
          +0.044*[#  28]+0.038*[#   6]+0.038*[#   7]+0.038*[#   9]+0.015*[#   2]
          +0.015*[#   3]+0.015*[#   4]+0.006*[#  21]+0.006*[#  22]+0.006*[#  23]
          
    |psi|^2 = 0.995
==== e(  18) =    10.63259 eV ==== 
     psi = 0.229*[#  16]+0.229*[#  17]+0.229*[#  19]+0.044*[#  25]+0.044*[#  26]
          +0.044*[#  28]+0.038*[#   6]+0.038*[#   7]+0.038*[#   9]+0.015*[#   2]
          +0.015*[#   3]+0.015*[#   4]+0.006*[#  21]+0.006*[#  22]+0.006*[#  23]
          
    |psi|^2 = 0.995
==== e(  19) =    10.98884 eV ==== 
     psi = 0.399*[#  15]+0.399*[#  18]+0.081*[#  24]+0.081*[#  27]+0.018*[#   5]
          +0.018*[#   8]
    |psi|^2 = 0.998
==== e(  20) =    11.38272 eV ==== 
     psi = 0.265*[#  15]+0.265*[#  18]+0.114*[#  24]+0.114*[#  27]+0.060*[#  16]
          +0.060*[#  17]+0.060*[#  19]+0.015*[#  25]+0.015*[#  26]+0.015*[#  28]
          +0.007*[#   1]+0.002*[#   5]+0.002*[#   8]+0.001*[#  21]+0.001*[#  22]
          +0.001*[#  23]
    |psi|^2 = 0.999
==== e(  21) =    16.29497 eV ==== 
     psi = 0.135*[#  21]+0.135*[#  22]+0.135*[#  23]+0.133*[#   2]+0.133*[#   3]
          +0.133*[#   4]+0.022*[#  25]+0.022*[#  26]+0.022*[#  28]+0.014*[#  16]
          +0.014*[#  17]+0.014*[#  19]+0.007*[#   6]+0.007*[#   7]+0.007*[#   9]
          
    |psi|^2 = 0.933
==== e(  22) =    16.29497 eV ==== 
     psi = 0.135*[#  21]+0.135*[#  22]+0.135*[#  23]+0.133*[#   2]+0.133*[#   3]
          +0.133*[#   4]+0.022*[#  25]+0.022*[#  26]+0.022*[#  28]+0.014*[#  16]
          +0.014*[#  17]+0.014*[#  19]+0.007*[#   6]+0.007*[#   7]+0.007*[#   9]
          
    |psi|^2 = 0.933
==== e(  23) =    16.43533 eV ==== 
     psi = 0.271*[#  20]+0.101*[#   1]+0.099*[#  11]+0.062*[#   2]+0.062*[#   3]
          +0.062*[#   4]+0.058*[#  21]+0.058*[#  22]+0.058*[#  23]+0.012*[#  16]
          +0.012*[#  17]+0.012*[#  19]+0.010*[#  15]+0.010*[#  18]+0.008*[#  24]
          +0.008*[#  27]+0.006*[#   6]+0.006*[#   7]+0.006*[#   9]+0.004*[#   5]
          +0.004*[#   8]
    |psi|^2 = 0.935
==== e(  24) =    19.06857 eV ==== 
     psi = 0.448*[#   1]+0.362*[#  11]+0.032*[#  25]+0.032*[#  26]+0.032*[#  28]
          +0.022*[#  20]+0.011*[#   2]+0.011*[#   3]+0.011*[#   4]+0.002*[#  10]
          +0.001*[#  15]+0.001*[#  18]
    |psi|^2 = 0.971
==== e(  25) =    19.69898 eV ==== 
     psi = 0.274*[#  20]+0.098*[#  11]+0.072*[#   2]+0.072*[#   3]+0.072*[#   4]
          +0.034*[#  21]+0.034*[#  22]+0.034*[#  23]+0.012*[#  10]+0.008*[#   1]
          +0.006*[#  16]+0.006*[#  17]+0.006*[#  19]+0.004*[#  24]+0.004*[#  27]
          +0.002*[#   6]+0.002*[#   7]+0.002*[#   9]
    |psi|^2 = 0.742
==== e(  26) =    24.33965 eV ==== 
     psi = 0.093*[#   2]+0.093*[#   3]+0.093*[#   4]+0.032*[#  21]+0.032*[#  22]
          +0.032*[#  23]+0.002*[#  25]+0.002*[#  26]+0.002*[#  28]
    |psi|^2 = 0.380
==== e(  27) =    24.33965 eV ==== 
     psi = 0.093*[#   2]+0.093*[#   3]+0.093*[#   4]+0.032*[#  21]+0.032*[#  22]
          +0.032*[#  23]+0.002*[#  25]+0.002*[#  26]+0.002*[#  28]
    |psi|^2 = 0.380
==== e(  28) =    25.00625 eV ==== 
     psi = 0.060*[#   2]+0.060*[#   3]+0.060*[#   4]+0.049*[#  20]+0.046*[#  11]
          +0.019*[#   1]+0.010*[#  21]+0.010*[#  22]+0.010*[#  23]
    |psi|^2 = 0.328

 k =  -0.0833333333  0.5833333333 -0.0833333333
==== e(   1) =   -91.24297 eV ==== 
     psi = 0.953*[#  10]+0.009*[#  21]+0.009*[#  22]+0.009*[#  23]+0.007*[#  11]
          +0.004*[#   2]+0.004*[#   3]+0.004*[#   4]
    |psi|^2 = 1.000
==== e(   2) =   -51.63466 eV ==== 
     psi = 0.333*[#  12]+0.333*[#  13]+0.333*[#  14]
    |psi|^2 = 1.000
==== e(   3) =   -51.63444 eV ==== 
     psi = 0.333*[#  12]+0.333*[#  13]+0.333*[#  14]
    |psi|^2 = 1.000
==== e(   4) =   -51.63439 eV ==== 
     psi = 0.333*[#  12]+0.333*[#  13]+0.333*[#  14]
    |psi|^2 = 1.000
==== e(   5) =     5.41573 eV ==== 
     psi = 0.210*[#  20]+0.134*[#   1]+0.118*[#  11]+0.083*[#   2]+0.083*[#   3]
          +0.083*[#   4]+0.077*[#  21]+0.077*[#  22]+0.077*[#  23]+0.014*[#  10]
          +0.004*[#   6]+0.004*[#   7]+0.004*[#   9]+0.003*[#  16]+0.003*[#  17]
          +0.003*[#  19]+0.003*[#  24]+0.003*[#  27]+0.002*[#  25]+0.002*[#  26]
          +0.002*[#  28]+0.002*[#  15]+0.002*[#  18]+0.001*[#   5]+0.001*[#   8]
          
    |psi|^2 = 0.997
==== e(   6) =     7.12052 eV ==== 
     psi = 0.232*[#  25]+0.232*[#  26]+0.232*[#  28]+0.056*[#   5]+0.056*[#   8]
          +0.047*[#  11]+0.044*[#   1]+0.022*[#  15]+0.022*[#  18]+0.011*[#   6]
          +0.011*[#   7]+0.011*[#   9]+0.004*[#  24]+0.004*[#  27]+0.002*[#   2]
          +0.002*[#   3]+0.002*[#   4]+0.002*[#  16]+0.002*[#  17]+0.002*[#  19]
          
    |psi|^2 = 0.997
==== e(   7) =     7.50947 eV ==== 
     psi = 0.276*[#  24]+0.276*[#  27]+0.043*[#   6]+0.043*[#   7]+0.043*[#   9]
          +0.042*[#  15]+0.042*[#  18]+0.038*[#   5]+0.038*[#   8]+0.030*[#  16]
          +0.030*[#  17]+0.030*[#  19]+0.012*[#   2]+0.012*[#   3]+0.012*[#   4]
          +0.008*[#  25]+0.008*[#  26]+0.008*[#  28]+0.006*[#   1]+0.002*[#  20]
          
    |psi|^2 = 0.997
==== e(   8) =     7.81753 eV ==== 
     psi = 0.212*[#  25]+0.212*[#  26]+0.212*[#  28]+0.069*[#   6]+0.069*[#   7]
          +0.069*[#   9]+0.031*[#  16]+0.031*[#  17]+0.031*[#  19]+0.011*[#   5]
          +0.011*[#   8]+0.006*[#  15]+0.006*[#  18]+0.006*[#  24]+0.006*[#  27]
          +0.005*[#   2]+0.005*[#   3]+0.005*[#   4]
    |psi|^2 = 0.998
==== e(   9) =     7.83104 eV ==== 
     psi = 0.209*[#  25]+0.209*[#  26]+0.209*[#  28]+0.077*[#   6]+0.077*[#   7]
          +0.077*[#   9]+0.037*[#  16]+0.037*[#  17]+0.037*[#  19]+0.005*[#  20]
          +0.005*[#   2]+0.005*[#   3]+0.005*[#   4]+0.002*[#  15]+0.002*[#  18]
          +0.001*[#  24]+0.001*[#  27]
    |psi|^2 = 0.998
==== e(  10) =     8.19916 eV ==== 
     psi = 0.220*[#  24]+0.220*[#  27]+0.170*[#   5]+0.170*[#   8]+0.081*[#  15]
          +0.081*[#  18]+0.011*[#   6]+0.011*[#   7]+0.011*[#   9]+0.004*[#  25]
          +0.004*[#  26]+0.004*[#  28]+0.003*[#  16]+0.003*[#  17]+0.003*[#  19]
          
    |psi|^2 = 0.997
==== e(  11) =     8.68492 eV ==== 
     psi = 0.134*[#   6]+0.134*[#   7]+0.134*[#   9]+0.128*[#   5]+0.128*[#   8]
          +0.040*[#  15]+0.040*[#  18]+0.037*[#  20]+0.037*[#  16]+0.037*[#  17]
          +0.037*[#  19]+0.018*[#  21]+0.018*[#  22]+0.018*[#  23]+0.013*[#  11]
          +0.009*[#   1]+0.007*[#  24]+0.007*[#  27]+0.005*[#  25]+0.005*[#  26]
          +0.005*[#  28]+0.003*[#   2]+0.003*[#   3]+0.003*[#   4]
    |psi|^2 = 0.999
==== e(  12) =     9.60446 eV ==== 
     psi = 0.214*[#   6]+0.214*[#   7]+0.214*[#   9]+0.054*[#  16]+0.054*[#  17]
          +0.054*[#  19]+0.037*[#  25]+0.037*[#  26]+0.037*[#  28]+0.012*[#  21]
          +0.012*[#  22]+0.012*[#  23]+0.007*[#   2]+0.007*[#   3]+0.007*[#   4]
          +0.005*[#   5]+0.005*[#   8]+0.004*[#  15]+0.004*[#  18]+0.003*[#  11]
          +0.003*[#   1]
    |psi|^2 = 0.998
==== e(  13) =     9.62382 eV ==== 
     psi = 0.214*[#   6]+0.214*[#   7]+0.214*[#   9]+0.060*[#  16]+0.060*[#  17]
          +0.060*[#  19]+0.036*[#  25]+0.036*[#  26]+0.036*[#  28]+0.009*[#  21]
          +0.009*[#  22]+0.009*[#  23]+0.006*[#   2]+0.006*[#   3]+0.006*[#   4]
          +0.005*[#  15]+0.005*[#  18]+0.004*[#   5]+0.004*[#   8]+0.001*[#  24]
          +0.001*[#  27]
    |psi|^2 = 0.998
==== e(  14) =    10.05226 eV ==== 
     psi = 0.266*[#   5]+0.266*[#   8]+0.188*[#  24]+0.188*[#  27]+0.020*[#  16]
          +0.020*[#  17]+0.020*[#  19]+0.003*[#  25]+0.003*[#  26]+0.003*[#  28]
          +0.003*[#   6]+0.003*[#   7]+0.003*[#   9]+0.002*[#   2]+0.002*[#   3]
          +0.002*[#   4]+0.002*[#  15]+0.002*[#  18]
    |psi|^2 = 0.999
==== e(  15) =    10.24256 eV ==== 
     psi = 0.174*[#  16]+0.174*[#  17]+0.174*[#  19]+0.080*[#  15]+0.080*[#  18]
          +0.071*[#   6]+0.071*[#   7]+0.071*[#   9]+0.033*[#   5]+0.033*[#   8]
          +0.008*[#  20]+0.006*[#   1]+0.004*[#  25]+0.004*[#  26]+0.004*[#  28]
          +0.003*[#  21]+0.003*[#  22]+0.003*[#  23]
    |psi|^2 = 0.999
==== e(  16) =    10.43377 eV ==== 
     psi = 0.172*[#   5]+0.172*[#   8]+0.074*[#  16]+0.074*[#  17]+0.074*[#  19]
          +0.045*[#  24]+0.045*[#  27]+0.043*[#   6]+0.043*[#   7]+0.043*[#   9]
          +0.035*[#  25]+0.035*[#  26]+0.035*[#  28]+0.030*[#  15]+0.030*[#  18]
          +0.012*[#  11]+0.006*[#   2]+0.006*[#   3]+0.006*[#   4]+0.004*[#  21]
          +0.004*[#  22]+0.004*[#  23]+0.001*[#  20]
    |psi|^2 = 0.999
==== e(  17) =    10.69909 eV ==== 
     psi = 0.157*[#  16]+0.157*[#  17]+0.157*[#  19]+0.097*[#  15]+0.097*[#  18]
          +0.041*[#  24]+0.041*[#  27]+0.032*[#  25]+0.032*[#  26]+0.032*[#  28]
          +0.020*[#   6]+0.020*[#   7]+0.020*[#   9]+0.017*[#   5]+0.017*[#   8]
          +0.013*[#   2]+0.013*[#   3]+0.013*[#   4]+0.007*[#  21]+0.007*[#  22]
          +0.007*[#  23]
    |psi|^2 = 0.997
==== e(  18) =    10.72770 eV ==== 
     psi = 0.142*[#  16]+0.142*[#  17]+0.142*[#  19]+0.055*[#   5]+0.055*[#   8]
          +0.050*[#  25]+0.050*[#  26]+0.050*[#  28]+0.049*[#   6]+0.049*[#   7]
          +0.049*[#   9]+0.037*[#  24]+0.037*[#  27]+0.013*[#  15]+0.013*[#  18]
          +0.012*[#   2]+0.012*[#   3]+0.012*[#   4]+0.007*[#  21]+0.007*[#  22]
          +0.007*[#  23]+0.004*[#  11]+0.002*[#   1]+0.001*[#  20]
    |psi|^2 = 0.997
==== e(  19) =    10.96801 eV ==== 
     psi = 0.305*[#  15]+0.305*[#  18]+0.046*[#  16]+0.046*[#  17]+0.046*[#  19]
          +0.043*[#  24]+0.043*[#  27]+0.031*[#   5]+0.031*[#   8]+0.021*[#  25]
          +0.021*[#  26]+0.021*[#  28]+0.009*[#   6]+0.009*[#   7]+0.009*[#   9]
          +0.002*[#   2]+0.002*[#   3]+0.002*[#   4]
    |psi|^2 = 0.997
==== e(  20) =    11.38813 eV ==== 
     psi = 0.246*[#  15]+0.246*[#  18]+0.106*[#  24]+0.106*[#  27]+0.071*[#  16]
          +0.071*[#  17]+0.071*[#  19]+0.018*[#  25]+0.018*[#  26]+0.018*[#  28]
          +0.008*[#   1]+0.003*[#   5]+0.003*[#   8]+0.002*[#  21]+0.002*[#  22]
          +0.002*[#  23]+0.001*[#   2]+0.001*[#   3]+0.001*[#   4]
    |psi|^2 = 0.999
==== e(  21) =    14.81485 eV ==== 
     psi = 0.161*[#  20]+0.089*[#   2]+0.089*[#   3]+0.089*[#   4]+0.086*[#  21]
          +0.086*[#  22]+0.086*[#  23]+0.044*[#  11]+0.043*[#   1]+0.024*[#  16]
          +0.024*[#  17]+0.024*[#  19]+0.019*[#  25]+0.019*[#  26]+0.019*[#  28]
          +0.011*[#   6]+0.011*[#   7]+0.011*[#   9]+0.007*[#  15]+0.007*[#  18]
          +0.003*[#   5]+0.003*[#   8]+0.002*[#  24]+0.002*[#  27]
    |psi|^2 = 0.963
==== e(  22) =    15.68997 eV ==== 
     psi = 0.137*[#  21]+0.137*[#  22]+0.137*[#  23]+0.133*[#   2]+0.133*[#   3]
          +0.133*[#   4]+0.021*[#  25]+0.021*[#  26]+0.021*[#  28]+0.015*[#  16]
          +0.015*[#  17]+0.015*[#  19]+0.007*[#   6]+0.007*[#   7]+0.007*[#   9]
          +0.001*[#  15]+0.001*[#  18]
    |psi|^2 = 0.945
==== e(  23) =    15.87293 eV ==== 
     psi = 0.104*[#  11]+0.102*[#   1]+0.090*[#   2]+0.090*[#   3]+0.090*[#   4]
          +0.088*[#  21]+0.088*[#  22]+0.088*[#  23]+0.081*[#  20]+0.012*[#  24]
          +0.012*[#  27]+0.012*[#  25]+0.012*[#  26]+0.012*[#  28]+0.010*[#  16]
          +0.010*[#  17]+0.010*[#  19]+0.009*[#  15]+0.009*[#  18]+0.006*[#   6]
          +0.006*[#   7]+0.006*[#   9]+0.004*[#   5]+0.004*[#   8]+0.002*[#  10]
          
    |psi|^2 = 0.958
==== e(  24) =    19.18115 eV ==== 
     psi = 0.344*[#   1]+0.310*[#  11]+0.068*[#  20]+0.032*[#   2]+0.032*[#   3]
          +0.032*[#   4]+0.027*[#  25]+0.027*[#  26]+0.027*[#  28]+0.010*[#  21]
          +0.010*[#  22]+0.010*[#  23]+0.005*[#  10]+0.001*[#  15]+0.001*[#  18]
          +0.001*[#  16]+0.001*[#  17]+0.001*[#  19]+0.001*[#  24]+0.001*[#  27]
          +0.001*[#   6]+0.001*[#   7]+0.001*[#   9]
    |psi|^2 = 0.945
==== e(  25) =    19.88531 eV ==== 
     psi = 0.266*[#  20]+0.115*[#  11]+0.073*[#   2]+0.073*[#   3]+0.073*[#   4]
          +0.058*[#   1]+0.033*[#  21]+0.033*[#  22]+0.033*[#  23]+0.009*[#  10]
          +0.005*[#  16]+0.005*[#  17]+0.005*[#  19]+0.004*[#  25]+0.004*[#  26]
          +0.004*[#  28]+0.003*[#  24]+0.003*[#  27]+0.002*[#   6]+0.002*[#   7]
          +0.002*[#   9]
    |psi|^2 = 0.807
==== e(  26) =    24.57392 eV ==== 
     psi = 0.087*[#   2]+0.087*[#   3]+0.087*[#   4]+0.032*[#  21]+0.032*[#  22]
          +0.032*[#  23]+0.024*[#  20]+0.023*[#   1]+0.016*[#  11]+0.001*[#  25]
          +0.001*[#  26]+0.001*[#  28]+0.001*[#  10]
    |psi|^2 = 0.431
==== e(  27) =    24.68869 eV ==== 
     psi = 0.097*[#   2]+0.097*[#   3]+0.097*[#   4]+0.046*[#  21]+0.046*[#  22]
          +0.046*[#  23]+0.002*[#  25]+0.002*[#  26]+0.002*[#  28]
    |psi|^2 = 0.438
==== e(  28) =    25.65646 eV ==== 
     psi = 0.052*[#   2]+0.052*[#   3]+0.052*[#   4]+0.048*[#  21]+0.048*[#  22]
          +0.048*[#  23]+0.041*[#  11]+0.030*[#   1]+0.024*[#  20]+0.001*[#  25]
          +0.001*[#  26]+0.001*[#  28]
    |psi|^2 = 0.403

 k =  -0.1666666667  0.6666666667 -0.1666666667
==== e(   1) =   -91.24298 eV ==== 
     psi = 0.955*[#  10]+0.008*[#  21]+0.008*[#  22]+0.008*[#  23]+0.006*[#  11]
          +0.003*[#   2]+0.003*[#   3]+0.003*[#   4]
    |psi|^2 = 1.000
==== e(   2) =   -51.63472 eV ==== 
     psi = 0.332*[#  12]+0.332*[#  13]+0.332*[#  14]
    |psi|^2 = 1.000
==== e(   3) =   -51.63446 eV ==== 
     psi = 0.332*[#  12]+0.332*[#  13]+0.332*[#  14]
    |psi|^2 = 1.000
==== e(   4) =   -51.63445 eV ==== 
     psi = 0.333*[#  12]+0.333*[#  13]+0.333*[#  14]
    |psi|^2 = 1.000
==== e(   5) =     5.96659 eV ==== 
     psi = 0.204*[#  20]+0.122*[#   1]+0.096*[#  11]+0.084*[#   2]+0.084*[#   3]
          +0.084*[#   4]+0.070*[#  21]+0.070*[#  22]+0.070*[#  23]+0.015*[#  25]
          +0.015*[#  26]+0.015*[#  28]+0.011*[#  10]+0.007*[#   6]+0.007*[#   7]
          +0.007*[#   9]+0.005*[#  16]+0.005*[#  17]+0.005*[#  19]+0.004*[#  24]
          +0.004*[#  27]+0.004*[#  15]+0.004*[#  18]+0.003*[#   5]+0.003*[#   8]
          
    |psi|^2 = 0.997
==== e(   6) =     7.04779 eV ==== 
     psi = 0.220*[#  25]+0.220*[#  26]+0.220*[#  28]+0.057*[#  11]+0.055*[#   5]
          +0.055*[#   8]+0.050*[#   1]+0.028*[#  15]+0.028*[#  18]+0.010*[#   6]
          +0.010*[#   7]+0.010*[#   9]+0.005*[#  21]+0.005*[#  22]+0.005*[#  23]
          +0.003*[#  16]+0.003*[#  17]+0.003*[#  19]+0.003*[#   2]+0.003*[#   3]
          +0.003*[#   4]+0.001*[#  10]+0.001*[#  24]+0.001*[#  27]
    |psi|^2 = 0.998
==== e(   7) =     7.52805 eV ==== 
     psi = 0.278*[#  24]+0.278*[#  27]+0.054*[#   6]+0.054*[#   7]+0.054*[#   9]
          +0.029*[#  16]+0.029*[#  17]+0.029*[#  19]+0.027*[#   5]+0.027*[#   8]
          +0.026*[#  15]+0.026*[#  18]+0.015*[#   2]+0.015*[#   3]+0.015*[#   4]
          +0.008*[#  25]+0.008*[#  26]+0.008*[#  28]+0.005*[#   1]+0.003*[#  20]
          +0.003*[#  21]+0.003*[#  22]+0.003*[#  23]
    |psi|^2 = 0.998
==== e(   8) =     7.79411 eV ==== 
     psi = 0.204*[#  25]+0.204*[#  26]+0.204*[#  28]+0.064*[#   6]+0.064*[#   7]
          +0.064*[#   9]+0.029*[#  16]+0.029*[#  17]+0.029*[#  19]+0.025*[#   5]
          +0.025*[#   8]+0.014*[#  15]+0.014*[#  18]+0.009*[#  24]+0.009*[#  27]
          +0.004*[#   2]+0.004*[#   3]+0.004*[#   4]
    |psi|^2 = 0.998
==== e(   9) =     7.83698 eV ==== 
     psi = 0.179*[#  25]+0.179*[#  26]+0.179*[#  28]+0.082*[#   6]+0.082*[#   7]
          +0.082*[#   9]+0.046*[#  16]+0.046*[#  17]+0.046*[#  19]+0.030*[#  20]
          +0.006*[#   2]+0.006*[#   3]+0.006*[#   4]+0.005*[#   5]+0.005*[#   8]
          +0.005*[#  15]+0.005*[#  18]+0.005*[#  24]+0.005*[#  27]+0.001*[#   1]
          
    |psi|^2 = 0.999
==== e(  10) =     8.36630 eV ==== 
     psi = 0.228*[#  24]+0.228*[#  27]+0.142*[#   5]+0.142*[#   8]+0.058*[#  15]
          +0.058*[#  18]+0.031*[#   6]+0.031*[#   7]+0.031*[#   9]+0.009*[#  16]
          +0.009*[#  17]+0.009*[#  19]+0.006*[#  25]+0.006*[#  26]+0.006*[#  28]
          +0.001*[#   2]+0.001*[#   3]+0.001*[#   4]
    |psi|^2 = 0.998
==== e(  11) =     8.73691 eV ==== 
     psi = 0.134*[#   5]+0.134*[#   8]+0.115*[#   6]+0.115*[#   7]+0.115*[#   9]
          +0.039*[#  15]+0.039*[#  18]+0.033*[#  20]+0.026*[#  16]+0.026*[#  17]
          +0.026*[#  19]+0.024*[#  21]+0.024*[#  22]+0.024*[#  23]+0.021*[#  11]
          +0.016*[#  25]+0.016*[#  26]+0.016*[#  28]+0.016*[#   1]+0.009*[#  24]
          +0.009*[#  27]+0.007*[#   2]+0.007*[#   3]+0.007*[#   4]
    |psi|^2 = 0.998
==== e(  12) =     9.64421 eV ==== 
     psi = 0.188*[#   6]+0.188*[#   7]+0.188*[#   9]+0.048*[#  16]+0.048*[#  17]
          +0.048*[#  19]+0.032*[#  25]+0.032*[#  26]+0.032*[#  28]+0.024*[#   5]
          +0.024*[#   8]+0.022*[#  15]+0.022*[#  18]+0.017*[#  21]+0.017*[#  22]
          +0.017*[#  23]+0.010*[#  11]+0.009*[#   1]+0.009*[#   2]+0.009*[#   3]
          +0.009*[#   4]+0.002*[#  20]+0.002*[#  24]+0.002*[#  27]
    |psi|^2 = 0.998
==== e(  13) =     9.69707 eV ==== 
     psi = 0.188*[#   6]+0.188*[#   7]+0.188*[#   9]+0.085*[#  16]+0.085*[#  17]
          +0.085*[#  19]+0.026*[#  25]+0.026*[#  26]+0.026*[#  28]+0.019*[#   5]
          +0.019*[#   8]+0.015*[#  15]+0.015*[#  18]+0.007*[#  24]+0.007*[#  27]
          +0.004*[#  21]+0.004*[#  22]+0.004*[#  23]+0.002*[#   2]+0.002*[#   3]
          +0.002*[#   4]
    |psi|^2 = 0.998
==== e(  14) =     9.79870 eV ==== 
     psi = 0.254*[#   5]+0.254*[#   8]+0.156*[#  24]+0.156*[#  27]+0.024*[#  15]
          +0.024*[#  18]+0.012*[#  16]+0.012*[#  17]+0.012*[#  19]+0.009*[#   6]
          +0.009*[#   7]+0.009*[#   9]+0.008*[#  25]+0.008*[#  26]+0.008*[#  28]
          +0.008*[#   2]+0.008*[#   3]+0.008*[#   4]+0.005*[#  21]+0.005*[#  22]
          +0.005*[#  23]
    |psi|^2 = 0.998
==== e(  15) =    10.15158 eV ==== 
     psi = 0.194*[#  16]+0.194*[#  17]+0.194*[#  19]+0.094*[#   6]+0.094*[#   7]
          +0.094*[#   9]+0.026*[#  15]+0.026*[#  18]+0.011*[#   5]+0.011*[#   8]
          +0.010*[#   1]+0.009*[#  20]+0.005*[#  21]+0.005*[#  22]+0.005*[#  23]
          +0.004*[#  25]+0.004*[#  26]+0.004*[#  28]+0.003*[#  24]+0.003*[#  27]
          +0.003*[#   2]+0.003*[#   3]+0.003*[#   4]
    |psi|^2 = 0.998
==== e(  16) =    10.32157 eV ==== 
     psi = 0.168*[#   5]+0.168*[#   8]+0.067*[#  15]+0.067*[#  18]+0.063*[#  16]
          +0.063*[#  17]+0.063*[#  19]+0.038*[#   6]+0.038*[#   7]+0.038*[#   9]
          +0.035*[#  25]+0.035*[#  26]+0.035*[#  28]+0.028*[#  24]+0.028*[#  27]
          +0.013*[#  11]+0.008*[#   2]+0.008*[#   3]+0.008*[#   4]+0.007*[#  21]
          +0.007*[#  22]+0.007*[#  23]+0.003*[#  20]+0.002*[#   1]
    |psi|^2 = 0.999
==== e(  17) =    10.71018 eV ==== 
     psi = 0.283*[#  15]+0.283*[#  18]+0.081*[#  24]+0.081*[#  27]+0.048*[#  16]
          +0.048*[#  17]+0.048*[#  19]+0.034*[#   5]+0.034*[#   8]+0.008*[#   6]
          +0.008*[#   7]+0.008*[#   9]+0.006*[#   2]+0.006*[#   3]+0.006*[#   4]
          +0.004*[#  21]+0.004*[#  22]+0.004*[#  23]+0.003*[#  25]+0.003*[#  26]
          +0.003*[#  28]
    |psi|^2 = 0.998
==== e(  18) =    10.84613 eV ==== 
     psi = 0.098*[#  16]+0.098*[#  17]+0.098*[#  19]+0.060*[#   5]+0.060*[#   8]
          +0.054*[#  15]+0.054*[#  18]+0.049*[#  25]+0.049*[#  26]+0.049*[#  28]
          +0.049*[#  24]+0.049*[#  27]+0.046*[#   6]+0.046*[#   7]+0.046*[#   9]
          +0.012*[#  21]+0.012*[#  22]+0.012*[#  23]+0.011*[#   2]+0.011*[#   3]
          +0.011*[#   4]+0.008*[#   1]+0.006*[#  11]+0.004*[#  20]
    |psi|^2 = 0.997
==== e(  19) =    11.11762 eV ==== 
     psi = 0.136*[#  16]+0.136*[#  17]+0.136*[#  19]+0.097*[#  15]+0.097*[#  18]
          +0.068*[#  25]+0.068*[#  26]+0.068*[#  28]+0.028*[#   6]+0.028*[#   7]
          +0.028*[#   9]+0.023*[#   5]+0.023*[#   8]+0.016*[#  24]+0.016*[#  27]
          +0.007*[#   2]+0.007*[#   3]+0.007*[#   4]+0.003*[#  21]+0.003*[#  22]
          +0.003*[#  23]
    |psi|^2 = 0.997
==== e(  20) =    11.39961 eV ==== 
     psi = 0.201*[#  15]+0.201*[#  18]+0.094*[#  24]+0.094*[#  27]+0.090*[#  16]
          +0.090*[#  17]+0.090*[#  19]+0.028*[#  25]+0.028*[#  26]+0.028*[#  28]
          +0.007*[#   1]+0.005*[#   2]+0.005*[#   3]+0.005*[#   4]+0.004*[#   6]
          +0.004*[#   7]+0.004*[#   9]+0.004*[#  21]+0.004*[#  22]+0.004*[#  23]
          +0.003*[#   5]+0.003*[#   8]+0.002*[#  11]
    |psi|^2 = 0.999
==== e(  21) =    13.35591 eV ==== 
     psi = 0.138*[#  20]+0.074*[#   2]+0.074*[#   3]+0.074*[#   4]+0.070*[#  21]
          +0.070*[#  22]+0.070*[#  23]+0.046*[#  16]+0.046*[#  17]+0.046*[#  19]
          +0.043*[#  11]+0.041*[#   1]+0.034*[#  25]+0.034*[#  26]+0.034*[#  28]
          +0.019*[#   6]+0.019*[#   7]+0.019*[#   9]+0.010*[#  15]+0.010*[#  18]
          +0.004*[#   5]+0.004*[#   8]
    |psi|^2 = 0.984
==== e(  22) =    15.16760 eV ==== 
     psi = 0.120*[#  11]+0.112*[#   1]+0.085*[#  21]+0.085*[#  22]+0.085*[#  23]
          +0.081*[#   2]+0.081*[#   3]+0.081*[#   4]+0.069*[#  20]+0.020*[#  24]
          +0.020*[#  27]+0.015*[#  15]+0.015*[#  18]+0.014*[#  25]+0.014*[#  26]
          +0.014*[#  28]+0.011*[#  16]+0.011*[#  17]+0.011*[#  19]+0.006*[#   5]
          +0.006*[#   8]+0.006*[#   6]+0.006*[#   7]+0.006*[#   9]+0.001*[#  10]
          
    |psi|^2 = 0.975
==== e(  23) =    15.35862 eV ==== 
     psi = 0.144*[#  21]+0.144*[#  22]+0.144*[#  23]+0.131*[#   2]+0.131*[#   3]
          +0.131*[#   4]+0.015*[#  25]+0.015*[#  26]+0.015*[#  28]+0.012*[#  16]
          +0.012*[#  17]+0.012*[#  19]+0.006*[#  15]+0.006*[#  18]+0.006*[#   6]
          +0.006*[#   7]+0.006*[#   9]+0.002*[#   5]+0.002*[#   8]+0.002*[#  24]
          +0.002*[#  27]
    |psi|^2 = 0.947
==== e(  24) =    19.21184 eV ==== 
     psi = 0.261*[#  11]+0.254*[#   1]+0.134*[#  20]+0.051*[#   2]+0.051*[#   3]
          +0.051*[#   4]+0.020*[#  25]+0.020*[#  26]+0.020*[#  28]+0.013*[#  21]
          +0.013*[#  22]+0.013*[#  23]+0.007*[#  10]+0.003*[#  16]+0.003*[#  17]
          +0.003*[#  19]+0.003*[#  24]+0.003*[#  27]+0.002*[#   6]+0.002*[#   7]
          +0.002*[#   9]+0.001*[#  15]+0.001*[#  18]
    |psi|^2 = 0.930
==== e(  25) =    20.90055 eV ==== 
     psi = 0.206*[#  20]+0.111*[#  11]+0.106*[#   1]+0.079*[#   2]+0.079*[#   3]
          +0.079*[#   4]+0.033*[#  21]+0.033*[#  22]+0.033*[#  23]+0.007*[#  25]
          +0.007*[#  26]+0.007*[#  28]+0.005*[#  10]+0.003*[#  16]+0.003*[#  17]
          +0.003*[#  19]+0.001*[#   6]+0.001*[#   7]+0.001*[#   9]+0.001*[#  24]
          +0.001*[#  27]
    |psi|^2 = 0.805
==== e(  26) =    24.36881 eV ==== 
     psi = 0.084*[#   1]+0.077*[#   2]+0.077*[#   3]+0.077*[#   4]+0.065*[#  11]
          +0.055*[#  20]+0.040*[#  21]+0.040*[#  22]+0.040*[#  23]+0.004*[#  10]
          +0.002*[#  25]+0.002*[#  26]+0.002*[#  28]
    |psi|^2 = 0.567
==== e(  27) =    24.56262 eV ==== 
     psi = 0.113*[#   2]+0.113*[#   3]+0.113*[#   4]+0.062*[#  21]+0.062*[#  22]
          +0.062*[#  23]+0.002*[#  25]+0.002*[#  26]+0.002*[#  28]+0.001*[#  15]
          +0.001*[#  18]+0.001*[#  24]+0.001*[#  27]
    |psi|^2 = 0.540
==== e(  28) =    25.80003 eV ==== 
     psi = 0.072*[#  21]+0.072*[#  22]+0.072*[#  23]+0.063*[#  11]+0.040*[#   2]
          +0.040*[#   3]+0.040*[#   4]+0.038*[#   1]+0.023*[#  20]+0.002*[#  10]
          +0.001*[#  25]+0.001*[#  26]+0.001*[#  28]
    |psi|^2 = 0.470

 k =   0.7500000000 -0.2500000000  0.7500000000
==== e(   1) =   -91.24289 eV ==== 
     psi = 0.957*[#  10]+0.008*[#  21]+0.008*[#  22]+0.008*[#  23]+0.006*[#  11]
          +0.003*[#   2]+0.003*[#   3]+0.003*[#   4]
    |psi|^2 = 1.000
==== e(   2) =   -51.63468 eV ==== 
     psi = 0.332*[#  12]+0.332*[#  13]+0.332*[#  14]
    |psi|^2 = 1.000
==== e(   3) =   -51.63443 eV ==== 
     psi = 0.332*[#  12]+0.332*[#  13]+0.332*[#  14]
    |psi|^2 = 1.000
==== e(   4) =   -51.63442 eV ==== 
     psi = 0.333*[#  12]+0.333*[#  13]+0.333*[#  14]
    |psi|^2 = 1.000
==== e(   5) =     6.43596 eV ==== 
     psi = 0.186*[#  20]+0.116*[#   1]+0.079*[#  11]+0.069*[#   2]+0.069*[#   3]
          +0.069*[#   4]+0.063*[#  25]+0.063*[#  26]+0.063*[#  28]+0.042*[#  21]
          +0.042*[#  22]+0.042*[#  23]+0.010*[#   6]+0.010*[#   7]+0.010*[#   9]
          +0.008*[#  15]+0.008*[#  18]+0.007*[#  16]+0.007*[#  17]+0.007*[#  19]
          +0.007*[#   5]+0.007*[#   8]+0.006*[#  10]+0.003*[#  24]+0.003*[#  27]
          
    |psi|^2 = 0.997
==== e(   6) =     7.05719 eV ==== 
     psi = 0.184*[#  25]+0.184*[#  26]+0.184*[#  28]+0.060*[#  11]+0.052*[#   1]
          +0.052*[#   5]+0.052*[#   8]+0.028*[#  15]+0.028*[#  18]+0.021*[#  21]
          +0.021*[#  22]+0.021*[#  23]+0.017*[#   6]+0.017*[#   7]+0.017*[#   9]
          +0.008*[#   2]+0.008*[#   3]+0.008*[#   4]+0.008*[#  16]+0.008*[#  17]
          +0.008*[#  19]+0.007*[#  20]+0.003*[#  10]+0.001*[#  24]+0.001*[#  27]
          
    |psi|^2 = 0.998
==== e(   7) =     7.58098 eV ==== 
     psi = 0.278*[#  24]+0.278*[#  27]+0.059*[#   6]+0.059*[#   7]+0.059*[#   9]
          +0.026*[#  16]+0.026*[#  17]+0.026*[#  19]+0.020*[#   2]+0.020*[#   3]
          +0.020*[#   4]+0.018*[#   5]+0.018*[#   8]+0.016*[#  15]+0.016*[#  18]
          +0.009*[#  25]+0.009*[#  26]+0.009*[#  28]+0.008*[#  21]+0.008*[#  22]
          +0.008*[#  23]+0.003*[#  20]+0.003*[#   1]
    |psi|^2 = 0.998
==== e(   8) =     7.75897 eV ==== 
     psi = 0.200*[#  25]+0.200*[#  26]+0.200*[#  28]+0.059*[#   6]+0.059*[#   7]
          +0.059*[#   9]+0.036*[#   5]+0.036*[#   8]+0.026*[#  16]+0.026*[#  17]
          +0.026*[#  19]+0.019*[#  15]+0.019*[#  18]+0.010*[#  24]+0.010*[#  27]
          +0.004*[#   2]+0.004*[#   3]+0.004*[#   4]
    |psi|^2 = 0.998
==== e(   9) =     7.82512 eV ==== 
     psi = 0.136*[#  25]+0.136*[#  26]+0.136*[#  28]+0.084*[#  20]+0.083*[#   6]
          +0.083*[#   7]+0.083*[#   9]+0.052*[#  16]+0.052*[#  17]+0.052*[#  19]
          +0.016*[#   2]+0.016*[#   3]+0.016*[#   4]+0.011*[#   5]+0.011*[#   8]
          +0.009*[#  24]+0.009*[#  27]+0.006*[#  15]+0.006*[#  18]+0.004*[#   1]
          +0.002*[#  11]
    |psi|^2 = 0.999
==== e(  10) =     8.47300 eV ==== 
     psi = 0.261*[#  24]+0.261*[#  27]+0.093*[#   5]+0.093*[#   8]+0.049*[#   6]
          +0.049*[#   7]+0.049*[#   9]+0.031*[#  15]+0.031*[#  18]+0.018*[#  16]
          +0.018*[#  17]+0.018*[#  19]+0.006*[#  25]+0.006*[#  26]+0.006*[#  28]
          +0.003*[#   2]+0.003*[#   3]+0.003*[#   4]
    |psi|^2 = 0.998
==== e(  11) =     8.85143 eV ==== 
     psi = 0.131*[#   5]+0.131*[#   8]+0.102*[#   6]+0.102*[#   7]+0.102*[#   9]
          +0.034*[#  21]+0.034*[#  22]+0.034*[#  23]+0.031*[#  15]+0.031*[#  18]
          +0.031*[#  11]+0.026*[#  25]+0.026*[#  26]+0.026*[#  28]+0.024*[#   1]
          +0.022*[#  16]+0.022*[#  17]+0.022*[#  19]+0.015*[#  20]+0.010*[#   2]
          +0.010*[#   3]+0.010*[#   4]+0.010*[#  24]+0.010*[#  27]+0.001*[#  10]
          
    |psi|^2 = 0.998
==== e(  12) =     9.49990 eV ==== 
     psi = 0.258*[#   5]+0.258*[#   8]+0.080*[#  24]+0.080*[#  27]+0.047*[#   6]
          +0.047*[#   7]+0.047*[#   9]+0.035*[#  16]+0.035*[#  17]+0.035*[#  19]
          +0.024*[#  15]+0.024*[#  18]+0.004*[#  25]+0.004*[#  26]+0.004*[#  28]
          +0.003*[#   2]+0.003*[#   3]+0.003*[#   4]+0.002*[#  21]+0.002*[#  22]
          +0.002*[#  23]
    |psi|^2 = 0.998
==== e(  13) =     9.66707 eV ==== 
     psi = 0.140*[#   6]+0.140*[#   7]+0.140*[#   9]+0.053*[#   5]+0.053*[#   8]
          +0.050*[#  15]+0.050*[#  18]+0.046*[#  16]+0.046*[#  17]+0.046*[#  19]
          +0.025*[#  21]+0.025*[#  22]+0.025*[#  23]+0.020*[#  25]+0.020*[#  26]
          +0.020*[#  28]+0.017*[#   1]+0.016*[#   2]+0.016*[#   3]+0.016*[#   4]
          +0.014*[#  11]+0.008*[#  20]+0.004*[#  24]+0.004*[#  27]+0.001*[#  10]
          
    |psi|^2 = 0.998
==== e(  14) =     9.80847 eV ==== 
     psi = 0.123*[#   6]+0.123*[#   7]+0.123*[#   9]+0.070*[#  15]+0.069*[#  16]
          +0.069*[#  17]+0.070*[#  18]+0.069*[#  19]+0.049*[#   5]+0.049*[#   8]
          +0.034*[#  24]+0.034*[#  27]+0.023*[#  25]+0.023*[#  26]+0.023*[#  28]
          +0.008*[#  21]+0.008*[#  22]+0.008*[#  23]+0.007*[#   2]+0.007*[#   3]
          +0.007*[#   4]
    |psi|^2 = 0.998
==== e(  15) =    10.05370 eV ==== 
     psi = 0.174*[#  16]+0.174*[#  17]+0.174*[#  19]+0.092*[#   6]+0.092*[#   7]
          +0.092*[#   9]+0.019*[#   1]+0.019*[#   5]+0.019*[#   8]+0.017*[#  15]
          +0.017*[#  18]+0.014*[#  21]+0.014*[#  22]+0.014*[#  23]+0.010*[#  24]
          +0.010*[#  27]+0.008*[#  25]+0.008*[#  26]+0.008*[#  28]+0.007*[#  20]
          +0.005*[#   2]+0.005*[#   3]+0.005*[#   4]
    |psi|^2 = 0.998
==== e(  16) =    10.22377 eV ==== 
     psi = 0.134*[#   5]+0.134*[#   8]+0.076*[#   6]+0.076*[#   7]+0.076*[#   9]
          +0.055*[#  16]+0.055*[#  17]+0.055*[#  19]+0.054*[#  15]+0.054*[#  18]
          +0.035*[#  25]+0.035*[#  26]+0.035*[#  28]+0.021*[#  11]+0.019*[#  24]
          +0.019*[#  27]+0.011*[#  21]+0.011*[#  22]+0.011*[#  23]+0.009*[#   2]
          +0.009*[#   3]+0.009*[#   4]+0.004*[#  20]+0.002*[#   1]
    |psi|^2 = 0.998
==== e(  17) =    10.66129 eV ==== 
     psi = 0.293*[#  15]+0.293*[#  18]+0.094*[#  24]+0.094*[#  27]+0.048*[#   5]
          +0.048*[#   8]+0.020*[#  16]+0.020*[#  17]+0.020*[#  19]+0.017*[#   6]
          +0.017*[#   7]+0.017*[#   9]+0.003*[#   2]+0.003*[#   3]+0.003*[#   4]
          +0.002*[#  21]+0.002*[#  22]+0.002*[#  23]+0.001*[#  25]+0.001*[#  26]
          +0.001*[#  28]
    |psi|^2 = 0.999
==== e(  18) =    10.96333 eV ==== 
     psi = 0.115*[#  15]+0.115*[#  18]+0.067*[#  16]+0.067*[#  17]+0.067*[#  19]
          +0.054*[#   5]+0.054*[#   8]+0.044*[#  25]+0.044*[#  26]+0.044*[#  28]
          +0.038*[#  24]+0.038*[#  27]+0.035*[#   6]+0.035*[#   7]+0.035*[#   9]
          +0.024*[#  21]+0.024*[#  22]+0.024*[#  23]+0.020*[#   1]+0.012*[#   2]
          +0.012*[#   3]+0.012*[#   4]+0.010*[#  11]+0.007*[#  20]
    |psi|^2 = 0.997
==== e(  19) =    11.31172 eV ==== 
     psi = 0.157*[#  16]+0.157*[#  17]+0.157*[#  19]+0.088*[#  25]+0.088*[#  26]
          +0.088*[#  28]+0.047*[#  15]+0.047*[#  18]+0.034*[#   6]+0.034*[#   7]
          +0.034*[#   9]+0.014*[#  24]+0.014*[#  27]+0.010*[#   5]+0.010*[#   8]
          +0.004*[#   2]+0.004*[#   3]+0.004*[#   4]+0.002*[#  21]+0.002*[#  22]
          +0.002*[#  23]
    |psi|^2 = 0.997
==== e(  20) =    11.42496 eV ==== 
     psi = 0.137*[#  15]+0.137*[#  18]+0.098*[#  24]+0.098*[#  27]+0.096*[#  16]
          +0.096*[#  17]+0.096*[#  19]+0.035*[#  25]+0.035*[#  26]+0.035*[#  28]
          +0.013*[#   2]+0.013*[#   3]+0.013*[#   4]+0.011*[#  21]+0.011*[#  22]
          +0.011*[#  23]+0.011*[#   6]+0.011*[#   7]+0.011*[#   9]+0.008*[#  11]
          +0.007*[#   5]+0.007*[#   8]+0.006*[#   1]
    |psi|^2 = 0.999
==== e(  21) =    12.21552 eV ==== 
     psi = 0.095*[#  16]+0.095*[#  17]+0.095*[#  19]+0.089*[#  20]+0.060*[#  25]
          +0.060*[#  26]+0.060*[#  28]+0.052*[#   2]+0.052*[#   3]+0.052*[#   4]
          +0.037*[#  21]+0.037*[#  22]+0.037*[#  23]+0.031*[#   6]+0.031*[#   7]
          +0.031*[#   9]+0.025*[#  11]+0.022*[#   1]+0.014*[#  15]+0.014*[#  18]
          +0.003*[#   5]+0.003*[#   8]
    |psi|^2 = 0.993
==== e(  22) =    14.51863 eV ==== 
     psi = 0.107*[#  11]+0.098*[#   1]+0.088*[#  21]+0.088*[#  22]+0.088*[#  23]
          +0.074*[#   2]+0.074*[#   3]+0.074*[#   4]+0.072*[#  20]+0.024*[#  24]
          +0.024*[#  27]+0.021*[#  15]+0.021*[#  18]+0.017*[#  25]+0.017*[#  26]
          +0.017*[#  28]+0.013*[#  16]+0.013*[#  17]+0.013*[#  19]+0.010*[#   5]
          +0.010*[#   8]+0.007*[#   6]+0.007*[#   7]+0.007*[#   9]
    |psi|^2 = 0.983
==== e(  23) =    15.38172 eV ==== 
     psi = 0.151*[#  21]+0.151*[#  22]+0.151*[#  23]+0.127*[#   2]+0.127*[#   3]
          +0.127*[#   4]+0.012*[#  15]+0.012*[#  18]+0.008*[#  25]+0.008*[#  26]
          +0.008*[#  28]+0.007*[#  16]+0.007*[#  17]+0.007*[#  19]+0.005*[#   5]
          +0.005*[#   8]+0.005*[#  24]+0.005*[#  27]+0.003*[#   6]+0.003*[#   7]
          +0.003*[#   9]
    |psi|^2 = 0.933
==== e(  24) =    19.25489 eV ==== 
     psi = 0.243*[#   1]+0.242*[#  11]+0.125*[#  20]+0.064*[#   2]+0.064*[#   3]
          +0.064*[#   4]+0.018*[#  25]+0.018*[#  26]+0.018*[#  28]+0.012*[#  21]
          +0.012*[#  22]+0.012*[#  23]+0.006*[#  10]+0.003*[#  16]+0.003*[#  17]
          +0.003*[#  19]+0.003*[#  24]+0.003*[#  27]+0.002*[#   6]+0.002*[#   7]
          +0.002*[#   9]+0.001*[#  15]+0.001*[#  18]
    |psi|^2 = 0.923
==== e(  25) =    22.27777 eV ==== 
     psi = 0.203*[#  20]+0.096*[#   1]+0.083*[#   2]+0.083*[#   3]+0.083*[#   4]
          +0.083*[#  11]+0.027*[#  21]+0.027*[#  22]+0.027*[#  23]+0.005*[#  25]
          +0.005*[#  26]+0.005*[#  28]+0.003*[#  10]+0.002*[#  16]+0.002*[#  17]
          +0.002*[#  19]+0.001*[#   6]+0.001*[#   7]+0.001*[#   9]
    |psi|^2 = 0.743
==== e(  26) =    23.99023 eV ==== 
     psi = 0.134*[#   1]+0.122*[#  11]+0.082*[#  20]+0.061*[#   2]+0.061*[#   3]
          +0.061*[#   4]+0.050*[#  21]+0.050*[#  22]+0.050*[#  23]+0.007*[#  10]
          +0.003*[#  25]+0.003*[#  26]+0.003*[#  28]
    |psi|^2 = 0.688
==== e(  27) =    24.19144 eV ==== 
     psi = 0.127*[#   2]+0.127*[#   3]+0.127*[#   4]+0.064*[#  21]+0.064*[#  22]
          +0.064*[#  23]+0.003*[#  25]+0.003*[#  26]+0.003*[#  28]+0.002*[#  15]
          +0.002*[#  18]+0.002*[#  24]+0.002*[#  27]
    |psi|^2 = 0.593
==== e(  28) =    25.95159 eV ==== 
     psi = 0.086*[#  21]+0.086*[#  22]+0.086*[#  23]+0.076*[#  11]+0.043*[#   2]
          +0.043*[#   3]+0.043*[#   4]+0.026*[#  20]+0.026*[#   1]+0.003*[#  10]
          +0.001*[#  25]+0.001*[#  26]+0.001*[#  28]
    |psi|^2 = 0.523

 k =   0.6666666667 -0.1666666667  0.6666666667
==== e(   1) =   -91.24293 eV ==== 
     psi = 0.958*[#  10]+0.007*[#  21]+0.007*[#  22]+0.007*[#  23]+0.006*[#  11]
          +0.004*[#   2]+0.004*[#   3]+0.004*[#   4]
    |psi|^2 = 1.000
==== e(   2) =   -51.63476 eV ==== 
     psi = 0.332*[#  12]+0.332*[#  13]+0.332*[#  14]+0.001*[#  20]
    |psi|^2 = 1.000
==== e(   3) =   -51.63446 eV ==== 
     psi = 0.332*[#  12]+0.332*[#  13]+0.332*[#  14]
    |psi|^2 = 1.000
==== e(   4) =   -51.63443 eV ==== 
     psi = 0.333*[#  12]+0.333*[#  13]+0.333*[#  14]
    |psi|^2 = 1.000
==== e(   5) =     6.54983 eV ==== 
     psi = 0.153*[#  20]+0.112*[#   1]+0.109*[#  25]+0.109*[#  26]+0.109*[#  28]
          +0.075*[#  11]+0.050*[#   2]+0.050*[#   3]+0.050*[#   4]+0.022*[#  21]
          +0.022*[#  22]+0.022*[#  23]+0.014*[#   5]+0.014*[#   8]+0.014*[#  15]
          +0.014*[#  18]+0.010*[#   6]+0.010*[#   7]+0.010*[#   9]+0.007*[#  16]
          +0.007*[#  17]+0.007*[#  19]+0.004*[#  10]
    |psi|^2 = 0.998
==== e(   6) =     7.20236 eV ==== 
     psi = 0.163*[#  25]+0.163*[#  26]+0.163*[#  28]+0.057*[#  11]+0.057*[#   1]
          +0.041*[#   5]+0.041*[#   8]+0.030*[#  21]+0.030*[#  22]+0.030*[#  23]
          +0.029*[#   6]+0.029*[#   7]+0.029*[#   9]+0.022*[#  15]+0.022*[#  18]
          +0.017*[#  20]+0.013*[#  16]+0.013*[#  17]+0.013*[#  19]+0.011*[#   2]
          +0.011*[#   3]+0.011*[#   4]+0.003*[#  10]
    |psi|^2 = 0.998
==== e(   7) =     7.65499 eV ==== 
     psi = 0.248*[#  24]+0.248*[#  27]+0.067*[#   6]+0.067*[#   7]+0.067*[#   9]
          +0.025*[#  16]+0.025*[#  17]+0.025*[#  19]+0.020*[#   2]+0.020*[#   3]
          +0.020*[#   4]+0.019*[#   5]+0.019*[#   8]+0.015*[#  25]+0.015*[#  26]
          +0.015*[#  28]+0.014*[#  20]+0.013*[#  21]+0.013*[#  22]+0.013*[#  23]
          +0.013*[#  15]+0.013*[#  18]
    |psi|^2 = 0.998
==== e(   8) =     7.72269 eV ==== 
     psi = 0.200*[#  25]+0.200*[#  26]+0.200*[#  28]+0.057*[#   6]+0.057*[#   7]
          +0.057*[#   9]+0.044*[#   5]+0.044*[#   8]+0.022*[#  16]+0.022*[#  17]
          +0.022*[#  19]+0.021*[#  15]+0.021*[#  18]+0.009*[#  24]+0.009*[#  27]
          +0.004*[#   2]+0.004*[#   3]+0.004*[#   4]
    |psi|^2 = 0.998
==== e(   9) =     7.77610 eV ==== 
     psi = 0.124*[#  20]+0.092*[#  25]+0.092*[#  26]+0.092*[#  28]+0.071*[#   6]
          +0.071*[#   7]+0.071*[#   9]+0.048*[#  16]+0.048*[#  17]+0.048*[#  19]
          +0.043*[#  24]+0.043*[#  27]+0.034*[#   2]+0.034*[#   3]+0.034*[#   4]
          +0.016*[#   5]+0.016*[#   8]+0.006*[#   1]+0.006*[#  15]+0.006*[#  18]
          +0.003*[#  11]+0.001*[#  21]+0.001*[#  22]+0.001*[#  23]
    |psi|^2 = 0.998
==== e(  10) =     8.44095 eV ==== 
     psi = 0.303*[#  24]+0.303*[#  27]+0.046*[#   5]+0.046*[#   8]+0.045*[#   6]
          +0.045*[#   7]+0.045*[#   9]+0.028*[#  16]+0.028*[#  17]+0.028*[#  19]
          +0.020*[#  15]+0.020*[#  18]+0.007*[#  25]+0.007*[#  26]+0.007*[#  28]
          +0.006*[#   2]+0.006*[#   3]+0.006*[#   4]
    |psi|^2 = 0.997
==== e(  11) =     9.03166 eV ==== 
     psi = 0.131*[#   5]+0.131*[#   8]+0.096*[#   6]+0.096*[#   7]+0.096*[#   9]
          +0.039*[#  21]+0.039*[#  22]+0.039*[#  23]+0.037*[#  11]+0.027*[#  16]
          +0.027*[#  17]+0.027*[#  19]+0.026*[#   1]+0.023*[#  25]+0.023*[#  26]
          +0.023*[#  28]+0.022*[#  15]+0.022*[#  18]+0.015*[#   2]+0.015*[#   3]
          +0.015*[#   4]+0.013*[#  24]+0.013*[#  27]+0.002*[#  20]+0.002*[#  10]
          
    |psi|^2 = 0.998
==== e(  12) =     9.32249 eV ==== 
     psi = 0.294*[#   5]+0.294*[#   8]+0.083*[#   6]+0.083*[#   7]+0.083*[#   9]
          +0.027*[#  24]+0.027*[#  27]+0.021*[#  15]+0.021*[#  18]+0.014*[#  16]
          +0.014*[#  17]+0.014*[#  19]+0.005*[#  21]+0.005*[#  22]+0.005*[#  23]
          +0.002*[#   2]+0.002*[#   3]+0.002*[#   4]+0.002*[#  25]+0.002*[#  26]
          +0.002*[#  28]
    |psi|^2 = 0.997
==== e(  13) =     9.66532 eV ==== 
     psi = 0.127*[#   6]+0.127*[#   7]+0.127*[#   9]+0.080*[#   5]+0.080*[#   8]
          +0.050*[#  15]+0.050*[#  18]+0.042*[#  16]+0.042*[#  17]+0.042*[#  19]
          +0.027*[#  21]+0.027*[#  22]+0.027*[#  23]+0.024*[#   2]+0.024*[#   3]
          +0.024*[#   4]+0.019*[#   1]+0.016*[#  11]+0.014*[#  20]+0.007*[#  25]
          +0.007*[#  26]+0.007*[#  28]+0.004*[#  24]+0.004*[#  27]+0.002*[#  10]
          
    |psi|^2 = 0.997
==== e(  14) =     9.89364 eV ==== 
     psi = 0.125*[#  15]+0.125*[#  18]+0.097*[#  16]+0.097*[#  17]+0.097*[#  19]
          +0.075*[#   6]+0.075*[#   7]+0.075*[#   9]+0.041*[#   5]+0.041*[#   8]
          +0.028*[#  24]+0.028*[#  27]+0.018*[#  25]+0.018*[#  26]+0.018*[#  28]
          +0.006*[#  21]+0.006*[#  22]+0.006*[#  23]+0.006*[#   2]+0.006*[#   3]
          +0.006*[#   4]
    |psi|^2 = 0.998
==== e(  15) =     9.97828 eV ==== 
     psi = 0.102*[#  16]+0.102*[#  17]+0.102*[#  19]+0.065*[#  15]+0.065*[#  18]
          +0.060*[#   6]+0.060*[#   7]+0.060*[#   9]+0.046*[#   5]+0.046*[#   8]
          +0.036*[#   1]+0.034*[#  21]+0.034*[#  22]+0.034*[#  23]+0.027*[#  25]
          +0.027*[#  26]+0.027*[#  28]+0.016*[#  24]+0.016*[#  27]+0.010*[#   2]
          +0.010*[#   3]+0.010*[#   4]+0.004*[#  20]
    |psi|^2 = 0.997
==== e(  16) =    10.12728 eV ==== 
     psi = 0.110*[#   6]+0.110*[#   7]+0.110*[#   9]+0.098*[#  16]+0.098*[#  17]
          +0.098*[#  19]+0.078*[#   5]+0.078*[#   8]+0.026*[#  11]+0.026*[#  25]
          +0.026*[#  26]+0.026*[#  28]+0.018*[#  15]+0.018*[#  18]+0.011*[#  21]
          +0.011*[#  22]+0.011*[#  23]+0.010*[#  24]+0.010*[#  27]+0.005*[#   2]
          +0.005*[#   3]+0.005*[#   4]+0.004*[#   1]+0.003*[#  20]
    |psi|^2 = 0.997
==== e(  17) =    10.61827 eV ==== 
     psi = 0.236*[#  15]+0.236*[#  18]+0.110*[#  24]+0.110*[#  27]+0.063*[#   5]
          +0.063*[#   8]+0.038*[#   6]+0.038*[#   7]+0.038*[#   9]+0.011*[#  16]
          +0.011*[#  17]+0.011*[#  19]+0.008*[#  25]+0.008*[#  26]+0.008*[#  28]
          +0.002*[#   2]+0.002*[#   3]+0.002*[#   4]+0.001*[#  21]+0.001*[#  22]
          +0.001*[#  23]
    |psi|^2 = 0.999
==== e(  18) =    10.95994 eV ==== 
     psi = 0.128*[#  15]+0.128*[#  18]+0.059*[#  16]+0.059*[#  17]+0.059*[#  19]
          +0.046*[#   5]+0.046*[#   8]+0.044*[#  25]+0.044*[#  26]+0.044*[#  28]
          +0.041*[#   6]+0.041*[#   7]+0.041*[#   9]+0.031*[#  24]+0.031*[#  27]
          +0.025*[#  21]+0.025*[#  22]+0.025*[#  23]+0.024*[#   1]+0.014*[#   2]
          +0.014*[#   3]+0.014*[#   4]+0.008*[#  11]+0.007*[#  20]
    |psi|^2 = 0.997
==== e(  19) =    11.37433 eV ==== 
     psi = 0.121*[#  15]+0.121*[#  18]+0.094*[#  16]+0.094*[#  17]+0.094*[#  19]
          +0.077*[#  24]+0.077*[#  27]+0.045*[#  25]+0.045*[#  26]+0.045*[#  28]
          +0.020*[#  21]+0.020*[#  22]+0.020*[#  23]+0.019*[#   2]+0.019*[#   3]
          +0.019*[#   4]+0.016*[#  11]+0.012*[#   5]+0.012*[#   8]+0.007*[#   1]
          +0.007*[#   6]+0.007*[#   7]+0.007*[#   9]+0.001*[#  20]+0.001*[#  10]
          
    |psi|^2 = 0.998
==== e(  20) =    11.43000 eV ==== 
     psi = 0.156*[#  16]+0.156*[#  17]+0.156*[#  19]+0.091*[#  25]+0.091*[#  26]
          +0.091*[#  28]+0.058*[#  15]+0.058*[#  18]+0.033*[#   6]+0.033*[#   7]
          +0.033*[#   9]+0.014*[#  24]+0.014*[#  27]+0.004*[#   5]+0.004*[#   8]
          +0.002*[#   2]+0.002*[#   3]+0.002*[#   4]
    |psi|^2 = 0.997
==== e(  21) =    11.87916 eV ==== 
     psi = 0.126*[#  16]+0.126*[#  17]+0.126*[#  19]+0.067*[#  20]+0.066*[#  25]
          +0.066*[#  26]+0.066*[#  28]+0.038*[#   6]+0.038*[#   7]+0.038*[#   9]
          +0.033*[#   2]+0.033*[#   3]+0.033*[#   4]+0.032*[#  24]+0.032*[#  27]
          +0.012*[#  15]+0.012*[#  18]+0.009*[#  11]+0.009*[#  21]+0.009*[#  22]
          +0.009*[#  23]+0.005*[#   5]+0.005*[#   8]+0.004*[#   1]
    |psi|^2 = 0.996
==== e(  22) =    14.04489 eV ==== 
     psi = 0.092*[#  11]+0.091*[#  21]+0.091*[#  22]+0.091*[#  23]+0.090*[#   1]
          +0.075*[#  20]+0.064*[#   2]+0.064*[#   3]+0.064*[#   4]+0.027*[#  15]
          +0.027*[#  18]+0.023*[#  25]+0.023*[#  26]+0.023*[#  28]+0.020*[#  24]
          +0.020*[#  27]+0.018*[#  16]+0.018*[#  17]+0.018*[#  19]+0.012*[#   5]
          +0.012*[#   8]+0.008*[#   6]+0.008*[#   7]+0.008*[#   9]
    |psi|^2 = 0.987
==== e(  23) =    15.77989 eV ==== 
     psi = 0.151*[#  21]+0.151*[#  22]+0.151*[#  23]+0.121*[#   2]+0.121*[#   3]
          +0.121*[#   4]+0.015*[#  15]+0.015*[#  18]+0.007*[#  24]+0.007*[#  27]
          +0.006*[#   5]+0.006*[#   8]+0.004*[#  16]+0.004*[#  17]+0.004*[#  19]
          +0.002*[#  25]+0.002*[#  26]+0.002*[#  28]+0.002*[#   6]+0.002*[#   7]
          +0.002*[#   9]
    |psi|^2 = 0.899
==== e(  24) =    19.36229 eV ==== 
     psi = 0.247*[#   1]+0.229*[#  11]+0.083*[#  20]+0.076*[#   2]+0.076*[#   3]
          +0.076*[#   4]+0.017*[#  25]+0.017*[#  26]+0.017*[#  28]+0.014*[#  21]
          +0.014*[#  22]+0.014*[#  23]+0.006*[#  10]+0.003*[#  24]+0.003*[#  27]
          +0.003*[#  16]+0.003*[#  17]+0.003*[#  19]+0.002*[#   6]+0.002*[#   7]
          +0.002*[#   9]+0.001*[#  15]+0.001*[#  18]
    |psi|^2 = 0.909
==== e(  25) =    23.56798 eV ==== 
     psi = 0.235*[#  20]+0.151*[#  11]+0.095*[#   2]+0.095*[#   3]+0.095*[#   4]
          +0.065*[#   1]+0.027*[#  21]+0.027*[#  22]+0.027*[#  23]+0.007*[#  10]
          +0.003*[#  25]+0.003*[#  26]+0.003*[#  28]
    |psi|^2 = 0.842
==== e(  26) =    23.75672 eV ==== 
     psi = 0.135*[#   2]+0.135*[#   3]+0.135*[#   4]+0.051*[#  21]+0.051*[#  22]
          +0.051*[#  23]+0.004*[#  25]+0.004*[#  26]+0.004*[#  28]+0.003*[#  15]
          +0.003*[#  18]+0.002*[#  24]+0.002*[#  27]
    |psi|^2 = 0.585
==== e(  27) =    23.82511 eV ==== 
     psi = 0.128*[#   1]+0.076*[#  20]+0.055*[#  11]+0.039*[#  21]+0.039*[#  22]
          +0.039*[#  23]+0.037*[#   2]+0.037*[#   3]+0.037*[#   4]+0.003*[#  25]
          +0.003*[#  26]+0.003*[#  28]+0.003*[#  10]+0.001*[#  16]+0.001*[#  17]
          +0.001*[#  19]
    |psi|^2 = 0.505
==== e(  28) =    25.93850 eV ==== 
     psi = 0.083*[#  11]+0.061*[#  21]+0.061*[#  22]+0.061*[#  23]+0.043*[#  20]
          +0.038*[#   2]+0.038*[#   3]+0.038*[#   4]+0.023*[#   1]+0.004*[#  10]
          
    |psi|^2 = 0.453

 k =   0.5833333333 -0.0833333333  0.5833333333
==== e(   1) =   -91.24294 eV ==== 
     psi = 0.957*[#  10]+0.007*[#  21]+0.007*[#  22]+0.007*[#  23]+0.006*[#  11]
          +0.004*[#   2]+0.004*[#   3]+0.004*[#   4]
    |psi|^2 = 1.000
==== e(   2) =   -51.63471 eV ==== 
     psi = 0.332*[#  12]+0.332*[#  13]+0.332*[#  14]+0.001*[#  20]
    |psi|^2 = 1.000
==== e(   3) =   -51.63447 eV ==== 
     psi = 0.333*[#  12]+0.333*[#  13]+0.333*[#  14]
    |psi|^2 = 1.000
==== e(   4) =   -51.63444 eV ==== 
     psi = 0.332*[#  12]+0.332*[#  13]+0.332*[#  14]+0.001*[#  21]+0.001*[#  22]
          +0.001*[#  23]
    |psi|^2 = 1.000
==== e(   5) =     6.31337 eV ==== 
     psi = 0.176*[#  20]+0.117*[#   1]+0.081*[#  11]+0.070*[#  25]+0.070*[#  26]
          +0.070*[#  28]+0.062*[#   2]+0.062*[#   3]+0.062*[#   4]+0.041*[#  21]
          +0.041*[#  22]+0.041*[#  23]+0.012*[#   6]+0.012*[#   7]+0.012*[#   9]
          +0.009*[#  15]+0.009*[#  18]+0.009*[#   5]+0.009*[#   8]+0.008*[#  16]
          +0.008*[#  17]+0.008*[#  19]+0.007*[#  10]
    |psi|^2 = 0.998
==== e(   6) =     7.30789 eV ==== 
     psi = 0.203*[#  25]+0.203*[#  26]+0.203*[#  28]+0.063*[#   1]+0.058*[#  11]
          +0.031*[#   5]+0.031*[#   8]+0.025*[#   6]+0.025*[#   7]+0.025*[#   9]
          +0.019*[#  21]+0.019*[#  22]+0.019*[#  23]+0.014*[#  15]+0.014*[#  18]
          +0.010*[#  16]+0.010*[#  17]+0.010*[#  19]+0.004*[#   2]+0.004*[#   3]
          +0.004*[#   4]+0.002*[#  20]+0.002*[#  10]
    |psi|^2 = 0.998
==== e(   7) =     7.65752 eV ==== 
     psi = 0.099*[#  25]+0.099*[#  26]+0.099*[#  28]+0.083*[#  24]+0.083*[#  27]
          +0.065*[#  20]+0.054*[#   6]+0.054*[#   7]+0.054*[#   9]+0.047*[#   5]
          +0.047*[#   8]+0.030*[#  15]+0.030*[#  18]+0.025*[#  16]+0.025*[#  17]
          +0.025*[#  19]+0.019*[#   2]+0.019*[#   3]+0.019*[#   4]+0.005*[#  21]
          +0.005*[#  22]+0.005*[#  23]+0.002*[#   1]+0.002*[#  11]
    |psi|^2 = 0.998
==== e(   8) =     7.69244 eV ==== 
     psi = 0.202*[#  25]+0.202*[#  26]+0.202*[#  28]+0.057*[#   6]+0.057*[#   7]
          +0.057*[#   9]+0.050*[#   5]+0.050*[#   8]+0.018*[#  16]+0.018*[#  17]
          +0.018*[#  19]+0.018*[#  15]+0.018*[#  18]+0.009*[#  24]+0.009*[#  27]
          +0.004*[#   2]+0.004*[#   3]+0.004*[#   4]
    |psi|^2 = 0.997
==== e(   9) =     7.81434 eV ==== 
     psi = 0.201*[#  24]+0.201*[#  27]+0.079*[#   6]+0.079*[#   7]+0.079*[#   9]
          +0.051*[#  20]+0.042*[#  16]+0.042*[#  17]+0.042*[#  19]+0.026*[#   2]
          +0.026*[#   3]+0.026*[#   4]+0.019*[#  25]+0.019*[#  26]+0.019*[#  28]
          +0.011*[#   5]+0.011*[#   8]+0.007*[#  21]+0.007*[#  22]+0.007*[#  23]
          +0.002*[#  15]+0.002*[#  18]
    |psi|^2 = 0.998
==== e(  10) =     8.27057 eV ==== 
     psi = 0.309*[#  24]+0.309*[#  27]+0.040*[#   5]+0.040*[#   8]+0.037*[#  15]
          +0.037*[#  18]+0.031*[#  16]+0.031*[#  17]+0.031*[#  19]+0.024*[#   6]
          +0.024*[#   7]+0.024*[#   9]+0.010*[#  25]+0.010*[#  26]+0.010*[#  28]
          +0.009*[#   2]+0.009*[#   3]+0.009*[#   4]
    |psi|^2 = 0.997
==== e(  11) =     9.18817 eV ==== 
     psi = 0.129*[#   6]+0.129*[#   7]+0.129*[#   9]+0.104*[#   5]+0.104*[#   8]
          +0.040*[#  11]+0.033*[#  21]+0.033*[#  22]+0.033*[#  23]+0.023*[#   2]
          +0.023*[#   3]+0.023*[#   4]+0.023*[#  16]+0.023*[#  17]+0.023*[#  19]
          +0.018*[#  24]+0.018*[#  27]+0.017*[#  15]+0.017*[#  18]+0.014*[#   1]
          +0.014*[#  25]+0.014*[#  26]+0.014*[#  28]+0.002*[#  20]+0.002*[#  10]
          
    |psi|^2 = 0.998
==== e(  12) =     9.24025 eV ==== 
     psi = 0.261*[#   5]+0.261*[#   8]+0.134*[#   6]+0.134*[#   7]+0.134*[#   9]
          +0.011*[#  16]+0.011*[#  17]+0.011*[#  19]+0.007*[#  21]+0.007*[#  22]
          +0.007*[#  23]+0.004*[#  15]+0.004*[#  18]+0.003*[#  24]+0.003*[#  27]
          
    |psi|^2 = 0.997
==== e(  13) =     9.61989 eV ==== 
     psi = 0.146*[#   6]+0.146*[#   7]+0.146*[#   9]+0.113*[#   5]+0.113*[#   8]
          +0.041*[#  16]+0.041*[#  17]+0.041*[#  19]+0.021*[#  21]+0.021*[#  22]
          +0.021*[#  23]+0.020*[#   1]+0.014*[#  15]+0.014*[#  18]+0.012*[#   2]
          +0.012*[#   3]+0.012*[#   4]+0.011*[#  11]+0.009*[#  24]+0.009*[#  25]
          +0.009*[#  26]+0.009*[#  27]+0.009*[#  28]+0.006*[#  20]+0.001*[#  10]
          
    |psi|^2 = 0.997
==== e(  14) =     9.86561 eV ==== 
     psi = 0.099*[#  15]+0.099*[#  18]+0.078*[#   5]+0.078*[#   8]+0.071*[#  16]
          +0.071*[#  17]+0.071*[#  19]+0.048*[#  25]+0.048*[#  26]+0.048*[#  28]
          +0.039*[#  21]+0.039*[#  22]+0.039*[#  23]+0.034*[#   1]+0.022*[#   6]
          +0.022*[#   7]+0.022*[#   9]+0.015*[#   2]+0.015*[#   3]+0.015*[#   4]
          +0.008*[#  20]+0.006*[#  24]+0.006*[#  27]+0.001*[#  11]
    |psi|^2 = 0.997
==== e(  15) =     9.99267 eV ==== 
     psi = 0.170*[#  15]+0.170*[#  18]+0.116*[#  16]+0.116*[#  17]+0.116*[#  19]
          +0.060*[#   5]+0.060*[#   8]+0.025*[#   6]+0.025*[#   7]+0.025*[#   9]
          +0.022*[#  24]+0.022*[#  27]+0.013*[#  25]+0.013*[#  26]+0.013*[#  28]
          +0.005*[#   2]+0.005*[#   3]+0.005*[#   4]+0.005*[#  21]+0.005*[#  22]
          +0.005*[#  23]
    |psi|^2 = 0.998
==== e(  16) =    10.10560 eV ==== 
     psi = 0.161*[#  16]+0.161*[#  17]+0.161*[#  19]+0.105*[#   6]+0.105*[#   7]
          +0.105*[#   9]+0.040*[#   5]+0.040*[#   8]+0.014*[#  11]+0.014*[#  25]
          +0.014*[#  26]+0.014*[#  28]+0.008*[#  21]+0.008*[#  22]+0.008*[#  23]
          +0.006*[#   1]+0.006*[#  20]+0.005*[#  24]+0.005*[#  27]+0.005*[#  15]
          +0.005*[#  18]+0.003*[#   2]+0.003*[#   3]+0.003*[#   4]
    |psi|^2 = 0.998
==== e(  17) =    10.61098 eV ==== 
     psi = 0.162*[#  15]+0.162*[#  18]+0.128*[#  24]+0.128*[#  27]+0.078*[#   5]
          +0.078*[#   8]+0.064*[#   6]+0.064*[#   7]+0.064*[#   9]+0.017*[#  25]
          +0.017*[#  26]+0.017*[#  28]+0.005*[#  16]+0.005*[#  17]+0.005*[#  19]
          +0.001*[#   2]+0.001*[#   3]+0.001*[#   4]
    |psi|^2 = 0.999
==== e(  18) =    10.89363 eV ==== 
     psi = 0.174*[#  15]+0.174*[#  18]+0.065*[#  24]+0.065*[#  27]+0.049*[#  16]
          +0.049*[#  17]+0.049*[#  19]+0.048*[#   6]+0.048*[#   7]+0.048*[#   9]
          +0.040*[#  25]+0.040*[#  26]+0.040*[#  28]+0.027*[#   5]+0.027*[#   8]
          +0.008*[#   2]+0.008*[#   3]+0.008*[#   4]+0.007*[#  21]+0.007*[#  22]
          +0.007*[#  23]+0.006*[#   1]+0.003*[#  20]+0.001*[#  11]
    |psi|^2 = 0.998
==== e(  19) =    11.18812 eV ==== 
     psi = 0.136*[#  16]+0.136*[#  17]+0.136*[#  19]+0.088*[#  15]+0.088*[#  18]
          +0.068*[#  24]+0.068*[#  27]+0.050*[#  25]+0.050*[#  26]+0.050*[#  28]
          +0.020*[#   5]+0.020*[#   8]+0.011*[#   2]+0.011*[#   3]+0.011*[#   4]
          +0.008*[#  21]+0.008*[#  22]+0.008*[#  23]+0.007*[#  11]+0.007*[#   1]
          +0.006*[#   6]+0.006*[#   7]+0.006*[#   9]
    |psi|^2 = 0.998
==== e(  20) =    11.46840 eV ==== 
     psi = 0.147*[#  16]+0.147*[#  17]+0.147*[#  19]+0.091*[#  15]+0.091*[#  18]
          +0.083*[#  25]+0.083*[#  26]+0.083*[#  28]+0.026*[#   6]+0.026*[#   7]
          +0.026*[#   9]+0.018*[#  24]+0.018*[#  27]+0.003*[#   5]+0.003*[#   8]
          +0.001*[#   2]+0.001*[#   3]+0.001*[#   4]
    |psi|^2 = 0.998
==== e(  21) =    12.53808 eV ==== 
     psi = 0.116*[#  20]+0.070*[#  16]+0.070*[#  17]+0.070*[#  19]+0.059*[#   2]
          +0.059*[#   3]+0.059*[#   4]+0.042*[#  21]+0.042*[#  22]+0.042*[#  23]
          +0.039*[#  25]+0.039*[#  26]+0.039*[#  28]+0.030*[#  24]+0.030*[#  27]
          +0.028*[#  11]+0.026*[#   6]+0.026*[#   7]+0.026*[#   9]+0.023*[#   1]
          +0.019*[#  15]+0.019*[#  18]+0.009*[#   5]+0.009*[#   8]
    |psi|^2 = 0.993
==== e(  22) =    13.84937 eV ==== 
     psi = 0.099*[#   1]+0.095*[#  21]+0.095*[#  22]+0.095*[#  23]+0.088*[#  11]
          +0.062*[#  20]+0.047*[#   2]+0.047*[#   3]+0.047*[#   4]+0.039*[#  25]
          +0.039*[#  26]+0.039*[#  28]+0.025*[#  16]+0.025*[#  17]+0.025*[#  19]
          +0.024*[#  15]+0.024*[#  18]+0.011*[#   6]+0.011*[#   7]+0.011*[#   9]
          +0.011*[#   5]+0.011*[#   8]+0.010*[#  24]+0.010*[#  27]
    |psi|^2 = 0.988
==== e(  23) =    16.48560 eV ==== 
     psi = 0.147*[#  21]+0.147*[#  22]+0.147*[#  23]+0.112*[#   2]+0.112*[#   3]
          +0.112*[#   4]+0.014*[#  15]+0.014*[#  18]+0.009*[#  24]+0.009*[#  27]
          +0.005*[#   5]+0.005*[#   8]+0.003*[#  16]+0.003*[#  17]+0.003*[#  19]
          +0.002*[#   6]+0.002*[#   7]+0.002*[#   9]
    |psi|^2 = 0.854
==== e(  24) =    19.54306 eV ==== 
     psi = 0.250*[#   1]+0.226*[#  11]+0.084*[#   2]+0.084*[#   3]+0.084*[#   4]
          +0.039*[#  20]+0.017*[#  21]+0.017*[#  22]+0.017*[#  23]+0.014*[#  25]
          +0.014*[#  26]+0.014*[#  28]+0.007*[#  10]+0.003*[#  24]+0.003*[#  27]
          +0.003*[#  16]+0.003*[#  17]+0.003*[#  19]+0.001*[#   6]+0.001*[#   7]
          +0.001*[#   9]+0.001*[#  15]+0.001*[#  18]
    |psi|^2 = 0.890
==== e(  25) =    23.27658 eV ==== 
     psi = 0.183*[#  11]+0.155*[#  20]+0.115*[#   1]+0.064*[#   2]+0.064*[#   3]
          +0.064*[#   4]+0.044*[#  21]+0.044*[#  22]+0.044*[#  23]+0.007*[#  10]
          +0.003*[#  25]+0.003*[#  26]+0.003*[#  28]
    |psi|^2 = 0.799
==== e(  26) =    23.31562 eV ==== 
     psi = 0.148*[#   2]+0.148*[#   3]+0.148*[#   4]+0.035*[#  21]+0.035*[#  22]
          +0.035*[#  23]+0.006*[#  25]+0.006*[#  26]+0.006*[#  28]+0.003*[#  15]
          +0.003*[#  18]+0.002*[#  24]+0.002*[#  27]
    |psi|^2 = 0.580
==== e(  27) =    24.41243 eV ==== 
     psi = 0.229*[#  20]+0.073*[#   2]+0.073*[#   3]+0.073*[#   4]+0.063*[#  11]
          +0.036*[#   1]+0.031*[#  21]+0.031*[#  22]+0.031*[#  23]+0.002*[#  10]
          +0.001*[#  16]+0.001*[#  17]+0.001*[#  19]
    |psi|^2 = 0.653
==== e(  28) =    25.64781 eV ==== 
     psi = 0.102*[#  21]+0.102*[#  22]+0.102*[#  23]+0.025*[#   2]+0.025*[#   3]
          +0.025*[#   4]+0.001*[#  16]+0.001*[#  17]+0.001*[#  19]
    |psi|^2 = 0.391

 k =   0.5000000000  0.0000000000  0.5000000000
==== e(   1) =   -91.24289 eV ==== 
     psi = 0.955*[#  10]+0.007*[#  21]+0.007*[#  22]+0.007*[#  23]+0.007*[#  11]
          +0.005*[#   2]+0.005*[#   3]+0.005*[#   4]
    |psi|^2 = 1.000
==== e(   2) =   -51.63460 eV ==== 
     psi = 0.332*[#  12]+0.332*[#  13]+0.332*[#  14]
    |psi|^2 = 1.000
==== e(   3) =   -51.63447 eV ==== 
     psi = 0.333*[#  12]+0.333*[#  13]+0.333*[#  14]
    |psi|^2 = 1.000
==== e(   4) =   -51.63439 eV ==== 
     psi = 0.332*[#  12]+0.332*[#  13]+0.332*[#  14]
    |psi|^2 = 1.000
==== e(   5) =     5.84844 eV ==== 
     psi = 0.204*[#  20]+0.128*[#   1]+0.097*[#  11]+0.075*[#   2]+0.075*[#   3]
          +0.075*[#   4]+0.062*[#  21]+0.062*[#  22]+0.062*[#  23]+0.030*[#  25]
          +0.030*[#  26]+0.030*[#  28]+0.011*[#  10]+0.008*[#   6]+0.008*[#   7]
          +0.008*[#   9]+0.006*[#  16]+0.006*[#  17]+0.006*[#  19]+0.004*[#  15]
          +0.004*[#  18]+0.003*[#   5]+0.003*[#   8]
    |psi|^2 = 0.997
==== e(   6) =     7.35849 eV ==== 
     psi = 0.229*[#  25]+0.229*[#  26]+0.229*[#  28]+0.059*[#   1]+0.053*[#  11]
          +0.023*[#   5]+0.023*[#   8]+0.021*[#   6]+0.021*[#   7]+0.021*[#   9]
          +0.010*[#  21]+0.010*[#  22]+0.010*[#  23]+0.010*[#  16]+0.010*[#  17]
          +0.010*[#  19]+0.009*[#  15]+0.009*[#  18]+0.003*[#   2]+0.003*[#   3]
          +0.003*[#   4]+0.001*[#  10]
    |psi|^2 = 0.998
==== e(   7) =     7.66387 eV ==== 
     psi = 0.136*[#  25]+0.136*[#  26]+0.136*[#  28]+0.069*[#  24]+0.069*[#  27]
          +0.060*[#   5]+0.060*[#   8]+0.040*[#  15]+0.040*[#  18]+0.037*[#   6]
          +0.037*[#   7]+0.037*[#   9]+0.033*[#  20]+0.019*[#  16]+0.019*[#  17]
          +0.019*[#  19]+0.014*[#   2]+0.014*[#   3]+0.014*[#   4]+0.002*[#  21]
          +0.002*[#  22]+0.002*[#  23]+0.002*[#   1]
    |psi|^2 = 0.998
==== e(   8) =     7.66908 eV ==== 
     psi = 0.204*[#  25]+0.204*[#  26]+0.204*[#  28]+0.057*[#   5]+0.057*[#   8]
          +0.056*[#   6]+0.056*[#   7]+0.056*[#   9]+0.014*[#  16]+0.014*[#  17]
          +0.014*[#  19]+0.013*[#  24]+0.013*[#  27]+0.011*[#  15]+0.011*[#  18]
          +0.004*[#   2]+0.004*[#   3]+0.004*[#   4]
    |psi|^2 = 0.997
==== e(   9) =     7.89230 eV ==== 
     psi = 0.202*[#  24]+0.202*[#  27]+0.091*[#   6]+0.091*[#   7]+0.091*[#   9]
          +0.042*[#  16]+0.042*[#  17]+0.042*[#  19]+0.028*[#  20]+0.025*[#   5]
          +0.025*[#   8]+0.017*[#  25]+0.017*[#  26]+0.017*[#  28]+0.011*[#   2]
          +0.011*[#   3]+0.011*[#   4]+0.010*[#  15]+0.010*[#  18]+0.004*[#  21]
          +0.004*[#  22]+0.004*[#  23]
    |psi|^2 = 0.999
==== e(  10) =     8.06871 eV ==== 
     psi = 0.289*[#  24]+0.289*[#  27]+0.058*[#  15]+0.058*[#  18]+0.050*[#   5]
          +0.050*[#   8]+0.029*[#  16]+0.029*[#  17]+0.029*[#  19]+0.017*[#  25]
          +0.017*[#  26]+0.017*[#  28]+0.011*[#   2]+0.011*[#   3]+0.011*[#   4]
          +0.010*[#   6]+0.010*[#   7]+0.010*[#   9]
    |psi|^2 = 0.997
==== e(  11) =     9.18163 eV ==== 
     psi = 0.197*[#   6]+0.197*[#   7]+0.197*[#   9]+0.059*[#   5]+0.059*[#   8]
          +0.036*[#  11]+0.025*[#  21]+0.025*[#  22]+0.025*[#  23]+0.023*[#   2]
          +0.023*[#   3]+0.023*[#   4]+0.018*[#  25]+0.018*[#  26]+0.018*[#  28]
          +0.007*[#  20]+0.007*[#  24]+0.007*[#  27]+0.006*[#  15]+0.006*[#  18]
          +0.005*[#  16]+0.005*[#  17]+0.005*[#  19]+0.002*[#   1]+0.002*[#  10]
          
    |psi|^2 = 0.998
==== e(  12) =     9.18750 eV ==== 
     psi = 0.202*[#   5]+0.202*[#   8]+0.163*[#   6]+0.163*[#   7]+0.163*[#   9]
          +0.024*[#  16]+0.024*[#  17]+0.024*[#  19]+0.009*[#  21]+0.009*[#  22]
          +0.009*[#  23]+0.002*[#  15]+0.002*[#  18]
    |psi|^2 = 0.998
==== e(  13) =     9.64283 eV ==== 
     psi = 0.121*[#  16]+0.121*[#  17]+0.121*[#  19]+0.079*[#   6]+0.079*[#   7]
          +0.079*[#   9]+0.042*[#   1]+0.037*[#  21]+0.037*[#  22]+0.037*[#  23]
          +0.033*[#  15]+0.033*[#  18]+0.028*[#  25]+0.028*[#  26]+0.028*[#  28]
          +0.025*[#   5]+0.025*[#   8]+0.017*[#  24]+0.017*[#  27]+0.003*[#   2]
          +0.003*[#   3]+0.003*[#   4]
    |psi|^2 = 0.998
==== e(  14) =     9.76970 eV ==== 
     psi = 0.221*[#   5]+0.221*[#   8]+0.060*[#   6]+0.060*[#   7]+0.060*[#   9]
          +0.054*[#  15]+0.054*[#  18]+0.042*[#  25]+0.042*[#  26]+0.042*[#  28]
          +0.023*[#  24]+0.023*[#  27]+0.015*[#   2]+0.015*[#   3]+0.015*[#   4]
          +0.011*[#  20]+0.008*[#  21]+0.008*[#  22]+0.008*[#  23]+0.007*[#  11]
          +0.003*[#  16]+0.003*[#  17]+0.003*[#  19]+0.002*[#   1]
    |psi|^2 = 0.998
==== e(  15) =    10.08828 eV ==== 
     psi = 0.175*[#  15]+0.175*[#  18]+0.121*[#  16]+0.121*[#  17]+0.121*[#  19]
          +0.095*[#   5]+0.095*[#   8]+0.018*[#  24]+0.018*[#  27]+0.009*[#  25]
          +0.009*[#  26]+0.009*[#  28]+0.004*[#   2]+0.004*[#   3]+0.004*[#   4]
          +0.004*[#  21]+0.004*[#  22]+0.004*[#  23]+0.003*[#   6]+0.003*[#   7]
          +0.003*[#   9]
    |psi|^2 = 0.999
==== e(  16) =    10.11618 eV ==== 
     psi = 0.202*[#  16]+0.202*[#  17]+0.202*[#  19]+0.099*[#   6]+0.099*[#   7]
          +0.099*[#   9]+0.016*[#   5]+0.016*[#   8]+0.008*[#  20]+0.006*[#   1]
          +0.006*[#  21]+0.006*[#  22]+0.006*[#  23]+0.005*[#  25]+0.005*[#  26]
          +0.005*[#  28]+0.004*[#  11]+0.003*[#   2]+0.003*[#   3]+0.003*[#   4]
          +0.002*[#  15]+0.002*[#  18]+0.001*[#  24]+0.001*[#  27]
    |psi|^2 = 0.998
==== e(  17) =    10.64724 eV ==== 
     psi = 0.140*[#  24]+0.140*[#  27]+0.109*[#  15]+0.109*[#  18]+0.087*[#   5]
          +0.087*[#   8]+0.078*[#   6]+0.078*[#   7]+0.078*[#   9]+0.023*[#  25]
          +0.023*[#  26]+0.023*[#  28]+0.007*[#  16]+0.007*[#  17]+0.007*[#  19]
          
    |psi|^2 = 0.998
==== e(  18) =    10.94556 eV ==== 
     psi = 0.302*[#  15]+0.302*[#  18]+0.042*[#  24]+0.042*[#  27]+0.031*[#  16]
          +0.031*[#  17]+0.031*[#  19]+0.028*[#   5]+0.028*[#   8]+0.026*[#  25]
          +0.026*[#  26]+0.026*[#  28]+0.023*[#   6]+0.023*[#   7]+0.023*[#   9]
          +0.004*[#   1]+0.002*[#   2]+0.002*[#   3]+0.002*[#   4]+0.002*[#  20]
          +0.001*[#  11]
    |psi|^2 = 0.998
==== e(  19) =    11.02893 eV ==== 
     psi = 0.151*[#  16]+0.151*[#  17]+0.151*[#  19]+0.118*[#  24]+0.118*[#  27]
          +0.040*[#  25]+0.040*[#  26]+0.040*[#  28]+0.027*[#   5]+0.027*[#   8]
          +0.017*[#   6]+0.017*[#   7]+0.017*[#   9]+0.011*[#  15]+0.011*[#  18]
          +0.010*[#   2]+0.010*[#   3]+0.010*[#   4]+0.007*[#  21]+0.007*[#  22]
          +0.007*[#  23]+0.006*[#   1]+0.003*[#  11]
    |psi|^2 = 0.998
==== e(  20) =    11.45949 eV ==== 
     psi = 0.134*[#  16]+0.134*[#  17]+0.134*[#  19]+0.131*[#  15]+0.131*[#  18]
          +0.070*[#  25]+0.070*[#  26]+0.070*[#  28]+0.028*[#  24]+0.028*[#  27]
          +0.019*[#   6]+0.019*[#   7]+0.019*[#   9]+0.003*[#   5]+0.003*[#   8]
          +0.002*[#   2]+0.002*[#   3]+0.002*[#   4]
    |psi|^2 = 0.998
==== e(  21) =    13.51725 eV ==== 
     psi = 0.227*[#  20]+0.092*[#   2]+0.092*[#   3]+0.092*[#   4]+0.049*[#  21]
          +0.049*[#  22]+0.049*[#  23]+0.046*[#  16]+0.046*[#  17]+0.046*[#  19]
          +0.020*[#   6]+0.020*[#   7]+0.020*[#   9]+0.015*[#  25]+0.015*[#  26]
          +0.015*[#  28]+0.015*[#  24]+0.015*[#  27]+0.013*[#  11]+0.013*[#  15]
          +0.013*[#  18]+0.006*[#   5]+0.006*[#   8]+0.004*[#   1]
    |psi|^2 = 0.982
==== e(  22) =    14.14105 eV ==== 
     psi = 0.150*[#   1]+0.117*[#  11]+0.108*[#  21]+0.108*[#  22]+0.108*[#  23]
          +0.059*[#  25]+0.059*[#  26]+0.059*[#  28]+0.026*[#  16]+0.026*[#  17]
          +0.026*[#  19]+0.022*[#   2]+0.022*[#   3]+0.022*[#   4]+0.014*[#  15]
          +0.014*[#  18]+0.012*[#   6]+0.012*[#   7]+0.012*[#   9]+0.006*[#   5]
          +0.006*[#   8]+0.003*[#  20]
    |psi|^2 = 0.990
==== e(  23) =    17.38552 eV ==== 
     psi = 0.145*[#  21]+0.145*[#  22]+0.145*[#  23]+0.103*[#   2]+0.103*[#   3]
          +0.103*[#   4]+0.011*[#  15]+0.011*[#  18]+0.008*[#  24]+0.008*[#  27]
          +0.004*[#   5]+0.004*[#   8]+0.003*[#  16]+0.003*[#  17]+0.003*[#  19]
          +0.002*[#   6]+0.002*[#   7]+0.002*[#   9]
    |psi|^2 = 0.811
==== e(  24) =    19.79890 eV ==== 
     psi = 0.242*[#   1]+0.223*[#  11]+0.086*[#   2]+0.086*[#   3]+0.086*[#   4]
          +0.022*[#  21]+0.022*[#  22]+0.022*[#  23]+0.012*[#  20]+0.011*[#  25]
          +0.011*[#  26]+0.011*[#  28]+0.010*[#  10]+0.003*[#  24]+0.003*[#  27]
          +0.002*[#  16]+0.002*[#  17]+0.002*[#  19]+0.001*[#   6]+0.001*[#   7]
          +0.001*[#   9]+0.001*[#  15]+0.001*[#  18]
    |psi|^2 = 0.863
==== e(  25) =    22.81047 eV ==== 
     psi = 0.168*[#   2]+0.168*[#   3]+0.168*[#   4]+0.023*[#  21]+0.023*[#  22]
          +0.023*[#  23]+0.008*[#  25]+0.008*[#  26]+0.008*[#  28]+0.003*[#  15]
          +0.003*[#  18]+0.001*[#  24]+0.001*[#  27]
    |psi|^2 = 0.611
==== e(  26) =    22.87079 eV ==== 
     psi = 0.261*[#  11]+0.161*[#   1]+0.076*[#  20]+0.060*[#  21]+0.060*[#  22]
          +0.060*[#  23]+0.051*[#   2]+0.051*[#   3]+0.051*[#   4]+0.009*[#  10]
          +0.003*[#  25]+0.003*[#  26]+0.003*[#  28]
    |psi|^2 = 0.852
==== e(  27) =    23.43493 eV ==== 
     psi = 0.293*[#  20]+0.081*[#   2]+0.081*[#   3]+0.081*[#   4]+0.035*[#  11]
          +0.014*[#  21]+0.014*[#  22]+0.014*[#  23]+0.003*[#  25]+0.003*[#  26]
          +0.003*[#  28]+0.001*[#  16]+0.001*[#  17]+0.001*[#  19]
    |psi|^2 = 0.630
==== e(  28) =    24.56690 eV ==== 
     psi = 0.122*[#  21]+0.122*[#  22]+0.122*[#  23]+0.020*[#   2]+0.020*[#   3]
          +0.020*[#   4]+0.002*[#  16]+0.002*[#  17]+0.002*[#  19]
    |psi|^2 = 0.438

 k =   0.0000000000  0.6666666667  0.0000000000
==== e(   1) =   -91.24265 eV ==== 
     psi = 0.954*[#  10]+0.009*[#  21]+0.009*[#  22]+0.009*[#  23]+0.007*[#  11]
          +0.003*[#   2]+0.003*[#   3]+0.003*[#   4]
    |psi|^2 = 1.000
==== e(   2) =   -51.63450 eV ==== 
     psi = 0.332*[#  12]+0.332*[#  13]+0.332*[#  14]
    |psi|^2 = 1.000
==== e(   3) =   -51.63420 eV ==== 
     psi = 0.333*[#  12]+0.333*[#  13]+0.333*[#  14]
    |psi|^2 = 1.000
==== e(   4) =   -51.63420 eV ==== 
     psi = 0.333*[#  12]+0.333*[#  13]+0.333*[#  14]
    |psi|^2 = 1.000
==== e(   5) =     5.82397 eV ==== 
     psi = 0.203*[#  20]+0.122*[#   1]+0.102*[#  11]+0.090*[#   2]+0.090*[#   3]
          +0.090*[#   4]+0.078*[#  21]+0.078*[#  22]+0.078*[#  23]+0.012*[#  10]
          +0.006*[#  24]+0.006*[#  27]+0.004*[#   6]+0.004*[#   7]+0.004*[#   9]
          +0.004*[#  15]+0.004*[#  16]+0.004*[#  17]+0.004*[#  18]+0.004*[#  19]
          +0.002*[#   5]+0.002*[#   8]
    |psi|^2 = 0.997
==== e(   6) =     6.98222 eV ==== 
     psi = 0.228*[#  25]+0.228*[#  26]+0.228*[#  28]+0.059*[#   5]+0.059*[#   8]
          +0.058*[#  11]+0.048*[#   1]+0.030*[#  15]+0.030*[#  18]+0.006*[#   6]
          +0.006*[#   7]+0.006*[#   9]+0.002*[#   2]+0.002*[#   3]+0.002*[#   4]
          +0.002*[#  24]+0.002*[#  27]+0.001*[#  10]
    |psi|^2 = 0.998
==== e(   7) =     7.43167 eV ==== 
     psi = 0.278*[#  24]+0.278*[#  27]+0.056*[#   6]+0.056*[#   7]+0.056*[#   9]
          +0.037*[#  16]+0.037*[#  17]+0.037*[#  19]+0.028*[#  15]+0.028*[#  18]
          +0.025*[#   5]+0.025*[#   8]+0.013*[#   2]+0.013*[#   3]+0.013*[#   4]
          +0.006*[#   1]+0.005*[#  20]+0.003*[#  25]+0.003*[#  26]+0.003*[#  28]
          
    |psi|^2 = 0.998
==== e(   8) =     7.85674 eV ==== 
     psi = 0.210*[#  25]+0.210*[#  26]+0.210*[#  28]+0.083*[#   6]+0.083*[#   7]
          +0.083*[#   9]+0.037*[#  16]+0.037*[#  17]+0.037*[#  19]+0.003*[#   2]
          +0.003*[#   3]+0.003*[#   4]
    |psi|^2 = 0.999
==== e(   9) =     7.85674 eV ==== 
     psi = 0.210*[#  25]+0.210*[#  26]+0.210*[#  28]+0.083*[#   6]+0.083*[#   7]
          +0.083*[#   9]+0.037*[#  16]+0.037*[#  17]+0.037*[#  19]+0.003*[#   2]
          +0.003*[#   3]+0.003*[#   4]
    |psi|^2 = 0.999
==== e(  10) =     8.36936 eV ==== 
     psi = 0.210*[#  24]+0.210*[#  27]+0.199*[#   5]+0.199*[#   8]+0.090*[#  15]
          +0.090*[#  18]
    |psi|^2 = 0.997
==== e(  11) =     8.58606 eV ==== 
     psi = 0.135*[#   5]+0.135*[#   8]+0.109*[#   6]+0.109*[#   7]+0.109*[#   9]
          +0.053*[#  20]+0.052*[#  15]+0.052*[#  18]+0.033*[#  16]+0.033*[#  17]
          +0.033*[#  19]+0.022*[#  21]+0.022*[#  22]+0.022*[#  23]+0.019*[#   1]
          +0.019*[#  11]+0.012*[#  24]+0.012*[#  27]+0.005*[#   2]+0.005*[#   3]
          +0.005*[#   4]
    |psi|^2 = 0.999
==== e(  12) =     9.70553 eV ==== 
     psi = 0.217*[#   6]+0.217*[#   7]+0.217*[#   9]+0.073*[#  16]+0.073*[#  17]
          +0.073*[#  19]+0.033*[#  25]+0.033*[#  26]+0.033*[#  28]+0.006*[#  21]
          +0.006*[#  22]+0.006*[#  23]+0.004*[#   2]+0.004*[#   3]+0.004*[#   4]
          
    |psi|^2 = 0.998
==== e(  13) =     9.70553 eV ==== 
     psi = 0.217*[#   6]+0.217*[#   7]+0.217*[#   9]+0.073*[#  16]+0.073*[#  17]
          +0.073*[#  19]+0.033*[#  25]+0.033*[#  26]+0.033*[#  28]+0.006*[#  21]
          +0.006*[#  22]+0.006*[#  23]+0.004*[#   2]+0.004*[#   3]+0.004*[#   4]
          
    |psi|^2 = 0.998
==== e(  14) =     9.98988 eV ==== 
     psi = 0.257*[#  24]+0.257*[#  27]+0.240*[#   5]+0.240*[#   8]+0.002*[#  15]
          +0.002*[#  18]
    |psi|^2 = 0.999
==== e(  15) =    10.24968 eV ==== 
     psi = 0.164*[#  16]+0.164*[#  17]+0.164*[#  19]+0.088*[#   6]+0.088*[#   7]
          +0.088*[#   9]+0.079*[#  15]+0.079*[#  18]+0.023*[#   5]+0.023*[#   8]
          +0.011*[#  20]+0.004*[#   1]+0.004*[#  25]+0.004*[#  26]+0.004*[#  28]
          +0.003*[#  21]+0.003*[#  22]+0.003*[#  23]
    |psi|^2 = 0.999
==== e(  16) =    10.49909 eV ==== 
     psi = 0.236*[#   5]+0.236*[#   8]+0.060*[#  24]+0.060*[#  27]+0.056*[#   6]
          +0.056*[#   7]+0.056*[#   9]+0.045*[#  25]+0.045*[#  26]+0.045*[#  28]
          +0.031*[#  15]+0.031*[#  18]+0.021*[#  11]+0.004*[#  16]+0.004*[#  17]
          +0.004*[#  19]+0.003*[#  21]+0.003*[#  22]+0.003*[#  23]
    |psi|^2 = 1.000
==== e(  17) =    10.79530 eV ==== 
     psi = 0.206*[#  16]+0.206*[#  17]+0.206*[#  19]+0.065*[#  25]+0.065*[#  26]
          +0.065*[#  28]+0.026*[#   6]+0.026*[#   7]+0.026*[#   9]+0.023*[#   2]
          +0.023*[#   3]+0.023*[#   4]+0.012*[#  21]+0.012*[#  22]+0.012*[#  23]
          
    |psi|^2 = 0.996
==== e(  18) =    10.79530 eV ==== 
     psi = 0.206*[#  16]+0.206*[#  17]+0.206*[#  19]+0.065*[#  25]+0.065*[#  26]
          +0.065*[#  28]+0.026*[#   6]+0.026*[#   7]+0.026*[#   9]+0.023*[#   2]
          +0.023*[#   3]+0.023*[#   4]+0.012*[#  21]+0.012*[#  22]+0.012*[#  23]
          
    |psi|^2 = 0.996
==== e(  19) =    10.86368 eV ==== 
     psi = 0.406*[#  15]+0.406*[#  18]+0.060*[#   5]+0.060*[#   8]+0.033*[#  24]
          +0.033*[#  27]
    |psi|^2 = 0.998
==== e(  20) =    11.40103 eV ==== 
     psi = 0.250*[#  15]+0.250*[#  18]+0.109*[#  24]+0.109*[#  27]+0.063*[#  16]
          +0.063*[#  17]+0.063*[#  19]+0.013*[#   1]+0.012*[#  25]+0.012*[#  26]
          +0.012*[#  28]+0.008*[#   5]+0.008*[#   8]+0.004*[#  21]+0.004*[#  22]
          +0.004*[#  23]+0.003*[#  11]+0.002*[#   2]+0.002*[#   3]+0.002*[#   4]
          +0.001*[#   6]+0.001*[#   7]+0.001*[#   9]
    |psi|^2 = 0.999
==== e(  21) =    14.51073 eV ==== 
     psi = 0.199*[#  20]+0.112*[#  11]+0.096*[#   1]+0.071*[#   2]+0.071*[#   3]
          +0.071*[#   4]+0.051*[#  21]+0.051*[#  22]+0.051*[#  23]+0.024*[#  24]
          +0.024*[#  27]+0.023*[#  15]+0.023*[#  18]+0.020*[#  16]+0.020*[#  17]
          +0.020*[#  19]+0.010*[#   6]+0.010*[#   7]+0.010*[#   9]+0.009*[#   5]
          +0.009*[#   8]
    |psi|^2 = 0.980
==== e(  22) =    14.96904 eV ==== 
     psi = 0.138*[#   2]+0.138*[#   3]+0.138*[#   4]+0.135*[#  21]+0.135*[#  22]
          +0.135*[#  23]+0.022*[#  25]+0.022*[#  26]+0.022*[#  28]+0.016*[#  16]
          +0.016*[#  17]+0.016*[#  19]+0.008*[#   6]+0.008*[#   7]+0.008*[#   9]
          
    |psi|^2 = 0.957
==== e(  23) =    14.96904 eV ==== 
     psi = 0.138*[#   2]+0.138*[#   3]+0.138*[#   4]+0.135*[#  21]+0.135*[#  22]
          +0.135*[#  23]+0.022*[#  25]+0.022*[#  26]+0.022*[#  28]+0.016*[#  16]
          +0.016*[#  17]+0.016*[#  19]+0.008*[#   6]+0.008*[#   7]+0.008*[#   9]
          
    |psi|^2 = 0.957
==== e(  24) =    18.95308 eV ==== 
     psi = 0.444*[#   1]+0.373*[#  11]+0.038*[#  25]+0.038*[#  26]+0.038*[#  28]
          +0.017*[#  20]+0.006*[#   2]+0.006*[#   3]+0.006*[#   4]+0.003*[#  10]
          +0.002*[#  15]+0.002*[#  18]+0.001*[#   5]+0.001*[#   8]
    |psi|^2 = 0.978
==== e(  25) =    19.38825 eV ==== 
     psi = 0.390*[#  20]+0.092*[#  11]+0.086*[#   2]+0.086*[#   3]+0.086*[#   4]
          +0.018*[#  21]+0.018*[#  22]+0.018*[#  23]+0.010*[#  10]+0.008*[#  16]
          +0.008*[#  17]+0.008*[#  19]+0.006*[#   1]+0.006*[#  24]+0.006*[#  27]
          +0.003*[#   6]+0.003*[#   7]+0.003*[#   9]
    |psi|^2 = 0.856
==== e(  26) =    25.66935 eV ==== 
     psi = 0.092*[#   2]+0.092*[#   3]+0.092*[#   4]+0.053*[#  21]+0.053*[#  22]
          +0.053*[#  23]+0.001*[#  25]+0.001*[#  26]+0.001*[#  28]
    |psi|^2 = 0.441
==== e(  27) =    25.66935 eV ==== 
     psi = 0.092*[#   2]+0.092*[#   3]+0.092*[#   4]+0.053*[#  21]+0.053*[#  22]
          +0.053*[#  23]+0.001*[#  25]+0.001*[#  26]+0.001*[#  28]
    |psi|^2 = 0.441
==== e(  28) =    26.93956 eV ==== 
     psi = 0.032*[#  20]+0.026*[#   2]+0.026*[#   3]+0.026*[#   4]+0.022*[#   1]
          +0.010*[#  21]+0.010*[#  22]+0.010*[#  23]+0.007*[#  11]
    |psi|^2 = 0.169

 k =  -0.0833333333  0.7500000000 -0.0833333333
==== e(   1) =   -91.24287 eV ==== 
     psi = 0.955*[#  10]+0.010*[#  21]+0.010*[#  22]+0.010*[#  23]+0.006*[#  11]
          +0.002*[#   2]+0.002*[#   3]+0.002*[#   4]
    |psi|^2 = 1.000
==== e(   2) =   -51.63476 eV ==== 
     psi = 0.332*[#  12]+0.332*[#  13]+0.332*[#  14]
    |psi|^2 = 1.000
==== e(   3) =   -51.63438 eV ==== 
     psi = 0.333*[#  12]+0.333*[#  13]+0.333*[#  14]
    |psi|^2 = 1.000
==== e(   4) =   -51.63436 eV ==== 
     psi = 0.333*[#  12]+0.333*[#  13]+0.333*[#  14]
    |psi|^2 = 1.000
==== e(   5) =     6.33233 eV ==== 
     psi = 0.199*[#  20]+0.112*[#   1]+0.091*[#   2]+0.091*[#   3]+0.091*[#   4]
          +0.080*[#  11]+0.072*[#  21]+0.072*[#  22]+0.072*[#  23]+0.012*[#  24]
          +0.012*[#  27]+0.010*[#  10]+0.007*[#  25]+0.007*[#  26]+0.007*[#  28]
          +0.007*[#   6]+0.007*[#   7]+0.007*[#   9]+0.007*[#  15]+0.007*[#  18]
          +0.005*[#  16]+0.005*[#  17]+0.005*[#  19]+0.004*[#   5]+0.004*[#   8]
          
    |psi|^2 = 0.997
==== e(   6) =     6.89327 eV ==== 
     psi = 0.220*[#  25]+0.220*[#  26]+0.220*[#  28]+0.069*[#  11]+0.061*[#   5]
          +0.061*[#   8]+0.050*[#   1]+0.034*[#  15]+0.034*[#  18]+0.004*[#   6]
          +0.004*[#   7]+0.004*[#   9]+0.002*[#   2]+0.002*[#   3]+0.002*[#   4]
          +0.001*[#  10]+0.001*[#  21]+0.001*[#  22]+0.001*[#  23]
    |psi|^2 = 0.999
==== e(   7) =     7.40598 eV ==== 
     psi = 0.275*[#  24]+0.275*[#  27]+0.066*[#   6]+0.066*[#   7]+0.066*[#   9]
          +0.039*[#  16]+0.039*[#  17]+0.039*[#  19]+0.017*[#  15]+0.017*[#  18]
          +0.016*[#   5]+0.016*[#   8]+0.014*[#   2]+0.014*[#   3]+0.014*[#   4]
          +0.007*[#  20]+0.005*[#   1]+0.002*[#  25]+0.002*[#  26]+0.002*[#  28]
          +0.001*[#  11]
    |psi|^2 = 0.998
==== e(   8) =     7.85789 eV ==== 
     psi = 0.204*[#  25]+0.204*[#  26]+0.204*[#  28]+0.083*[#   6]+0.083*[#   7]
          +0.083*[#   9]+0.036*[#  16]+0.036*[#  17]+0.036*[#  19]+0.007*[#   5]
          +0.007*[#   8]+0.004*[#  15]+0.004*[#  18]+0.002*[#   2]+0.002*[#   3]
          +0.002*[#   4]+0.001*[#  24]+0.001*[#  27]
    |psi|^2 = 0.999
==== e(   9) =     7.86144 eV ==== 
     psi = 0.191*[#  25]+0.191*[#  26]+0.191*[#  28]+0.086*[#   6]+0.086*[#   7]
          +0.086*[#   9]+0.041*[#  16]+0.041*[#  17]+0.041*[#  19]+0.016*[#  20]
          +0.005*[#   2]+0.005*[#   3]+0.005*[#   4]+0.003*[#   5]+0.003*[#   8]
          +0.002*[#  15]+0.002*[#  18]+0.001*[#  24]+0.001*[#  27]+0.001*[#   1]
          
    |psi|^2 = 0.999
==== e(  10) =     8.54746 eV ==== 
     psi = 0.131*[#   5]+0.131*[#   8]+0.089*[#   6]+0.089*[#   7]+0.089*[#   9]
          +0.056*[#  20]+0.052*[#  15]+0.052*[#  18]+0.030*[#   1]+0.030*[#  21]
          +0.030*[#  22]+0.030*[#  23]+0.028*[#  11]+0.027*[#  16]+0.027*[#  17]
          +0.027*[#  19]+0.014*[#  24]+0.014*[#  27]+0.009*[#  25]+0.009*[#  26]
          +0.009*[#  28]+0.008*[#   2]+0.008*[#   3]+0.008*[#   4]
    |psi|^2 = 0.999
==== e(  11) =     8.55615 eV ==== 
     psi = 0.203*[#  24]+0.203*[#  27]+0.198*[#   5]+0.198*[#   8]+0.079*[#  15]
          +0.079*[#  18]+0.009*[#   6]+0.009*[#   7]+0.009*[#   9]+0.002*[#  16]
          +0.002*[#  17]+0.002*[#  19]+0.001*[#  25]+0.001*[#  26]+0.001*[#  28]
          
    |psi|^2 = 0.997
==== e(  12) =     9.69450 eV ==== 
     psi = 0.129*[#   6]+0.129*[#   7]+0.129*[#   9]+0.083*[#   5]+0.083*[#   8]
          +0.080*[#  24]+0.080*[#  27]+0.070*[#  16]+0.070*[#  17]+0.070*[#  19]
          +0.016*[#  25]+0.016*[#  26]+0.016*[#  28]+0.011*[#  15]+0.011*[#  18]
          +0.001*[#  21]+0.001*[#  22]+0.001*[#  23]
    |psi|^2 = 0.998
==== e(  13) =     9.74258 eV ==== 
     psi = 0.200*[#   6]+0.200*[#   7]+0.200*[#   9]+0.084*[#  16]+0.084*[#  17]
          +0.084*[#  19]+0.028*[#  25]+0.028*[#  26]+0.028*[#  28]+0.008*[#  15]
          +0.008*[#  18]+0.006*[#   5]+0.006*[#   8]+0.006*[#  21]+0.006*[#  22]
          +0.006*[#  23]+0.003*[#   2]+0.003*[#   3]+0.003*[#   4]+0.002*[#   1]
          +0.002*[#  11]
    |psi|^2 = 0.998
==== e(  14) =     9.84206 eV ==== 
     psi = 0.183*[#  24]+0.183*[#  27]+0.136*[#   5]+0.136*[#   8]+0.074*[#   6]
          +0.074*[#   7]+0.074*[#   9]+0.024*[#  16]+0.024*[#  17]+0.024*[#  19]
          +0.013*[#  25]+0.013*[#  26]+0.013*[#  28]+0.004*[#  15]+0.004*[#  18]
          +0.004*[#  21]+0.004*[#  22]+0.004*[#  23]+0.004*[#   2]+0.004*[#   3]
          +0.004*[#   4]
    |psi|^2 = 0.998
==== e(  15) =    10.21767 eV ==== 
     psi = 0.167*[#  16]+0.167*[#  17]+0.167*[#  19]+0.118*[#   6]+0.118*[#   7]
          +0.118*[#   9]+0.043*[#  15]+0.043*[#  18]+0.014*[#  20]+0.007*[#   5]
          +0.007*[#   8]+0.004*[#   1]+0.004*[#  24]+0.004*[#  27]+0.002*[#  25]
          +0.002*[#  26]+0.002*[#  28]+0.002*[#  21]+0.002*[#  22]+0.002*[#  23]
          +0.002*[#   2]+0.002*[#   3]+0.002*[#   4]
    |psi|^2 = 0.999
==== e(  16) =    10.44663 eV ==== 
     psi = 0.232*[#   5]+0.232*[#   8]+0.056*[#  15]+0.056*[#  18]+0.052*[#  25]
          +0.052*[#  26]+0.052*[#  28]+0.036*[#  24]+0.036*[#  27]+0.035*[#   6]
          +0.035*[#   7]+0.035*[#   9]+0.025*[#  11]+0.013*[#  16]+0.013*[#  17]
          +0.013*[#  19]+0.006*[#  21]+0.006*[#  22]+0.006*[#  23]+0.002*[#   2]
          +0.002*[#   3]+0.002*[#   4]
    |psi|^2 = 0.999
==== e(  17) =    10.73810 eV ==== 
     psi = 0.336*[#  15]+0.336*[#  18]+0.058*[#   5]+0.058*[#   8]+0.033*[#  16]
          +0.033*[#  17]+0.033*[#  19]+0.027*[#  24]+0.027*[#  27]+0.006*[#   2]
          +0.006*[#   3]+0.006*[#   4]+0.006*[#  25]+0.006*[#  26]+0.006*[#  28]
          +0.004*[#  21]+0.004*[#  22]+0.004*[#  23]+0.003*[#   6]+0.003*[#   7]
          +0.003*[#   9]
    |psi|^2 = 0.998
==== e(  18) =    10.97745 eV ==== 
     psi = 0.164*[#  16]+0.164*[#  17]+0.164*[#  19]+0.071*[#  25]+0.071*[#  26]
          +0.071*[#  28]+0.032*[#   6]+0.032*[#   7]+0.032*[#   9]+0.021*[#   2]
          +0.021*[#   3]+0.021*[#   4]+0.020*[#  15]+0.020*[#  18]+0.015*[#  21]
          +0.015*[#  22]+0.015*[#  23]+0.011*[#   5]+0.011*[#   8]+0.009*[#  24]
          +0.009*[#  27]+0.005*[#   1]+0.002*[#  20]+0.001*[#  11]
    |psi|^2 = 0.996
==== e(  19) =    11.08392 eV ==== 
     psi = 0.154*[#  16]+0.154*[#  17]+0.154*[#  19]+0.073*[#  25]+0.073*[#  26]
          +0.073*[#  28]+0.062*[#  15]+0.062*[#  18]+0.029*[#   6]+0.029*[#   7]
          +0.029*[#   9]+0.017*[#   5]+0.017*[#   8]+0.014*[#   2]+0.014*[#   3]
          +0.014*[#   4]+0.008*[#  21]+0.008*[#  22]+0.008*[#  23]+0.005*[#  24]
          +0.005*[#  27]
    |psi|^2 = 0.996
==== e(  20) =    11.44028 eV ==== 
     psi = 0.224*[#  15]+0.224*[#  18]+0.101*[#  24]+0.101*[#  27]+0.068*[#  16]
          +0.068*[#  17]+0.068*[#  19]+0.016*[#   1]+0.015*[#  25]+0.015*[#  26]
          +0.015*[#  28]+0.012*[#   5]+0.012*[#   8]+0.008*[#  21]+0.008*[#  22]
          +0.008*[#  23]+0.008*[#  11]+0.005*[#   2]+0.005*[#   3]+0.005*[#   4]
          +0.003*[#   6]+0.003*[#   7]+0.003*[#   9]+0.002*[#  20]
    |psi|^2 = 0.999
==== e(  21) =    13.46544 eV ==== 
     psi = 0.156*[#  20]+0.080*[#   2]+0.080*[#   3]+0.080*[#   4]+0.064*[#  11]
          +0.063*[#  21]+0.063*[#  22]+0.063*[#  23]+0.053*[#   1]+0.034*[#  16]
          +0.034*[#  17]+0.034*[#  19]+0.026*[#  15]+0.026*[#  18]+0.021*[#  24]
          +0.021*[#  27]+0.014*[#   6]+0.014*[#   7]+0.014*[#   9]+0.010*[#   5]
          +0.010*[#   8]+0.007*[#  25]+0.007*[#  26]+0.007*[#  28]
    |psi|^2 = 0.985
==== e(  22) =    14.30581 eV ==== 
     psi = 0.113*[#   2]+0.113*[#   3]+0.113*[#   4]+0.111*[#  21]+0.111*[#  22]
          +0.111*[#  23]+0.054*[#  11]+0.049*[#   1]+0.021*[#  25]+0.021*[#  26]
          +0.021*[#  28]+0.018*[#  24]+0.018*[#  27]+0.015*[#  16]+0.015*[#  17]
          +0.015*[#  19]+0.015*[#  20]+0.008*[#  15]+0.008*[#  18]+0.007*[#   6]
          +0.007*[#   7]+0.007*[#   9]+0.003*[#   5]+0.003*[#   8]
    |psi|^2 = 0.980
==== e(  23) =    14.51441 eV ==== 
     psi = 0.140*[#   2]+0.140*[#   3]+0.140*[#   4]+0.139*[#  21]+0.139*[#  22]
          +0.139*[#  23]+0.018*[#  25]+0.018*[#  26]+0.018*[#  28]+0.014*[#  16]
          +0.014*[#  17]+0.014*[#  19]+0.006*[#   6]+0.006*[#   7]+0.006*[#   9]
          +0.003*[#  15]+0.003*[#  18]+0.001*[#   5]+0.001*[#   8]
    |psi|^2 = 0.961
==== e(  24) =    19.06332 eV ==== 
     psi = 0.347*[#   1]+0.314*[#  11]+0.086*[#  20]+0.030*[#  25]+0.030*[#  26]
          +0.030*[#  28]+0.030*[#   2]+0.030*[#   3]+0.030*[#   4]+0.004*[#  21]
          +0.004*[#  22]+0.004*[#  23]+0.004*[#  10]+0.002*[#  15]+0.002*[#  18]
          +0.002*[#  24]+0.002*[#  27]+0.002*[#  16]+0.002*[#  17]+0.002*[#  19]
          +0.001*[#   5]+0.001*[#   8]+0.001*[#   6]+0.001*[#   7]+0.001*[#   9]
          
    |psi|^2 = 0.962
==== e(  25) =    19.66449 eV ==== 
     psi = 0.341*[#  20]+0.103*[#  11]+0.086*[#   2]+0.086*[#   3]+0.086*[#   4]
          +0.069*[#   1]+0.016*[#  21]+0.016*[#  22]+0.016*[#  23]+0.006*[#  10]
          +0.006*[#  16]+0.006*[#  17]+0.006*[#  19]+0.005*[#  25]+0.005*[#  26]
          +0.005*[#  28]+0.004*[#  24]+0.004*[#  27]+0.003*[#   6]+0.003*[#   7]
          +0.003*[#   9]
    |psi|^2 = 0.879
==== e(  26) =    25.92261 eV ==== 
     psi = 0.080*[#   2]+0.080*[#   3]+0.080*[#   4]+0.056*[#  21]+0.056*[#  22]
          +0.056*[#  23]+0.042*[#   1]+0.032*[#  11]+0.020*[#  20]+0.002*[#  10]
          +0.001*[#  25]+0.001*[#  26]+0.001*[#  28]
    |psi|^2 = 0.511
==== e(  27) =    25.96668 eV ==== 
     psi = 0.097*[#   2]+0.097*[#   3]+0.097*[#   4]+0.064*[#  21]+0.064*[#  22]
          +0.064*[#  23]+0.001*[#  25]+0.001*[#  26]+0.001*[#  28]
    |psi|^2 = 0.489
==== e(  28) =    27.58653 eV ==== 
     psi = 0.032*[#  21]+0.032*[#  22]+0.032*[#  23]+0.022*[#   1]+0.021*[#   2]
          +0.021*[#   3]+0.021*[#   4]+0.019*[#  11]+0.016*[#  20]
    |psi|^2 = 0.222

 k =   0.8333333333 -0.1666666667  0.8333333333
==== e(   1) =   -91.24292 eV ==== 
     psi = 0.958*[#  10]+0.009*[#  21]+0.009*[#  22]+0.009*[#  23]+0.006*[#  11]
          +0.002*[#   2]+0.002*[#   3]+0.002*[#   4]+0.001*[#  25]+0.001*[#  26]
          +0.001*[#  28]
    |psi|^2 = 1.000
==== e(   2) =   -51.63478 eV ==== 
     psi = 0.332*[#  12]+0.332*[#  13]+0.332*[#  14]
    |psi|^2 = 1.000
==== e(   3) =   -51.63443 eV ==== 
     psi = 0.332*[#  12]+0.332*[#  13]+0.332*[#  14]
    |psi|^2 = 1.000
==== e(   4) =   -51.63442 eV ==== 
     psi = 0.333*[#  12]+0.333*[#  13]+0.333*[#  14]
    |psi|^2 = 1.000
==== e(   5) =     6.74570 eV ==== 
     psi = 0.119*[#  25]+0.119*[#  26]+0.119*[#  28]+0.112*[#  20]+0.109*[#   1]
          +0.050*[#  11]+0.043*[#   2]+0.043*[#   3]+0.043*[#   4]+0.029*[#  21]
          +0.029*[#  22]+0.029*[#  23]+0.028*[#  15]+0.028*[#  18]+0.022*[#   5]
          +0.022*[#   8]+0.008*[#  24]+0.008*[#  27]+0.006*[#   6]+0.006*[#   7]
          +0.006*[#   9]+0.006*[#  16]+0.006*[#  17]+0.006*[#  19]+0.003*[#  10]
          
    |psi|^2 = 0.998
==== e(   6) =     6.93717 eV ==== 
     psi = 0.124*[#  25]+0.124*[#  26]+0.124*[#  28]+0.084*[#  11]+0.070*[#  20]
          +0.047*[#   5]+0.047*[#   8]+0.044*[#   1]+0.038*[#   2]+0.038*[#   3]
          +0.038*[#   4]+0.031*[#  21]+0.031*[#  22]+0.031*[#  23]+0.019*[#  15]
          +0.019*[#  18]+0.015*[#   6]+0.015*[#   7]+0.015*[#   9]+0.010*[#  24]
          +0.010*[#  27]+0.006*[#  16]+0.006*[#  17]+0.006*[#  19]+0.005*[#  10]
          
    |psi|^2 = 0.998
==== e(   7) =     7.43238 eV ==== 
     psi = 0.272*[#  24]+0.272*[#  27]+0.069*[#   6]+0.069*[#   7]+0.069*[#   9]
          +0.037*[#  16]+0.037*[#  17]+0.037*[#  19]+0.018*[#   2]+0.018*[#   3]
          +0.018*[#   4]+0.011*[#   5]+0.011*[#   8]+0.009*[#  15]+0.009*[#  18]
          +0.007*[#  20]+0.006*[#  25]+0.006*[#  26]+0.006*[#  28]+0.005*[#   1]
          +0.004*[#  21]+0.004*[#  22]+0.004*[#  23]+0.002*[#  11]
    |psi|^2 = 0.998
==== e(   8) =     7.81202 eV ==== 
     psi = 0.137*[#  25]+0.137*[#  26]+0.137*[#  28]+0.086*[#  20]+0.083*[#   6]
          +0.083*[#   7]+0.083*[#   9]+0.045*[#  16]+0.045*[#  17]+0.045*[#  19]
          +0.019*[#   2]+0.019*[#   3]+0.019*[#   4]+0.010*[#   5]+0.010*[#   8]
          +0.007*[#  15]+0.007*[#  18]+0.006*[#   1]+0.005*[#  24]+0.005*[#  27]
          +0.004*[#  11]+0.001*[#  21]+0.001*[#  22]+0.001*[#  23]
    |psi|^2 = 0.998
==== e(   9) =     7.83029 eV ==== 
     psi = 0.199*[#  25]+0.199*[#  26]+0.199*[#  28]+0.078*[#   6]+0.078*[#   7]
          +0.078*[#   9]+0.033*[#  16]+0.033*[#  17]+0.033*[#  19]+0.019*[#   5]
          +0.019*[#   8]+0.010*[#  15]+0.010*[#  18]+0.002*[#  24]+0.002*[#  27]
          +0.002*[#   2]+0.002*[#   3]+0.002*[#   4]
    |psi|^2 = 0.999
==== e(  10) =     8.61420 eV ==== 
     psi = 0.121*[#   5]+0.121*[#   8]+0.083*[#   6]+0.083*[#   7]+0.083*[#   9]
          +0.041*[#  15]+0.041*[#  18]+0.039*[#  21]+0.039*[#  22]+0.039*[#  23]
          +0.039*[#   1]+0.038*[#  11]+0.030*[#  25]+0.030*[#  26]+0.030*[#  28]
          +0.027*[#  20]+0.023*[#  16]+0.023*[#  17]+0.023*[#  19]+0.009*[#  24]
          +0.009*[#  27]+0.008*[#   2]+0.008*[#   3]+0.008*[#   4]+0.001*[#  10]
          
    |psi|^2 = 0.998
==== e(  11) =     8.71357 eV ==== 
     psi = 0.231*[#  24]+0.231*[#  27]+0.153*[#   5]+0.153*[#   8]+0.049*[#  15]
          +0.049*[#  18]+0.029*[#   6]+0.029*[#   7]+0.029*[#   9]+0.010*[#  16]
          +0.010*[#  17]+0.010*[#  19]+0.003*[#  25]+0.003*[#  26]+0.003*[#  28]
          +0.002*[#   2]+0.002*[#   3]+0.002*[#   4]
    |psi|^2 = 0.998
==== e(  12) =     9.44118 eV ==== 
     psi = 0.210*[#   5]+0.210*[#   8]+0.134*[#  24]+0.134*[#  27]+0.044*[#   6]
          +0.044*[#   7]+0.044*[#   9]+0.033*[#  16]+0.033*[#  17]+0.033*[#  19]
          +0.028*[#  15]+0.028*[#  18]+0.005*[#  25]+0.005*[#  26]+0.005*[#  28]
          +0.001*[#   2]+0.001*[#   3]+0.001*[#   4]
    |psi|^2 = 0.998
==== e(  13) =     9.78232 eV ==== 
     psi = 0.161*[#   6]+0.161*[#   7]+0.161*[#   9]+0.083*[#  16]+0.083*[#  17]
          +0.083*[#  19]+0.037*[#  15]+0.037*[#  18]+0.023*[#  25]+0.023*[#  26]
          +0.023*[#  28]+0.023*[#   5]+0.023*[#   8]+0.010*[#  21]+0.010*[#  22]
          +0.010*[#  23]+0.009*[#   1]+0.006*[#   2]+0.006*[#   3]+0.006*[#   4]
          +0.006*[#  20]+0.005*[#  24]+0.005*[#  27]+0.004*[#  11]
    |psi|^2 = 0.998
==== e(  14) =     9.88150 eV ==== 
     psi = 0.134*[#   6]+0.134*[#   7]+0.134*[#   9]+0.084*[#  24]+0.084*[#  27]
          +0.071*[#  16]+0.071*[#  17]+0.071*[#  19]+0.037*[#   5]+0.037*[#   8]
          +0.023*[#  15]+0.023*[#  18]+0.021*[#  25]+0.021*[#  26]+0.021*[#  28]
          +0.006*[#  21]+0.006*[#  22]+0.006*[#  23]+0.005*[#   2]+0.005*[#   3]
          +0.005*[#   4]
    |psi|^2 = 0.998
==== e(  15) =    10.15006 eV ==== 
     psi = 0.165*[#  16]+0.165*[#  17]+0.165*[#  19]+0.137*[#   6]+0.137*[#   7]
          +0.137*[#   9]+0.014*[#  20]+0.013*[#  15]+0.013*[#  18]+0.011*[#  24]
          +0.011*[#  27]+0.005*[#   1]+0.004*[#  21]+0.004*[#  22]+0.004*[#  23]
          +0.003*[#   2]+0.003*[#   3]+0.003*[#   4]+0.001*[#  25]+0.001*[#  26]
          +0.001*[#  28]+0.001*[#   5]+0.001*[#   8]
    |psi|^2 = 0.999
==== e(  16) =    10.38231 eV ==== 
     psi = 0.214*[#   5]+0.214*[#   8]+0.061*[#  15]+0.061*[#  18]+0.055*[#  25]
          +0.055*[#  26]+0.055*[#  28]+0.043*[#   6]+0.043*[#   7]+0.043*[#   9]
          +0.031*[#  11]+0.019*[#  24]+0.019*[#  27]+0.015*[#  16]+0.015*[#  17]
          +0.015*[#  19]+0.009*[#  21]+0.009*[#  22]+0.009*[#  23]+0.004*[#   2]
          +0.004*[#   3]+0.004*[#   4]
    |psi|^2 = 0.999
==== e(  17) =    10.62665 eV ==== 
     psi = 0.342*[#  15]+0.342*[#  18]+0.069*[#   5]+0.069*[#   8]+0.037*[#  24]
          +0.037*[#  27]+0.015*[#  16]+0.015*[#  17]+0.015*[#  19]+0.008*[#   6]
          +0.008*[#   7]+0.008*[#   9]+0.006*[#   2]+0.006*[#   3]+0.006*[#   4]
          +0.003*[#  21]+0.003*[#  22]+0.003*[#  23]+0.001*[#  25]+0.001*[#  26]
          +0.001*[#  28]
    |psi|^2 = 0.998
==== e(  18) =    11.14433 eV ==== 
     psi = 0.125*[#  16]+0.125*[#  17]+0.125*[#  19]+0.094*[#  15]+0.094*[#  18]
          +0.060*[#  25]+0.060*[#  26]+0.060*[#  28]+0.025*[#   6]+0.025*[#   7]
          +0.025*[#   9]+0.020*[#  21]+0.020*[#  22]+0.020*[#  23]+0.018*[#   1]
          +0.016*[#   2]+0.016*[#   3]+0.016*[#   4]+0.014*[#   5]+0.014*[#   8]
          +0.007*[#  24]+0.007*[#  27]+0.005*[#  20]+0.001*[#  11]
    |psi|^2 = 0.997
==== e(  19) =    11.34075 eV ==== 
     psi = 0.161*[#  16]+0.161*[#  17]+0.161*[#  19]+0.094*[#  25]+0.094*[#  26]
          +0.094*[#  28]+0.037*[#   6]+0.037*[#   7]+0.037*[#   9]+0.034*[#  15]
          +0.034*[#  18]+0.007*[#   5]+0.007*[#   8]+0.006*[#   2]+0.006*[#   3]
          +0.006*[#   4]+0.005*[#  24]+0.005*[#  27]+0.003*[#  21]+0.003*[#  22]
          +0.003*[#  23]
    |psi|^2 = 0.997
==== e(  20) =    11.55990 eV ==== 
     psi = 0.139*[#  15]+0.139*[#  18]+0.094*[#  24]+0.094*[#  27]+0.075*[#  16]
          +0.075*[#  17]+0.075*[#  19]+0.029*[#  25]+0.029*[#  26]+0.029*[#  28]
          +0.020*[#  21]+0.020*[#  22]+0.020*[#  23]+0.018*[#   5]+0.018*[#   8]
          +0.018*[#  11]+0.016*[#   1]+0.015*[#   2]+0.015*[#   3]+0.015*[#   4]
          +0.013*[#   6]+0.013*[#   7]+0.013*[#   9]+0.004*[#  20]+0.001*[#  10]
          
    |psi|^2 = 0.998
==== e(  21) =    12.41181 eV ==== 
     psi = 0.105*[#  20]+0.076*[#   2]+0.076*[#   3]+0.076*[#   4]+0.061*[#  16]
          +0.061*[#  17]+0.061*[#  19]+0.060*[#  21]+0.060*[#  22]+0.060*[#  23]
          +0.037*[#  11]+0.032*[#   1]+0.029*[#  15]+0.029*[#  18]+0.024*[#  25]
          +0.024*[#  26]+0.024*[#  28]+0.020*[#   6]+0.020*[#   7]+0.020*[#   9]
          +0.008*[#   5]+0.008*[#   8]+0.008*[#  24]+0.008*[#  27]
    |psi|^2 = 0.990
==== e(  22) =    13.57802 eV ==== 
     psi = 0.091*[#  21]+0.091*[#  22]+0.091*[#  23]+0.086*[#   2]+0.086*[#   3]
          +0.086*[#   4]+0.074*[#  11]+0.067*[#   1]+0.044*[#  24]+0.044*[#  27]
          +0.032*[#  20]+0.022*[#  25]+0.022*[#  26]+0.022*[#  28]+0.020*[#  15]
          +0.020*[#  18]+0.017*[#  16]+0.017*[#  17]+0.017*[#  19]+0.009*[#   5]
          +0.009*[#   8]+0.008*[#   6]+0.008*[#   7]+0.008*[#   9]
    |psi|^2 = 0.993
==== e(  23) =    14.45210 eV ==== 
     psi = 0.146*[#  21]+0.146*[#  22]+0.146*[#  23]+0.139*[#   2]+0.139*[#   3]
          +0.139*[#   4]+0.010*[#  15]+0.010*[#  18]+0.008*[#  25]+0.008*[#  26]
          +0.008*[#  28]+0.008*[#  16]+0.008*[#  17]+0.008*[#  19]+0.004*[#  24]
          +0.004*[#  27]+0.004*[#   5]+0.004*[#   8]+0.003*[#   6]+0.003*[#   7]
          +0.003*[#   9]
    |psi|^2 = 0.952
==== e(  24) =    19.12802 eV ==== 
     psi = 0.265*[#   1]+0.242*[#  11]+0.154*[#  20]+0.057*[#   2]+0.057*[#   3]
          +0.057*[#   4]+0.023*[#  25]+0.023*[#  26]+0.023*[#  28]+0.004*[#  21]
          +0.004*[#  22]+0.004*[#  23]+0.004*[#  10]+0.003*[#  24]+0.003*[#  27]
          +0.003*[#  16]+0.003*[#  17]+0.003*[#  19]+0.002*[#  15]+0.002*[#  18]
          +0.002*[#   6]+0.002*[#   7]+0.002*[#   9]
    |psi|^2 = 0.945
==== e(  25) =    20.71853 eV ==== 
     psi = 0.258*[#  20]+0.120*[#   1]+0.110*[#  11]+0.085*[#   2]+0.085*[#   3]
          +0.085*[#   4]+0.024*[#  21]+0.024*[#  22]+0.024*[#  23]+0.008*[#  25]
          +0.008*[#  26]+0.008*[#  28]+0.003*[#  16]+0.003*[#  17]+0.003*[#  19]
          +0.003*[#  10]+0.002*[#   6]+0.002*[#   7]+0.002*[#   9]+0.002*[#  24]
          +0.002*[#  27]
    |psi|^2 = 0.860
==== e(  26) =    25.59400 eV ==== 
     psi = 0.106*[#   2]+0.106*[#   3]+0.106*[#   4]+0.062*[#  21]+0.062*[#  22]
          +0.062*[#  23]+0.002*[#  15]+0.002*[#  18]+0.002*[#  25]+0.002*[#  26]
          +0.002*[#  28]
    |psi|^2 = 0.517
==== e(  27) =    25.60417 eV ==== 
     psi = 0.108*[#   1]+0.094*[#  11]+0.060*[#   2]+0.060*[#   3]+0.060*[#   4]
          +0.058*[#  21]+0.058*[#  22]+0.058*[#  23]+0.044*[#  20]+0.006*[#  10]
          +0.002*[#  25]+0.002*[#  26]+0.002*[#  28]
    |psi|^2 = 0.617
==== e(  28) =    27.56342 eV ==== 
     psi = 0.043*[#  21]+0.043*[#  22]+0.043*[#  23]+0.032*[#  11]+0.024*[#  20]
          +0.023*[#   2]+0.023*[#   3]+0.023*[#   4]+0.004*[#   1]+0.002*[#  10]
          
    |psi|^2 = 0.264

 k =   0.7500000000 -0.0833333333  0.7500000000
==== e(   1) =   -91.24298 eV ==== 
     psi = 0.959*[#  10]+0.009*[#  21]+0.009*[#  22]+0.009*[#  23]+0.005*[#  11]
          +0.002*[#   2]+0.002*[#   3]+0.002*[#   4]+0.001*[#  25]+0.001*[#  26]
          +0.001*[#  28]
    |psi|^2 = 1.000
==== e(   2) =   -51.63483 eV ==== 
     psi = 0.332*[#  12]+0.332*[#  13]+0.332*[#  14]+0.001*[#  20]
    |psi|^2 = 1.000
==== e(   3) =   -51.63448 eV ==== 
     psi = 0.332*[#  12]+0.332*[#  13]+0.332*[#  14]+0.001*[#  21]+0.001*[#  22]
          +0.001*[#  23]
    |psi|^2 = 1.000
==== e(   4) =   -51.63443 eV ==== 
     psi = 0.333*[#  12]+0.333*[#  13]+0.333*[#  14]
    |psi|^2 = 1.000
==== e(   5) =     6.75215 eV ==== 
     psi = 0.170*[#  25]+0.170*[#  26]+0.170*[#  28]+0.089*[#   1]+0.064*[#  11]
          +0.057*[#  20]+0.039*[#   5]+0.039*[#   8]+0.033*[#  15]+0.033*[#  18]
          +0.019*[#   2]+0.019*[#   3]+0.019*[#   4]+0.012*[#  21]+0.012*[#  22]
          +0.012*[#  23]+0.007*[#   6]+0.007*[#   7]+0.007*[#   9]+0.006*[#  16]
          +0.006*[#  17]+0.006*[#  19]+0.002*[#  10]
    |psi|^2 = 0.999
==== e(   6) =     7.23594 eV ==== 
     psi = 0.124*[#  25]+0.124*[#  26]+0.124*[#  28]+0.064*[#   1]+0.064*[#  11]
          +0.061*[#  20]+0.036*[#  21]+0.036*[#  22]+0.036*[#  23]+0.032*[#   5]
          +0.032*[#   8]+0.031*[#   6]+0.031*[#   7]+0.031*[#   9]+0.027*[#   2]
          +0.027*[#   3]+0.027*[#   4]+0.016*[#  15]+0.016*[#  18]+0.013*[#  16]
          +0.013*[#  17]+0.013*[#  19]+0.008*[#  24]+0.008*[#  27]+0.003*[#  10]
          
    |psi|^2 = 0.998
==== e(   7) =     7.50762 eV ==== 
     psi = 0.279*[#  24]+0.279*[#  27]+0.061*[#   6]+0.061*[#   7]+0.061*[#   9]
          +0.033*[#  16]+0.033*[#  17]+0.033*[#  19]+0.026*[#   2]+0.026*[#   3]
          +0.026*[#   4]+0.010*[#   5]+0.010*[#   8]+0.009*[#  21]+0.009*[#  22]
          +0.009*[#  23]+0.005*[#  15]+0.005*[#  18]+0.005*[#  25]+0.005*[#  26]
          +0.005*[#  28]+0.004*[#  20]+0.002*[#   1]+0.001*[#  11]
    |psi|^2 = 0.998
==== e(   8) =     7.69847 eV ==== 
     psi = 0.189*[#  20]+0.078*[#   6]+0.078*[#   7]+0.078*[#   9]+0.071*[#  25]
          +0.071*[#  26]+0.071*[#  28]+0.048*[#   2]+0.048*[#   3]+0.048*[#   4]
          +0.046*[#  16]+0.046*[#  17]+0.046*[#  19]+0.011*[#   5]+0.011*[#   8]
          +0.010*[#  24]+0.010*[#  27]+0.008*[#   1]+0.007*[#  15]+0.007*[#  18]
          +0.006*[#  11]+0.002*[#  21]+0.002*[#  22]+0.002*[#  23]
    |psi|^2 = 0.998
==== e(   9) =     7.78691 eV ==== 
     psi = 0.198*[#  25]+0.198*[#  26]+0.198*[#  28]+0.072*[#   6]+0.072*[#   7]
          +0.072*[#   9]+0.031*[#   5]+0.031*[#   8]+0.029*[#  16]+0.029*[#  17]
          +0.029*[#  19]+0.016*[#  15]+0.016*[#  18]+0.002*[#   2]+0.002*[#   3]
          +0.002*[#   4]+0.002*[#  24]+0.002*[#  27]
    |psi|^2 = 0.998
==== e(  10) =     8.72846 eV ==== 
     psi = 0.322*[#  24]+0.322*[#  27]+0.047*[#   5]+0.047*[#   8]+0.037*[#   6]
          +0.037*[#   7]+0.037*[#   9]+0.028*[#  16]+0.028*[#  17]+0.028*[#  19]
          +0.017*[#  15]+0.017*[#  18]+0.005*[#   2]+0.005*[#   3]+0.005*[#   4]
          +0.005*[#  25]+0.005*[#  26]+0.005*[#  28]
    |psi|^2 = 0.998
==== e(  11) =     8.81941 eV ==== 
     psi = 0.128*[#   5]+0.128*[#   8]+0.086*[#   6]+0.086*[#   7]+0.086*[#   9]
          +0.042*[#  21]+0.042*[#  22]+0.042*[#  23]+0.039*[#  11]+0.039*[#   1]
          +0.033*[#  25]+0.033*[#  26]+0.033*[#  28]+0.031*[#  15]+0.031*[#  18]
          +0.026*[#  16]+0.026*[#  17]+0.026*[#  19]+0.008*[#   2]+0.008*[#   3]
          +0.008*[#   4]+0.008*[#  24]+0.008*[#  27]+0.004*[#  20]+0.002*[#  10]
          
    |psi|^2 = 0.998
==== e(  12) =     9.24431 eV ==== 
     psi = 0.319*[#   5]+0.319*[#   8]+0.058*[#   6]+0.058*[#   7]+0.058*[#   9]
          +0.038*[#  15]+0.038*[#  18]+0.033*[#  24]+0.033*[#  27]+0.009*[#  16]
          +0.009*[#  17]+0.009*[#  19]+0.002*[#  25]+0.002*[#  26]+0.002*[#  28]
          +0.002*[#  21]+0.002*[#  22]+0.002*[#  23]
    |psi|^2 = 0.997
==== e(  13) =     9.84366 eV ==== 
     psi = 0.121*[#   6]+0.121*[#   7]+0.121*[#   9]+0.077*[#  15]+0.077*[#  18]
          +0.071*[#  16]+0.071*[#  17]+0.071*[#  19]+0.046*[#   5]+0.046*[#   8]
          +0.019*[#  20]+0.015*[#  25]+0.015*[#  26]+0.015*[#  28]+0.015*[#   2]
          +0.015*[#   3]+0.015*[#   4]+0.012*[#   1]+0.012*[#  21]+0.012*[#  22]
          +0.012*[#  23]+0.007*[#  24]+0.007*[#  27]+0.005*[#  11]
    |psi|^2 = 0.998
==== e(  14) =     9.94545 eV ==== 
     psi = 0.101*[#   6]+0.101*[#   7]+0.101*[#   9]+0.096*[#  16]+0.096*[#  17]
          +0.096*[#  19]+0.078*[#  15]+0.078*[#  18]+0.064*[#  24]+0.064*[#  27]
          +0.019*[#  25]+0.019*[#  26]+0.019*[#  28]+0.016*[#   5]+0.016*[#   8]
          +0.006*[#  21]+0.006*[#  22]+0.006*[#  23]+0.006*[#   2]+0.006*[#   3]
          +0.006*[#   4]
    |psi|^2 = 0.998
==== e(  15) =    10.07292 eV ==== 
     psi = 0.138*[#  16]+0.138*[#  17]+0.138*[#  19]+0.132*[#   6]+0.132*[#   7]
          +0.132*[#   9]+0.024*[#  24]+0.024*[#  27]+0.015*[#  21]+0.015*[#  22]
          +0.015*[#  23]+0.015*[#   1]+0.014*[#  15]+0.014*[#  18]+0.008*[#  20]
          +0.007*[#  25]+0.007*[#  26]+0.007*[#  28]+0.006*[#   2]+0.006*[#   3]
          +0.006*[#   4]+0.002*[#   5]+0.002*[#   8]+0.002*[#  11]
    |psi|^2 = 0.998
==== e(  16) =    10.29825 eV ==== 
     psi = 0.173*[#   5]+0.173*[#   8]+0.077*[#   6]+0.077*[#   7]+0.077*[#   9]
          +0.048*[#  25]+0.048*[#  26]+0.048*[#  28]+0.039*[#  11]+0.036*[#  15]
          +0.036*[#  18]+0.030*[#  16]+0.030*[#  17]+0.030*[#  19]+0.012*[#  21]
          +0.012*[#  22]+0.012*[#  23]+0.011*[#  24]+0.011*[#  27]+0.007*[#   2]
          +0.007*[#   3]+0.007*[#   4]
    |psi|^2 = 0.998
==== e(  17) =    10.54136 eV ==== 
     psi = 0.293*[#  15]+0.293*[#  18]+0.077*[#   5]+0.077*[#   8]+0.063*[#  24]
          +0.063*[#  27]+0.027*[#   6]+0.027*[#   7]+0.027*[#   9]+0.006*[#  16]
          +0.006*[#  17]+0.006*[#  19]+0.005*[#  25]+0.005*[#  26]+0.005*[#  28]
          +0.004*[#   2]+0.004*[#   3]+0.004*[#   4]+0.003*[#  21]+0.003*[#  22]
          +0.003*[#  23]
    |psi|^2 = 0.999
==== e(  18) =    11.16105 eV ==== 
     psi = 0.121*[#  15]+0.121*[#  18]+0.107*[#  16]+0.107*[#  17]+0.107*[#  19]
          +0.041*[#  25]+0.041*[#  26]+0.041*[#  28]+0.037*[#   1]+0.032*[#  21]
          +0.032*[#  22]+0.032*[#  23]+0.022*[#   2]+0.022*[#   3]+0.022*[#   4]
          +0.020*[#   5]+0.020*[#   8]+0.019*[#   6]+0.019*[#   7]+0.019*[#   9]
          +0.010*[#  20]
    |psi|^2 = 0.996
==== e(  19) =    11.46780 eV ==== 
     psi = 0.161*[#  16]+0.161*[#  17]+0.161*[#  19]+0.100*[#  25]+0.100*[#  26]
          +0.100*[#  28]+0.040*[#  15]+0.040*[#  18]+0.037*[#   6]+0.037*[#   7]
          +0.037*[#   9]+0.005*[#  24]+0.005*[#  27]+0.002*[#   5]+0.002*[#   8]
          +0.002*[#   2]+0.002*[#   3]+0.002*[#   4]
    |psi|^2 = 0.998
==== e(  20) =    11.59631 eV ==== 
     psi = 0.085*[#  16]+0.085*[#  17]+0.085*[#  19]+0.081*[#  15]+0.081*[#  18]
          +0.055*[#  25]+0.055*[#  26]+0.055*[#  28]+0.046*[#   2]+0.046*[#   3]
          +0.046*[#   4]+0.043*[#  21]+0.043*[#  22]+0.043*[#  23]+0.033*[#  20]
          +0.026*[#  11]+0.015*[#   1]+0.012*[#   6]+0.012*[#   7]+0.012*[#   9]
          +0.008*[#   5]+0.008*[#   8]+0.008*[#  24]+0.008*[#  27]
    |psi|^2 = 0.995
==== e(  21) =    11.91951 eV ==== 
     psi = 0.083*[#  24]+0.083*[#  27]+0.077*[#  16]+0.077*[#  17]+0.077*[#  19]
          +0.041*[#  25]+0.041*[#  26]+0.041*[#  28]+0.039*[#  15]+0.039*[#  18]
          +0.036*[#   2]+0.036*[#   3]+0.036*[#   4]+0.036*[#  20]+0.031*[#  21]
          +0.031*[#  22]+0.031*[#  23]+0.030*[#  11]+0.027*[#   6]+0.027*[#   7]
          +0.027*[#   9]+0.017*[#   5]+0.017*[#   8]+0.015*[#   1]+0.001*[#  10]
          
    |psi|^2 = 0.997
==== e(  22) =    12.99121 eV ==== 
     psi = 0.078*[#  21]+0.078*[#  22]+0.078*[#  23]+0.064*[#   1]+0.064*[#  11]
          +0.061*[#   2]+0.061*[#   3]+0.061*[#   4]+0.053*[#  24]+0.053*[#  27]
          +0.046*[#  20]+0.036*[#  15]+0.036*[#  18]+0.028*[#  16]+0.028*[#  17]
          +0.028*[#  19]+0.026*[#  25]+0.026*[#  26]+0.026*[#  28]+0.014*[#   5]
          +0.014*[#   8]+0.011*[#   6]+0.011*[#   7]+0.011*[#   9]
    |psi|^2 = 0.995
==== e(  23) =    14.83491 eV ==== 
     psi = 0.149*[#  21]+0.149*[#  22]+0.149*[#  23]+0.133*[#   2]+0.133*[#   3]
          +0.133*[#   4]+0.016*[#  15]+0.016*[#  18]+0.008*[#  24]+0.008*[#  27]
          +0.006*[#   5]+0.006*[#   8]+0.003*[#  16]+0.003*[#  17]+0.003*[#  19]
          +0.002*[#   6]+0.002*[#   7]+0.002*[#   9]+0.002*[#  25]+0.002*[#  26]
          +0.002*[#  28]
    |psi|^2 = 0.928
==== e(  24) =    19.21320 eV ==== 
     psi = 0.251*[#   1]+0.214*[#  11]+0.133*[#  20]+0.074*[#   2]+0.074*[#   3]
          +0.074*[#   4]+0.021*[#  25]+0.021*[#  26]+0.021*[#  28]+0.006*[#  21]
          +0.006*[#  22]+0.006*[#  23]+0.004*[#  24]+0.004*[#  27]+0.003*[#  16]
          +0.003*[#  17]+0.003*[#  19]+0.003*[#  10]+0.002*[#   6]+0.002*[#   7]
          +0.002*[#   9]+0.002*[#  15]+0.002*[#  18]
    |psi|^2 = 0.931
==== e(  25) =    22.15327 eV ==== 
     psi = 0.234*[#  20]+0.104*[#   1]+0.092*[#  11]+0.084*[#   2]+0.084*[#   3]
          +0.084*[#   4]+0.024*[#  21]+0.024*[#  22]+0.024*[#  23]+0.005*[#  25]
          +0.005*[#  26]+0.005*[#  28]+0.003*[#  10]+0.002*[#  16]+0.002*[#  17]
          +0.002*[#  19]+0.001*[#   6]+0.001*[#   7]+0.001*[#   9]
    |psi|^2 = 0.786
==== e(  26) =    24.98374 eV ==== 
     psi = 0.117*[#   2]+0.117*[#   3]+0.117*[#   4]+0.047*[#  21]+0.047*[#  22]
          +0.047*[#  23]+0.003*[#  15]+0.003*[#  18]+0.002*[#  25]+0.002*[#  26]
          +0.002*[#  28]
    |psi|^2 = 0.510
==== e(  27) =    25.15925 eV ==== 
     psi = 0.134*[#   1]+0.131*[#  11]+0.059*[#  20]+0.056*[#  21]+0.056*[#  22]
          +0.056*[#  23]+0.048*[#   2]+0.048*[#   3]+0.048*[#   4]+0.008*[#  10]
          +0.002*[#  25]+0.002*[#  26]+0.002*[#  28]
    |psi|^2 = 0.656
==== e(  28) =    26.50526 eV ==== 
     psi = 0.067*[#  11]+0.056*[#  20]+0.044*[#  21]+0.044*[#  22]+0.044*[#  23]
          +0.034*[#   2]+0.034*[#   3]+0.034*[#   4]+0.026*[#   1]+0.004*[#  10]
          
    |psi|^2 = 0.393

 k =   0.6666666667 -0.0000000000  0.6666666667
==== e(   1) =   -91.24312 eV ==== 
     psi = 0.959*[#  10]+0.008*[#  21]+0.008*[#  22]+0.008*[#  23]+0.006*[#  11]
          +0.003*[#   2]+0.003*[#   3]+0.003*[#   4]
    |psi|^2 = 1.000
==== e(   2) =   -51.63488 eV ==== 
     psi = 0.332*[#  12]+0.332*[#  13]+0.332*[#  14]+0.001*[#  20]
    |psi|^2 = 1.000
==== e(   3) =   -51.63458 eV ==== 
     psi = 0.332*[#  12]+0.332*[#  13]+0.332*[#  14]+0.001*[#  21]+0.001*[#  22]
          +0.001*[#  23]
    |psi|^2 = 1.000
==== e(   4) =   -51.63456 eV ==== 
     psi = 0.333*[#  12]+0.333*[#  13]+0.333*[#  14]
    |psi|^2 = 1.000
==== e(   5) =     6.62873 eV ==== 
     psi = 0.125*[#  25]+0.125*[#  26]+0.125*[#  28]+0.108*[#  20]+0.099*[#   1]
          +0.069*[#  11]+0.037*[#   2]+0.037*[#   3]+0.037*[#   4]+0.025*[#   5]
          +0.025*[#   8]+0.025*[#  21]+0.025*[#  22]+0.025*[#  23]+0.022*[#  15]
          +0.022*[#  18]+0.012*[#   6]+0.012*[#   7]+0.012*[#   9]+0.009*[#  16]
          +0.009*[#  17]+0.009*[#  19]+0.004*[#  10]
    |psi|^2 = 0.998
==== e(   6) =     7.30888 eV ==== 
     psi = 0.188*[#  25]+0.188*[#  26]+0.188*[#  28]+0.072*[#   1]+0.066*[#  11]
          +0.032*[#   5]+0.032*[#   8]+0.028*[#   6]+0.028*[#   7]+0.028*[#   9]
          +0.026*[#  21]+0.026*[#  22]+0.026*[#  23]+0.016*[#  15]+0.016*[#  18]
          +0.010*[#  16]+0.010*[#  17]+0.010*[#  19]+0.002*[#   2]+0.002*[#   3]
          +0.002*[#   4]+0.002*[#  10]+0.001*[#  20]
    |psi|^2 = 0.999
==== e(   7) =     7.60064 eV ==== 
     psi = 0.157*[#  24]+0.157*[#  27]+0.069*[#   6]+0.069*[#   7]+0.069*[#   9]
          +0.068*[#  20]+0.039*[#  25]+0.039*[#  26]+0.039*[#  28]+0.035*[#  16]
          +0.035*[#  17]+0.035*[#  19]+0.034*[#   5]+0.034*[#   8]+0.020*[#   2]
          +0.020*[#   3]+0.020*[#   4]+0.017*[#  15]+0.017*[#  18]+0.008*[#  21]
          +0.008*[#  22]+0.008*[#  23]
    |psi|^2 = 0.998
==== e(   8) =     7.68483 eV ==== 
     psi = 0.136*[#  24]+0.136*[#  27]+0.133*[#  20]+0.067*[#   6]+0.067*[#   7]
          +0.067*[#   9]+0.057*[#   2]+0.057*[#   3]+0.057*[#   4]+0.041*[#  16]
          +0.041*[#  17]+0.041*[#  19]+0.025*[#  25]+0.025*[#  26]+0.025*[#  28]
          +0.005*[#  21]+0.005*[#  22]+0.005*[#  23]+0.002*[#  15]+0.002*[#  18]
          +0.001*[#   1]
    |psi|^2 = 0.998
==== e(   9) =     7.73912 eV ==== 
     psi = 0.200*[#  25]+0.200*[#  26]+0.200*[#  28]+0.065*[#   6]+0.065*[#   7]
          +0.065*[#   9]+0.041*[#   5]+0.041*[#   8]+0.024*[#  16]+0.024*[#  17]
          +0.024*[#  19]+0.018*[#  15]+0.018*[#  18]+0.003*[#   2]+0.003*[#   3]
          +0.003*[#   4]+0.003*[#  24]+0.003*[#  27]
    |psi|^2 = 0.998
==== e(  10) =     8.51999 eV ==== 
     psi = 0.335*[#  24]+0.335*[#  27]+0.034*[#  16]+0.034*[#  17]+0.034*[#  19]
          +0.027*[#   5]+0.027*[#   8]+0.025*[#   6]+0.025*[#   7]+0.025*[#   9]
          +0.023*[#  15]+0.023*[#  18]+0.008*[#   2]+0.008*[#   3]+0.008*[#   4]
          +0.007*[#  25]+0.007*[#  26]+0.007*[#  28]
    |psi|^2 = 0.997
==== e(  11) =     9.06456 eV ==== 
     psi = 0.144*[#   5]+0.144*[#   8]+0.093*[#   6]+0.093*[#   7]+0.093*[#   9]
          +0.035*[#  11]+0.033*[#  21]+0.033*[#  22]+0.033*[#  23]+0.032*[#  16]
          +0.032*[#  17]+0.032*[#  19]+0.028*[#   1]+0.023*[#  15]+0.023*[#  18]
          +0.019*[#  25]+0.019*[#  26]+0.019*[#  28]+0.017*[#  24]+0.017*[#  27]
          +0.012*[#   2]+0.012*[#   3]+0.012*[#   4]+0.002*[#  20]+0.001*[#  10]
          
    |psi|^2 = 0.999
==== e(  12) =     9.22861 eV ==== 
     psi = 0.319*[#   5]+0.319*[#   8]+0.104*[#   6]+0.104*[#   7]+0.104*[#   9]
          +0.014*[#  15]+0.014*[#  18]+0.005*[#  21]+0.005*[#  22]+0.005*[#  23]
          +0.001*[#  16]+0.001*[#  17]+0.001*[#  19]
    |psi|^2 = 0.997
==== e(  13) =     9.79259 eV ==== 
     psi = 0.180*[#   6]+0.180*[#   7]+0.180*[#   9]+0.076*[#   5]+0.076*[#   8]
          +0.048*[#  15]+0.048*[#  18]+0.029*[#  16]+0.029*[#  17]+0.029*[#  19]
          +0.022*[#  20]+0.022*[#   2]+0.022*[#   3]+0.022*[#   4]+0.017*[#  11]
          +0.005*[#  21]+0.005*[#  22]+0.005*[#  23]
    |psi|^2 = 0.998
==== e(  14) =     9.97963 eV ==== 
     psi = 0.151*[#  15]+0.151*[#  18]+0.114*[#  16]+0.114*[#  17]+0.114*[#  19]
          +0.049*[#   6]+0.049*[#   7]+0.049*[#   9]+0.038*[#  24]+0.038*[#  27]
          +0.023*[#   5]+0.023*[#   8]+0.015*[#  25]+0.015*[#  26]+0.015*[#  28]
          +0.007*[#   2]+0.007*[#   3]+0.007*[#   4]+0.007*[#  21]+0.007*[#  22]
          +0.007*[#  23]
    |psi|^2 = 0.998
==== e(  15) =     9.99270 eV ==== 
     psi = 0.097*[#  16]+0.097*[#  17]+0.097*[#  19]+0.083*[#  15]+0.083*[#  18]
          +0.050*[#  21]+0.050*[#  22]+0.050*[#  23]+0.047*[#   1]+0.036*[#   6]
          +0.036*[#   7]+0.036*[#   9]+0.033*[#  25]+0.033*[#  26]+0.033*[#  28]
          +0.026*[#  24]+0.026*[#  27]+0.021*[#   5]+0.021*[#   8]+0.013*[#   2]
          +0.013*[#   3]+0.013*[#   4]
    |psi|^2 = 0.996
==== e(  16) =    10.19106 eV ==== 
     psi = 0.109*[#  16]+0.109*[#  17]+0.109*[#  19]+0.098*[#   5]+0.098*[#   8]
          +0.092*[#   6]+0.092*[#   7]+0.092*[#   9]+0.029*[#  11]+0.026*[#  25]
          +0.026*[#  26]+0.026*[#  28]+0.011*[#  21]+0.011*[#  22]+0.011*[#  23]
          +0.011*[#  15]+0.011*[#  18]+0.005*[#   2]+0.005*[#   3]+0.005*[#   4]
          +0.005*[#  24]+0.005*[#  27]+0.003*[#   1]+0.002*[#  20]
    |psi|^2 = 0.998
==== e(  17) =    10.53588 eV ==== 
     psi = 0.211*[#  15]+0.211*[#  18]+0.103*[#  24]+0.103*[#  27]+0.081*[#   5]
          +0.081*[#   8]+0.055*[#   6]+0.055*[#   7]+0.055*[#   9]+0.012*[#  25]
          +0.012*[#  26]+0.012*[#  28]+0.002*[#   2]+0.002*[#   3]+0.002*[#   4]
          +0.001*[#  21]+0.001*[#  22]+0.001*[#  23]
    |psi|^2 = 0.999
==== e(  18) =    10.92825 eV ==== 
     psi = 0.084*[#  15]+0.084*[#  18]+0.083*[#  16]+0.083*[#  17]+0.083*[#  19]
          +0.052*[#  25]+0.052*[#  26]+0.052*[#  28]+0.046*[#   6]+0.046*[#   7]
          +0.046*[#   9]+0.029*[#   5]+0.029*[#   8]+0.026*[#  21]+0.026*[#  22]
          +0.026*[#  23]+0.024*[#   2]+0.024*[#   3]+0.024*[#   4]+0.023*[#   1]
          +0.023*[#  24]+0.023*[#  27]+0.009*[#  20]
    |psi|^2 = 0.997
==== e(  19) =    11.32807 eV ==== 
     psi = 0.127*[#  15]+0.127*[#  18]+0.124*[#  16]+0.124*[#  17]+0.124*[#  19]
          +0.062*[#  25]+0.062*[#  26]+0.062*[#  28]+0.035*[#  24]+0.035*[#  27]
          +0.014*[#   2]+0.014*[#   3]+0.014*[#   4]+0.011*[#  11]+0.010*[#  21]
          +0.010*[#  22]+0.010*[#  23]+0.009*[#   5]+0.009*[#   8]+0.004*[#   1]
          +0.003*[#   6]+0.003*[#   7]+0.003*[#   9]+0.003*[#  20]
    |psi|^2 = 0.998
==== e(  20) =    11.48978 eV ==== 
     psi = 0.155*[#  16]+0.155*[#  17]+0.155*[#  19]+0.094*[#  25]+0.094*[#  26]
          +0.094*[#  28]+0.064*[#  15]+0.064*[#  18]+0.032*[#   6]+0.032*[#   7]
          +0.032*[#   9]+0.009*[#  24]+0.009*[#  27]+0.002*[#   5]+0.002*[#   8]
          
    |psi|^2 = 0.998
==== e(  21) =    12.46972 eV ==== 
     psi = 0.127*[#  20]+0.090*[#  24]+0.090*[#  27]+0.088*[#   2]+0.088*[#   3]
          +0.088*[#   4]+0.049*[#  16]+0.049*[#  17]+0.049*[#  19]+0.040*[#  21]
          +0.040*[#  22]+0.040*[#  23]+0.028*[#  11]+0.022*[#   6]+0.022*[#   7]
          +0.022*[#   9]+0.013*[#   5]+0.013*[#   8]+0.007*[#  15]+0.007*[#  18]
          +0.005*[#  25]+0.005*[#  26]+0.005*[#  28]+0.002*[#   1]
    |psi|^2 = 0.994
==== e(  22) =    12.82536 eV ==== 
     psi = 0.098*[#   1]+0.088*[#  21]+0.088*[#  22]+0.088*[#  23]+0.077*[#  11]
          +0.064*[#  25]+0.064*[#  26]+0.064*[#  28]+0.056*[#  15]+0.056*[#  18]
          +0.043*[#  16]+0.043*[#  17]+0.043*[#  19]+0.017*[#   5]+0.017*[#   8]
          +0.015*[#   6]+0.015*[#   7]+0.015*[#   9]+0.011*[#   2]+0.011*[#   3]
          +0.011*[#   4]+0.006*[#  24]+0.006*[#  27]
    |psi|^2 = 0.996
==== e(  23) =    15.56375 eV ==== 
     psi = 0.148*[#  21]+0.148*[#  22]+0.148*[#  23]+0.123*[#   2]+0.123*[#   3]
          +0.123*[#   4]+0.016*[#  15]+0.016*[#  18]+0.010*[#  24]+0.010*[#  27]
          +0.006*[#   5]+0.006*[#   8]+0.003*[#  16]+0.003*[#  17]+0.003*[#  19]
          +0.002*[#   6]+0.002*[#   7]+0.002*[#   9]
    |psi|^2 = 0.893
==== e(  24) =    19.35049 eV ==== 
     psi = 0.249*[#   1]+0.209*[#  11]+0.085*[#   2]+0.085*[#   3]+0.085*[#   4]
          +0.084*[#  20]+0.018*[#  25]+0.018*[#  26]+0.018*[#  28]+0.010*[#  21]
          +0.010*[#  22]+0.010*[#  23]+0.004*[#  10]+0.004*[#  24]+0.004*[#  27]
          +0.003*[#  16]+0.003*[#  17]+0.003*[#  19]+0.002*[#   6]+0.002*[#   7]
          +0.002*[#   9]+0.002*[#  15]+0.002*[#  18]
    |psi|^2 = 0.911
==== e(  25) =    23.70443 eV ==== 
     psi = 0.264*[#  20]+0.094*[#   2]+0.094*[#   3]+0.094*[#   4]+0.064*[#  11]
          +0.045*[#   1]+0.012*[#  21]+0.012*[#  22]+0.012*[#  23]+0.003*[#  10]
          +0.002*[#  16]+0.002*[#  17]+0.002*[#  19]+0.002*[#  25]+0.002*[#  26]
          +0.002*[#  28]+0.001*[#   6]+0.001*[#   7]+0.001*[#   9]
    |psi|^2 = 0.710
==== e(  26) =    24.23462 eV ==== 
     psi = 0.134*[#   2]+0.134*[#   3]+0.134*[#   4]+0.035*[#  21]+0.035*[#  22]
          +0.035*[#  23]+0.004*[#  25]+0.004*[#  26]+0.004*[#  28]+0.003*[#  15]
          +0.003*[#  18]+0.001*[#   5]+0.001*[#   8]+0.001*[#  24]+0.001*[#  27]
          
    |psi|^2 = 0.529
==== e(  27) =    24.61227 eV ==== 
     psi = 0.198*[#   1]+0.174*[#  11]+0.066*[#  21]+0.066*[#  22]+0.066*[#  23]
          +0.038*[#   2]+0.038*[#   3]+0.038*[#   4]+0.026*[#  20]+0.008*[#  10]
          +0.003*[#  25]+0.003*[#  26]+0.003*[#  28]
    |psi|^2 = 0.727
==== e(  28) =    25.16827 eV ==== 
     psi = 0.088*[#  20]+0.070*[#  11]+0.027*[#  21]+0.027*[#  22]+0.027*[#  23]
          +0.019*[#   2]+0.019*[#   3]+0.019*[#   4]+0.004*[#   1]+0.003*[#  10]
          +0.001*[#  25]+0.001*[#  26]+0.001*[#  28]
    |psi|^2 = 0.312

 k =   0.0000000000  0.8333333333  0.0000000000
==== e(   1) =   -91.24275 eV ==== 
     psi = 0.955*[#  10]+0.011*[#  21]+0.011*[#  22]+0.011*[#  23]+0.006*[#  11]
          +0.001*[#  25]+0.001*[#  26]+0.001*[#  28]
    |psi|^2 = 1.000
==== e(   2) =   -51.63476 eV ==== 
     psi = 0.332*[#  12]+0.332*[#  13]+0.332*[#  14]+0.001*[#   2]+0.001*[#   3]
          +0.001*[#   4]
    |psi|^2 = 1.000
==== e(   3) =   -51.63430 eV ==== 
     psi = 0.333*[#  12]+0.333*[#  13]+0.333*[#  14]
    |psi|^2 = 1.000
==== e(   4) =   -51.63430 eV ==== 
     psi = 0.333*[#  12]+0.333*[#  13]+0.333*[#  14]
    |psi|^2 = 1.000
==== e(   5) =     6.75574 eV ==== 
     psi = 0.144*[#   1]+0.116*[#  25]+0.116*[#  26]+0.116*[#  28]+0.099*[#  20]
          +0.046*[#   2]+0.046*[#   3]+0.046*[#   4]+0.041*[#  15]+0.041*[#  18]
          +0.036*[#  21]+0.036*[#  22]+0.036*[#  23]+0.020*[#  24]+0.020*[#  27]
          +0.011*[#   5]+0.011*[#   8]+0.003*[#  16]+0.003*[#  17]+0.003*[#  19]
          +0.002*[#  10]+0.001*[#   6]+0.001*[#   7]+0.001*[#   9]
    |psi|^2 = 0.997
==== e(   6) =     6.82917 eV ==== 
     psi = 0.134*[#  11]+0.105*[#  25]+0.105*[#  26]+0.105*[#  28]+0.098*[#  20]
          +0.059*[#   5]+0.059*[#   8]+0.057*[#   2]+0.057*[#   3]+0.057*[#   4]
          +0.027*[#  21]+0.027*[#  22]+0.027*[#  23]+0.017*[#  24]+0.017*[#  27]
          +0.007*[#  15]+0.007*[#  18]+0.007*[#  10]+0.007*[#   6]+0.007*[#   7]
          +0.007*[#   9]+0.001*[#  16]+0.001*[#  17]+0.001*[#  19]
    |psi|^2 = 0.998
==== e(   7) =     7.34653 eV ==== 
     psi = 0.255*[#  24]+0.255*[#  27]+0.079*[#   6]+0.079*[#   7]+0.079*[#   9]
          +0.048*[#  16]+0.048*[#  17]+0.048*[#  19]+0.018*[#  20]+0.012*[#   5]
          +0.012*[#   8]+0.010*[#  15]+0.010*[#  18]+0.009*[#   2]+0.009*[#   3]
          +0.009*[#   4]+0.008*[#   1]+0.005*[#  11]+0.002*[#  21]+0.002*[#  22]
          +0.002*[#  23]
    |psi|^2 = 0.999
==== e(   8) =     7.88868 eV ==== 
     psi = 0.201*[#  25]+0.201*[#  26]+0.201*[#  28]+0.091*[#   6]+0.091*[#   7]
          +0.091*[#   9]+0.039*[#  16]+0.039*[#  17]+0.039*[#  19]+0.001*[#   2]
          +0.001*[#   3]+0.001*[#   4]
    |psi|^2 = 0.999
==== e(   9) =     7.88868 eV ==== 
     psi = 0.201*[#  25]+0.201*[#  26]+0.201*[#  28]+0.091*[#   6]+0.091*[#   7]
          +0.091*[#   9]+0.039*[#  16]+0.039*[#  17]+0.039*[#  19]+0.001*[#   2]
          +0.001*[#   3]+0.001*[#   4]
    |psi|^2 = 0.999
==== e(  10) =     8.34409 eV ==== 
     psi = 0.120*[#   5]+0.120*[#   8]+0.081*[#  20]+0.062*[#   6]+0.062*[#   7]
          +0.062*[#   9]+0.057*[#  15]+0.057*[#  18]+0.051*[#   1]+0.044*[#  11]
          +0.043*[#  21]+0.043*[#  22]+0.043*[#  23]+0.024*[#  16]+0.024*[#  17]
          +0.024*[#  19]+0.015*[#   2]+0.015*[#   3]+0.015*[#   4]+0.015*[#  24]
          +0.015*[#  27]+0.001*[#  10]
    |psi|^2 = 0.998
==== e(  11) =     8.75456 eV ==== 
     psi = 0.246*[#   5]+0.246*[#   8]+0.163*[#  24]+0.163*[#  27]+0.089*[#  15]
          +0.089*[#  18]
    |psi|^2 = 0.997
==== e(  12) =     9.65703 eV ==== 
     psi = 0.330*[#  24]+0.330*[#  27]+0.155*[#   5]+0.155*[#   8]+0.015*[#  15]
          +0.015*[#  18]
    |psi|^2 = 0.999
==== e(  13) =     9.75772 eV ==== 
     psi = 0.199*[#   6]+0.199*[#   7]+0.199*[#   9]+0.106*[#  16]+0.106*[#  17]
          +0.106*[#  19]+0.024*[#  25]+0.024*[#  26]+0.024*[#  28]+0.003*[#  21]
          +0.003*[#  22]+0.003*[#  23]
    |psi|^2 = 0.998
==== e(  14) =     9.75772 eV ==== 
     psi = 0.199*[#   6]+0.199*[#   7]+0.199*[#   9]+0.106*[#  16]+0.106*[#  17]
          +0.106*[#  19]+0.024*[#  25]+0.024*[#  26]+0.024*[#  28]+0.003*[#  21]
          +0.003*[#  22]+0.003*[#  23]
    |psi|^2 = 0.998
==== e(  15) =    10.23694 eV ==== 
     psi = 0.157*[#  16]+0.157*[#  17]+0.157*[#  19]+0.140*[#   6]+0.140*[#   7]
          +0.140*[#   9]+0.028*[#  15]+0.028*[#  18]+0.017*[#  20]+0.006*[#  24]
          +0.006*[#  27]+0.004*[#   5]+0.004*[#   8]+0.002*[#   1]+0.002*[#   2]
          +0.002*[#   3]+0.002*[#   4]+0.002*[#  25]+0.002*[#  26]+0.002*[#  28]
          +0.001*[#  21]+0.001*[#  22]+0.001*[#  23]
    |psi|^2 = 0.999
==== e(  16) =    10.46578 eV ==== 
     psi = 0.254*[#   5]+0.254*[#   8]+0.075*[#  15]+0.075*[#  18]+0.060*[#  25]
          +0.060*[#  26]+0.060*[#  28]+0.031*[#  11]+0.021*[#  24]+0.021*[#  27]
          +0.019*[#   6]+0.019*[#   7]+0.019*[#   9]+0.009*[#  21]+0.009*[#  22]
          +0.009*[#  23]+0.002*[#   1]
    |psi|^2 = 0.999
==== e(  17) =    10.79569 eV ==== 
     psi = 0.394*[#  15]+0.394*[#  18]+0.098*[#   5]+0.098*[#   8]+0.007*[#  24]
          +0.007*[#  27]
    |psi|^2 = 0.998
==== e(  18) =    11.20266 eV ==== 
     psi = 0.175*[#  16]+0.175*[#  17]+0.175*[#  19]+0.092*[#  25]+0.092*[#  26]
          +0.092*[#  28]+0.037*[#   6]+0.037*[#   7]+0.037*[#   9]+0.018*[#   2]
          +0.018*[#   3]+0.018*[#   4]+0.010*[#  21]+0.010*[#  22]+0.010*[#  23]
          
    |psi|^2 = 0.996
==== e(  19) =    11.20266 eV ==== 
     psi = 0.175*[#  16]+0.175*[#  17]+0.175*[#  19]+0.092*[#  25]+0.092*[#  26]
          +0.092*[#  28]+0.037*[#   6]+0.037*[#   7]+0.037*[#   9]+0.018*[#   2]
          +0.018*[#   3]+0.018*[#   4]+0.010*[#  21]+0.010*[#  22]+0.010*[#  23]
          
    |psi|^2 = 0.996
==== e(  20) =    11.50967 eV ==== 
     psi = 0.236*[#  15]+0.236*[#  18]+0.089*[#  24]+0.089*[#  27]+0.051*[#  16]
          +0.051*[#  17]+0.051*[#  19]+0.028*[#   1]+0.022*[#   5]+0.022*[#   8]
          +0.018*[#  11]+0.016*[#  21]+0.016*[#  22]+0.016*[#  23]+0.007*[#  25]
          +0.007*[#  26]+0.007*[#  28]+0.005*[#   2]+0.005*[#   3]+0.005*[#   4]
          +0.004*[#   6]+0.004*[#   7]+0.004*[#   9]+0.004*[#  20]
    |psi|^2 = 0.999
==== e(  21) =    12.96881 eV ==== 
     psi = 0.129*[#  20]+0.068*[#  11]+0.068*[#  24]+0.068*[#  27]+0.065*[#   2]
          +0.065*[#   3]+0.065*[#   4]+0.059*[#   1]+0.043*[#  15]+0.043*[#  18]
          +0.042*[#  21]+0.042*[#  22]+0.042*[#  23]+0.040*[#  16]+0.040*[#  17]
          +0.040*[#  19]+0.016*[#   5]+0.016*[#   8]+0.016*[#   6]+0.016*[#   7]
          +0.016*[#   9]
    |psi|^2 = 0.995
==== e(  22) =    13.90530 eV ==== 
     psi = 0.150*[#   2]+0.150*[#   3]+0.150*[#   4]+0.141*[#  21]+0.141*[#  22]
          +0.141*[#  23]+0.014*[#  25]+0.014*[#  26]+0.014*[#  28]+0.012*[#  16]
          +0.012*[#  17]+0.012*[#  19]+0.005*[#   6]+0.005*[#   7]+0.005*[#   9]
          
    |psi|^2 = 0.967
==== e(  23) =    13.90530 eV ==== 
     psi = 0.150*[#   2]+0.150*[#   3]+0.150*[#   4]+0.141*[#  21]+0.141*[#  22]
          +0.141*[#  23]+0.014*[#  25]+0.014*[#  26]+0.014*[#  28]+0.012*[#  16]
          +0.012*[#  17]+0.012*[#  19]+0.005*[#   6]+0.005*[#   7]+0.005*[#   9]
          
    |psi|^2 = 0.967
==== e(  24) =    18.90681 eV ==== 
     psi = 0.435*[#   1]+0.397*[#  11]+0.041*[#  25]+0.041*[#  26]+0.041*[#  28]
          +0.007*[#  20]+0.003*[#  10]+0.003*[#  15]+0.003*[#  18]+0.002*[#   2]
          +0.002*[#   3]+0.002*[#   4]+0.002*[#   5]+0.002*[#   8]
    |psi|^2 = 0.983
==== e(  25) =    19.25634 eV ==== 
     psi = 0.475*[#  20]+0.109*[#   2]+0.109*[#   3]+0.109*[#   4]+0.035*[#  11]
          +0.008*[#  16]+0.008*[#  17]+0.008*[#  19]+0.008*[#  24]+0.008*[#  27]
          +0.004*[#  21]+0.004*[#  22]+0.004*[#  23]+0.004*[#   6]+0.004*[#   7]
          +0.004*[#   9]+0.004*[#  10]+0.002*[#   1]
    |psi|^2 = 0.907
==== e(  26) =    27.23490 eV ==== 
     psi = 0.088*[#   2]+0.088*[#   3]+0.088*[#   4]+0.064*[#  21]+0.064*[#  22]
          +0.064*[#  23]+0.001*[#  25]+0.001*[#  26]+0.001*[#  28]
    |psi|^2 = 0.460
==== e(  27) =    27.23490 eV ==== 
     psi = 0.088*[#   2]+0.088*[#   3]+0.088*[#   4]+0.064*[#  21]+0.064*[#  22]
          +0.064*[#  23]+0.001*[#  25]+0.001*[#  26]+0.001*[#  28]
    |psi|^2 = 0.460
==== e(  28) =    28.46486 eV ==== 
     psi = 0.002*[#  15]+0.002*[#  18]
    |psi|^2 = 0.006

 k =   0.9166666667 -0.0833333333  0.9166666667
==== e(   1) =   -91.24281 eV ==== 
     psi = 0.956*[#  10]+0.011*[#  21]+0.011*[#  22]+0.011*[#  23]+0.006*[#  11]
          +0.001*[#  25]+0.001*[#  26]+0.001*[#  28]
    |psi|^2 = 1.000
==== e(   2) =   -51.63482 eV ==== 
     psi = 0.332*[#  12]+0.332*[#  13]+0.332*[#  14]+0.001*[#   2]+0.001*[#   3]
          +0.001*[#   4]
    |psi|^2 = 1.000
==== e(   3) =   -51.63436 eV ==== 
     psi = 0.333*[#  12]+0.333*[#  13]+0.333*[#  14]
    |psi|^2 = 1.000
==== e(   4) =   -51.63432 eV ==== 
     psi = 0.332*[#  12]+0.332*[#  13]+0.332*[#  14]
    |psi|^2 = 1.000
==== e(   5) =     6.75347 eV ==== 
     psi = 0.215*[#  25]+0.215*[#  26]+0.215*[#  28]+0.076*[#   1]+0.058*[#  11]
          +0.057*[#   5]+0.057*[#   8]+0.045*[#  15]+0.045*[#  18]+0.002*[#  21]
          +0.002*[#  22]+0.002*[#  23]+0.001*[#  20]
    |psi|^2 = 0.999
==== e(   6) =     7.20026 eV ==== 
     psi = 0.167*[#  24]+0.167*[#  27]+0.120*[#  20]+0.105*[#   2]+0.105*[#   3]
          +0.105*[#   4]+0.035*[#  11]+0.029*[#   1]+0.029*[#  21]+0.029*[#  22]
          +0.029*[#  23]+0.009*[#  25]+0.009*[#  26]+0.009*[#  28]+0.008*[#   5]
          +0.008*[#   8]+0.005*[#   6]+0.005*[#   7]+0.005*[#   9]+0.003*[#  10]
          +0.003*[#  15]+0.003*[#  18]+0.002*[#  16]+0.002*[#  17]+0.002*[#  19]
          
    |psi|^2 = 0.996
==== e(   7) =     7.38436 eV ==== 
     psi = 0.131*[#  24]+0.131*[#  27]+0.094*[#   6]+0.094*[#   7]+0.094*[#   9]
          +0.088*[#  20]+0.055*[#  16]+0.055*[#  17]+0.055*[#  19]+0.028*[#   1]
          +0.025*[#  11]+0.017*[#   5]+0.017*[#   8]+0.017*[#  21]+0.017*[#  22]
          +0.017*[#  23]+0.011*[#  15]+0.011*[#  18]+0.011*[#  25]+0.011*[#  26]
          +0.011*[#  28]+0.003*[#   2]+0.003*[#   3]+0.003*[#   4]+0.001*[#  10]
          
    |psi|^2 = 0.999
==== e(   8) =     7.81146 eV ==== 
     psi = 0.138*[#  25]+0.138*[#  26]+0.138*[#  28]+0.080*[#   6]+0.080*[#   7]
          +0.080*[#   9]+0.072*[#  20]+0.039*[#  16]+0.039*[#  17]+0.039*[#  19]
          +0.018*[#   2]+0.018*[#   3]+0.018*[#   4]+0.014*[#   5]+0.014*[#   8]
          +0.013*[#   1]+0.011*[#  11]+0.009*[#  15]+0.009*[#  18]+0.008*[#  21]
          +0.008*[#  22]+0.008*[#  23]+0.003*[#  24]+0.003*[#  27]
    |psi|^2 = 0.998
==== e(   9) =     7.88175 eV ==== 
     psi = 0.198*[#  25]+0.198*[#  26]+0.198*[#  28]+0.090*[#   6]+0.090*[#   7]
          +0.090*[#   9]+0.038*[#  16]+0.038*[#  17]+0.038*[#  19]+0.005*[#   5]
          +0.005*[#   8]+0.003*[#  15]+0.003*[#  18]
    |psi|^2 = 0.999
==== e(  10) =     8.27783 eV ==== 
     psi = 0.096*[#   5]+0.096*[#   8]+0.061*[#   1]+0.058*[#   6]+0.058*[#   7]
          +0.058*[#   9]+0.055*[#  11]+0.054*[#  21]+0.054*[#  22]+0.054*[#  23]
          +0.044*[#  15]+0.044*[#  18]+0.043*[#  25]+0.043*[#  26]+0.043*[#  28]
          +0.033*[#  20]+0.021*[#  16]+0.021*[#  17]+0.021*[#  19]+0.009*[#   2]
          +0.009*[#   3]+0.009*[#   4]+0.006*[#  24]+0.006*[#  27]+0.003*[#  10]
          
    |psi|^2 = 0.998
==== e(  11) =     8.94127 eV ==== 
     psi = 0.270*[#   5]+0.270*[#   8]+0.128*[#  24]+0.128*[#  27]+0.081*[#  15]
          +0.081*[#  18]+0.009*[#   6]+0.009*[#   7]+0.009*[#   9]+0.003*[#  16]
          +0.003*[#  17]+0.003*[#  19]
    |psi|^2 = 0.997
==== e(  12) =     9.39180 eV ==== 
     psi = 0.296*[#  24]+0.296*[#  27]+0.112*[#   5]+0.112*[#   8]+0.025*[#   6]
          +0.025*[#   7]+0.025*[#   9]+0.019*[#  16]+0.019*[#  17]+0.019*[#  19]
          +0.019*[#  15]+0.019*[#  18]+0.003*[#  25]+0.003*[#  26]+0.003*[#  28]
          
    |psi|^2 = 0.998
==== e(  13) =     9.77422 eV ==== 
     psi = 0.182*[#   6]+0.182*[#   7]+0.182*[#   9]+0.110*[#  16]+0.110*[#  17]
          +0.110*[#  19]+0.022*[#  25]+0.022*[#  26]+0.022*[#  28]+0.010*[#  15]
          +0.010*[#  18]+0.004*[#   5]+0.004*[#   8]+0.004*[#  21]+0.004*[#  22]
          +0.004*[#  23]+0.003*[#  24]+0.003*[#  27]+0.003*[#   1]+0.002*[#  20]
          +0.002*[#   2]+0.002*[#   3]+0.002*[#   4]
    |psi|^2 = 0.998
==== e(  14) =     9.82545 eV ==== 
     psi = 0.163*[#   6]+0.163*[#   7]+0.163*[#   9]+0.095*[#  16]+0.095*[#  17]
          +0.095*[#  19]+0.068*[#  24]+0.068*[#  27]+0.020*[#  25]+0.020*[#  26]
          +0.020*[#  28]+0.008*[#   5]+0.008*[#   8]+0.002*[#  21]+0.002*[#  22]
          +0.002*[#  23]+0.002*[#  15]+0.002*[#  18]
    |psi|^2 = 0.998
==== e(  15) =    10.21263 eV ==== 
     psi = 0.158*[#   6]+0.158*[#   7]+0.158*[#   9]+0.154*[#  16]+0.154*[#  17]
          +0.154*[#  19]+0.018*[#  20]+0.010*[#  24]+0.010*[#  27]+0.006*[#  15]
          +0.006*[#  18]+0.002*[#   2]+0.002*[#   3]+0.002*[#   4]
    |psi|^2 = 0.999
==== e(  16) =    10.44385 eV ==== 
     psi = 0.251*[#   5]+0.251*[#   8]+0.085*[#  15]+0.085*[#  18]+0.064*[#  25]
          +0.064*[#  26]+0.064*[#  28]+0.036*[#  11]+0.014*[#   6]+0.014*[#   7]
          +0.014*[#   9]+0.011*[#  21]+0.011*[#  22]+0.011*[#  23]+0.006*[#  24]
          +0.006*[#  27]+0.003*[#   1]+0.001*[#  10]
    |psi|^2 = 0.999
==== e(  17) =    10.71516 eV ==== 
     psi = 0.379*[#  15]+0.379*[#  18]+0.101*[#   5]+0.101*[#   8]+0.004*[#  24]
          +0.004*[#  27]+0.003*[#   2]+0.003*[#   3]+0.003*[#   4]+0.003*[#  16]
          +0.003*[#  17]+0.003*[#  19]+0.002*[#  21]+0.002*[#  22]+0.002*[#  23]
          +0.001*[#   6]+0.001*[#   7]+0.001*[#   9]
    |psi|^2 = 0.998
==== e(  18) =    11.37167 eV ==== 
     psi = 0.150*[#  16]+0.150*[#  17]+0.150*[#  19]+0.084*[#  25]+0.084*[#  26]
          +0.084*[#  28]+0.063*[#  15]+0.063*[#  18]+0.034*[#   6]+0.034*[#   7]
          +0.034*[#   9]+0.009*[#   1]+0.007*[#   2]+0.007*[#   3]+0.007*[#   4]
          +0.007*[#  21]+0.007*[#  22]+0.007*[#  23]+0.003*[#   5]+0.003*[#   8]
          +0.003*[#  24]+0.003*[#  27]+0.002*[#  11]+0.001*[#  20]
    |psi|^2 = 0.998
==== e(  19) =    11.42148 eV ==== 
     psi = 0.169*[#  16]+0.169*[#  17]+0.169*[#  19]+0.104*[#  25]+0.104*[#  26]
          +0.104*[#  28]+0.043*[#   6]+0.043*[#   7]+0.043*[#   9]+0.009*[#  15]
          +0.009*[#  18]+0.006*[#   2]+0.006*[#   3]+0.006*[#   4]+0.003*[#  21]
          +0.003*[#  22]+0.003*[#  23]+0.001*[#   5]+0.001*[#   8]
    |psi|^2 = 0.997
==== e(  20) =    11.68662 eV ==== 
     psi = 0.175*[#  15]+0.175*[#  18]+0.059*[#  24]+0.059*[#  27]+0.053*[#  16]
          +0.053*[#  17]+0.053*[#  19]+0.037*[#   1]+0.034*[#  11]+0.031*[#   5]
          +0.031*[#   8]+0.031*[#  21]+0.031*[#  22]+0.031*[#  23]+0.024*[#  25]
          +0.024*[#  26]+0.024*[#  28]+0.013*[#   6]+0.013*[#   7]+0.013*[#   9]
          +0.009*[#   2]+0.009*[#   3]+0.009*[#   4]+0.008*[#  20]+0.001*[#  10]
          
    |psi|^2 = 0.998
==== e(  21) =    12.36990 eV ==== 
     psi = 0.106*[#  20]+0.085*[#  24]+0.085*[#  27]+0.063*[#  16]+0.063*[#  17]
          +0.063*[#  19]+0.062*[#   2]+0.062*[#   3]+0.062*[#   4]+0.044*[#  15]
          +0.044*[#  18]+0.036*[#  11]+0.032*[#   1]+0.032*[#  21]+0.032*[#  22]
          +0.032*[#  23]+0.020*[#   6]+0.020*[#   7]+0.020*[#   9]+0.014*[#   5]
          +0.014*[#   8]+0.001*[#  25]+0.001*[#  26]+0.001*[#  28]
    |psi|^2 = 0.995
==== e(  22) =    13.30101 eV ==== 
     psi = 0.141*[#   2]+0.141*[#   3]+0.141*[#   4]+0.134*[#  21]+0.134*[#  22]
          +0.134*[#  23]+0.021*[#  11]+0.019*[#  24]+0.019*[#  27]+0.017*[#   1]
          +0.013*[#  25]+0.013*[#  26]+0.013*[#  28]+0.008*[#  16]+0.008*[#  17]
          +0.008*[#  19]+0.003*[#   6]+0.003*[#   7]+0.003*[#   9]+0.002*[#  15]
          +0.002*[#  18]
    |psi|^2 = 0.979
==== e(  23) =    13.71936 eV ==== 
     psi = 0.155*[#   2]+0.155*[#   3]+0.155*[#   4]+0.148*[#  21]+0.148*[#  22]
          +0.148*[#  23]+0.005*[#  16]+0.005*[#  17]+0.005*[#  19]+0.005*[#  15]
          +0.005*[#  18]+0.005*[#  25]+0.005*[#  26]+0.005*[#  28]+0.002*[#   6]
          +0.002*[#   7]+0.002*[#   9]+0.002*[#  24]+0.002*[#  27]+0.002*[#   5]
          +0.002*[#   8]
    |psi|^2 = 0.964
==== e(  24) =    19.02256 eV ==== 
     psi = 0.343*[#   1]+0.317*[#  11]+0.094*[#  20]+0.033*[#  25]+0.033*[#  26]
          +0.033*[#  28]+0.030*[#   2]+0.030*[#   3]+0.030*[#   4]+0.003*[#  10]
          +0.002*[#  15]+0.002*[#  18]+0.002*[#  24]+0.002*[#  27]+0.002*[#  16]
          +0.002*[#  17]+0.002*[#  19]+0.001*[#   5]+0.001*[#   8]+0.001*[#  21]
          +0.001*[#  22]+0.001*[#  23]
    |psi|^2 = 0.967
==== e(  25) =    19.57915 eV ==== 
     psi = 0.386*[#  20]+0.098*[#   2]+0.098*[#   3]+0.098*[#   4]+0.073*[#   1]
          +0.072*[#  11]+0.009*[#  21]+0.009*[#  22]+0.009*[#  23]+0.006*[#  16]
          +0.006*[#  17]+0.006*[#  19]+0.006*[#  25]+0.006*[#  26]+0.006*[#  28]
          +0.005*[#  24]+0.005*[#  27]+0.003*[#   6]+0.003*[#   7]+0.003*[#   9]
          +0.001*[#  10]
    |psi|^2 = 0.912
==== e(  26) =    27.05832 eV ==== 
     psi = 0.077*[#   2]+0.077*[#   3]+0.077*[#   4]+0.048*[#  21]+0.048*[#  22]
          +0.048*[#  23]+0.001*[#  15]+0.001*[#  18]+0.001*[#  25]+0.001*[#  26]
          +0.001*[#  28]
    |psi|^2 = 0.383
==== e(  27) =    27.36977 eV ==== 
     psi = 0.067*[#   2]+0.067*[#   3]+0.067*[#   4]+0.062*[#  21]+0.062*[#  22]
          +0.062*[#  23]+0.061*[#   1]+0.052*[#  11]+0.013*[#  20]+0.004*[#  10]
          +0.001*[#  25]+0.001*[#  26]+0.001*[#  28]
    |psi|^2 = 0.524
==== e(  28) =    28.79780 eV ==== 
     psi = 0.019*[#  20]+0.015*[#  21]+0.015*[#  22]+0.015*[#  23]+0.009*[#   2]
          +0.009*[#   3]+0.009*[#   4]+0.009*[#  11]
    |psi|^2 = 0.104

 k =   0.8333333333  0.0000000000  0.8333333333
==== e(   1) =   -91.24296 eV ==== 
     psi = 0.958*[#  10]+0.010*[#  21]+0.010*[#  22]+0.010*[#  23]+0.006*[#  11]
          +0.001*[#  25]+0.001*[#  26]+0.001*[#  28]
    |psi|^2 = 1.000
==== e(   2) =   -51.63485 eV ==== 
     psi = 0.332*[#  12]+0.332*[#  13]+0.332*[#  14]+0.001*[#   2]+0.001*[#   3]
          +0.001*[#   4]
    |psi|^2 = 1.000
==== e(   3) =   -51.63449 eV ==== 
     psi = 0.332*[#  12]+0.332*[#  13]+0.332*[#  14]
    |psi|^2 = 1.000
==== e(   4) =   -51.63439 eV ==== 
     psi = 0.333*[#  12]+0.333*[#  13]+0.333*[#  14]
    |psi|^2 = 1.000
==== e(   5) =     6.76509 eV ==== 
     psi = 0.205*[#  25]+0.205*[#  26]+0.205*[#  28]+0.077*[#   1]+0.062*[#  11]
          +0.054*[#   5]+0.054*[#   8]+0.043*[#  15]+0.043*[#  18]+0.009*[#  20]
          +0.004*[#  21]+0.004*[#  22]+0.004*[#  23]+0.003*[#   2]+0.003*[#   3]
          +0.003*[#   4]+0.003*[#   6]+0.003*[#   7]+0.003*[#   9]+0.002*[#  16]
          +0.002*[#  17]+0.002*[#  19]+0.001*[#  10]
    |psi|^2 = 0.999
==== e(   6) =     7.36366 eV ==== 
     psi = 0.291*[#  24]+0.291*[#  27]+0.052*[#   2]+0.052*[#   3]+0.052*[#   4]
          +0.049*[#   6]+0.049*[#   7]+0.049*[#   9]+0.019*[#  16]+0.019*[#  17]
          +0.019*[#  19]+0.010*[#  20]+0.006*[#  21]+0.006*[#  22]+0.006*[#  23]
          +0.006*[#  25]+0.006*[#  26]+0.006*[#  28]+0.002*[#   1]+0.002*[#  11]
          +0.001*[#  15]+0.001*[#  18]
    |psi|^2 = 0.998
==== e(   7) =     7.48533 eV ==== 
     psi = 0.138*[#  25]+0.138*[#  26]+0.138*[#  28]+0.074*[#   1]+0.066*[#  11]
          +0.044*[#  21]+0.044*[#  22]+0.044*[#  23]+0.044*[#   5]+0.044*[#   8]
          +0.025*[#   6]+0.025*[#   7]+0.025*[#   9]+0.023*[#  16]+0.023*[#  17]
          +0.023*[#  19]+0.023*[#  15]+0.023*[#  18]+0.013*[#  24]+0.013*[#  27]
          +0.003*[#  10]+0.001*[#   2]+0.001*[#   3]+0.001*[#   4]
    |psi|^2 = 0.999
==== e(   8) =     7.61120 eV ==== 
     psi = 0.302*[#  20]+0.099*[#   6]+0.099*[#   7]+0.099*[#   9]+0.071*[#   2]
          +0.071*[#   3]+0.071*[#   4]+0.054*[#  16]+0.054*[#  17]+0.054*[#  19]
          +0.005*[#  25]+0.005*[#  26]+0.005*[#  28]+0.002*[#  15]+0.002*[#  18]
          
    |psi|^2 = 0.998
==== e(   9) =     7.84356 eV ==== 
     psi = 0.197*[#  25]+0.197*[#  26]+0.197*[#  28]+0.082*[#   6]+0.082*[#   7]
          +0.082*[#   9]+0.034*[#  16]+0.034*[#  17]+0.034*[#  19]+0.017*[#   5]
          +0.017*[#   8]+0.009*[#  15]+0.009*[#  18]+0.001*[#   2]+0.001*[#   3]
          +0.001*[#   4]
    |psi|^2 = 0.999
==== e(  10) =     8.51233 eV ==== 
     psi = 0.101*[#   5]+0.101*[#   8]+0.071*[#   6]+0.071*[#   7]+0.071*[#   9]
          +0.054*[#  25]+0.054*[#  26]+0.054*[#  28]+0.053*[#   1]+0.052*[#  21]
          +0.052*[#  22]+0.052*[#  23]+0.050*[#  11]+0.036*[#  15]+0.036*[#  18]
          +0.023*[#  16]+0.023*[#  17]+0.023*[#  19]+0.005*[#   2]+0.005*[#   3]
          +0.005*[#   4]+0.002*[#  10]+0.002*[#  24]+0.002*[#  27]
    |psi|^2 = 0.998
==== e(  11) =     9.04738 eV ==== 
     psi = 0.381*[#  24]+0.381*[#  27]+0.036*[#   6]+0.036*[#   7]+0.036*[#   9]
          +0.031*[#  16]+0.031*[#  17]+0.031*[#  19]+0.005*[#  15]+0.005*[#  18]
          +0.004*[#  25]+0.004*[#  26]+0.004*[#  28]+0.004*[#   2]+0.004*[#   3]
          +0.004*[#   4]+0.002*[#   5]+0.002*[#   8]
    |psi|^2 = 0.998
==== e(  12) =     9.12343 eV ==== 
     psi = 0.375*[#   5]+0.375*[#   8]+0.076*[#  15]+0.076*[#  18]+0.026*[#   6]
          +0.026*[#   7]+0.026*[#   9]+0.002*[#  24]+0.002*[#  25]+0.002*[#  26]
          +0.002*[#  27]+0.002*[#  28]+0.002*[#  16]+0.002*[#  17]+0.002*[#  19]
          +0.001*[#  21]+0.001*[#  22]+0.001*[#  23]
    |psi|^2 = 0.997
==== e(  13) =     9.82535 eV ==== 
     psi = 0.146*[#   6]+0.146*[#   7]+0.146*[#   9]+0.101*[#  16]+0.101*[#  17]
          +0.101*[#  19]+0.041*[#  15]+0.041*[#  18]+0.021*[#  25]+0.021*[#  26]
          +0.021*[#  28]+0.015*[#   5]+0.015*[#   8]+0.010*[#  24]+0.010*[#  27]
          +0.010*[#  20]+0.009*[#   1]+0.008*[#  21]+0.008*[#  22]+0.008*[#  23]
          +0.007*[#   2]+0.007*[#   3]+0.007*[#   4]
    |psi|^2 = 0.998
==== e(  14) =     9.91923 eV ==== 
     psi = 0.137*[#   6]+0.137*[#   7]+0.137*[#   9]+0.094*[#  16]+0.094*[#  17]
          +0.094*[#  19]+0.092*[#  24]+0.092*[#  27]+0.019*[#  25]+0.019*[#  26]
          +0.019*[#  28]+0.018*[#  15]+0.018*[#  18]+0.005*[#   5]+0.005*[#   8]
          +0.004*[#  21]+0.004*[#  22]+0.004*[#  23]+0.003*[#   2]+0.003*[#   3]
          +0.003*[#   4]
    |psi|^2 = 0.998
==== e(  15) =    10.15445 eV ==== 
     psi = 0.159*[#   6]+0.159*[#   7]+0.159*[#   9]+0.150*[#  16]+0.150*[#  17]
          +0.150*[#  19]+0.016*[#  20]+0.015*[#  24]+0.015*[#  27]+0.003*[#   2]
          +0.003*[#   3]+0.003*[#   4]+0.002*[#  21]+0.002*[#  22]+0.002*[#  23]
          +0.002*[#   1]
    |psi|^2 = 0.999
==== e(  16) =    10.39968 eV ==== 
     psi = 0.231*[#   5]+0.231*[#   8]+0.066*[#  15]+0.066*[#  18]+0.063*[#  25]
          +0.063*[#  26]+0.063*[#  28]+0.041*[#  11]+0.041*[#   6]+0.041*[#   7]
          +0.041*[#   9]+0.011*[#  21]+0.011*[#  22]+0.011*[#  23]+0.003*[#  24]
          +0.003*[#  27]+0.003*[#  16]+0.003*[#  17]+0.003*[#  19]+0.002*[#   2]
          +0.002*[#   3]+0.002*[#   4]+0.001*[#   1]+0.001*[#  10]
    |psi|^2 = 0.999
==== e(  17) =    10.58977 eV ==== 
     psi = 0.356*[#  15]+0.356*[#  18]+0.095*[#   5]+0.095*[#   8]+0.016*[#  24]
          +0.016*[#  27]+0.007*[#   6]+0.007*[#   7]+0.007*[#   9]+0.006*[#   2]
          +0.006*[#   3]+0.006*[#   4]+0.004*[#  21]+0.004*[#  22]+0.004*[#  23]
          +0.003*[#  16]+0.003*[#  17]+0.003*[#  19]+0.002*[#  25]+0.002*[#  26]
          +0.002*[#  28]
    |psi|^2 = 0.998
==== e(  18) =    11.38514 eV ==== 
     psi = 0.151*[#  15]+0.151*[#  18]+0.124*[#  16]+0.124*[#  17]+0.124*[#  19]
          +0.060*[#  25]+0.060*[#  26]+0.060*[#  28]+0.025*[#   1]+0.021*[#   6]
          +0.021*[#   7]+0.021*[#   9]+0.009*[#   5]+0.009*[#   8]+0.009*[#  21]
          +0.009*[#  22]+0.009*[#  23]+0.004*[#  11]+0.002*[#   2]+0.002*[#   3]
          +0.002*[#   4]+0.001*[#  24]+0.001*[#  27]
    |psi|^2 = 0.998
==== e(  19) =    11.49423 eV ==== 
     psi = 0.167*[#  16]+0.167*[#  17]+0.167*[#  19]+0.107*[#  25]+0.107*[#  26]
          +0.107*[#  28]+0.043*[#   6]+0.043*[#   7]+0.043*[#   9]+0.020*[#  15]
          +0.020*[#  18]+0.002*[#  24]+0.002*[#  27]
    |psi|^2 = 0.998
==== e(  20) =    11.86572 eV ==== 
     psi = 0.105*[#  16]+0.105*[#  17]+0.105*[#  19]+0.099*[#  20]+0.064*[#   2]
          +0.064*[#   3]+0.064*[#   4]+0.058*[#  24]+0.058*[#  27]+0.033*[#  21]
          +0.033*[#  22]+0.033*[#  23]+0.027*[#   6]+0.027*[#   7]+0.027*[#   9]
          +0.019*[#   1]+0.019*[#  25]+0.019*[#  26]+0.019*[#  28]+0.006*[#   5]
          +0.006*[#   8]+0.001*[#  15]+0.001*[#  18]
    |psi|^2 = 0.993
==== e(  21) =    12.05466 eV ==== 
     psi = 0.131*[#  15]+0.131*[#  18]+0.082*[#  11]+0.056*[#  21]+0.056*[#  22]
          +0.056*[#  23]+0.047*[#  25]+0.047*[#  26]+0.047*[#  28]+0.045*[#   1]
          +0.040*[#  16]+0.040*[#  17]+0.040*[#  19]+0.036*[#   5]+0.036*[#   8]
          +0.017*[#   6]+0.017*[#   7]+0.017*[#   9]+0.016*[#   2]+0.016*[#   3]
          +0.016*[#   4]+0.003*[#  20]+0.002*[#  24]+0.002*[#  27]+0.002*[#  10]
          
    |psi|^2 = 0.998
==== e(  22) =    12.62824 eV ==== 
     psi = 0.113*[#   2]+0.113*[#   3]+0.113*[#   4]+0.101*[#  21]+0.101*[#  22]
          +0.101*[#  23]+0.097*[#  24]+0.097*[#  27]+0.028*[#   1]+0.024*[#  11]
          +0.013*[#  16]+0.013*[#  17]+0.013*[#  19]+0.013*[#  25]+0.013*[#  26]
          +0.013*[#  28]+0.010*[#  20]+0.004*[#   6]+0.004*[#   7]+0.004*[#   9]
          +0.001*[#  15]+0.001*[#  18]
    |psi|^2 = 0.993
==== e(  23) =    14.07995 eV ==== 
     psi = 0.150*[#  21]+0.150*[#  22]+0.150*[#  23]+0.147*[#   2]+0.147*[#   3]
          +0.147*[#   4]+0.013*[#  15]+0.013*[#  18]+0.006*[#  24]+0.006*[#  27]
          +0.005*[#   5]+0.005*[#   8]+0.002*[#  16]+0.002*[#  17]+0.002*[#  19]
          
    |psi|^2 = 0.951
==== e(  24) =    19.10780 eV ==== 
     psi = 0.266*[#   1]+0.233*[#  11]+0.161*[#  20]+0.060*[#   2]+0.060*[#   3]
          +0.060*[#   4]+0.024*[#  25]+0.024*[#  26]+0.024*[#  28]+0.004*[#  24]
          +0.004*[#  27]+0.003*[#  16]+0.003*[#  17]+0.003*[#  19]+0.002*[#  10]
          +0.002*[#  15]+0.002*[#  18]+0.002*[#   6]+0.002*[#   7]+0.002*[#   9]
          +0.002*[#  21]+0.002*[#  22]+0.002*[#  23]+0.001*[#   5]+0.001*[#   8]
          
    |psi|^2 = 0.947
==== e(  25) =    20.66550 eV ==== 
     psi = 0.277*[#  20]+0.123*[#   1]+0.105*[#  11]+0.088*[#   2]+0.088*[#   3]
          +0.088*[#   4]+0.022*[#  21]+0.022*[#  22]+0.022*[#  23]+0.008*[#  25]
          +0.008*[#  26]+0.008*[#  28]+0.004*[#  16]+0.004*[#  17]+0.004*[#  19]
          +0.002*[#   6]+0.002*[#   7]+0.002*[#   9]+0.002*[#  10]+0.002*[#  24]
          +0.002*[#  27]
    |psi|^2 = 0.884
==== e(  26) =    26.12897 eV ==== 
     psi = 0.094*[#   2]+0.094*[#   3]+0.094*[#   4]+0.044*[#  21]+0.044*[#  22]
          +0.044*[#  23]+0.002*[#  15]+0.002*[#  18]+0.002*[#  25]+0.002*[#  26]
          +0.002*[#  28]
    |psi|^2 = 0.428
==== e(  27) =    26.73368 eV ==== 
     psi = 0.135*[#   1]+0.110*[#  11]+0.066*[#  21]+0.066*[#  22]+0.066*[#  23]
          +0.065*[#   2]+0.065*[#   3]+0.065*[#   4]+0.021*[#  20]+0.008*[#  10]
          +0.002*[#  25]+0.002*[#  26]+0.002*[#  28]
    |psi|^2 = 0.672
==== e(  28) =    27.23331 eV ==== 
     psi = 0.044*[#  20]+0.040*[#  11]+0.033*[#  21]+0.033*[#  22]+0.033*[#  23]
          +0.016*[#   2]+0.016*[#   3]+0.016*[#   4]+0.004*[#   1]+0.003*[#  10]
          
    |psi|^2 = 0.243

 k =   0.0000000000 -1.0000000000  0.0000000000
==== e(   1) =   -91.24261 eV ==== 
     psi = 0.955*[#  10]+0.012*[#  21]+0.012*[#  22]+0.012*[#  23]+0.006*[#  11]
          +0.001*[#  25]+0.001*[#  26]+0.001*[#  28]
    |psi|^2 = 1.000
==== e(   2) =   -51.63479 eV ==== 
     psi = 0.332*[#  12]+0.332*[#  13]+0.332*[#  14]+0.001*[#   2]+0.001*[#   3]
          +0.001*[#   4]
    |psi|^2 = 1.000
==== e(   3) =   -51.63418 eV ==== 
     psi = 0.333*[#  12]+0.333*[#  13]+0.333*[#  14]
    |psi|^2 = 1.000
==== e(   4) =   -51.63418 eV ==== 
     psi = 0.333*[#  12]+0.333*[#  13]+0.333*[#  14]
    |psi|^2 = 1.000
==== e(   5) =     6.72261 eV ==== 
     psi = 0.217*[#  25]+0.217*[#  26]+0.217*[#  28]+0.072*[#   1]+0.062*[#  11]
          +0.060*[#   5]+0.060*[#   8]+0.046*[#  15]+0.046*[#  18]
    |psi|^2 = 0.999
==== e(   6) =     7.24887 eV ==== 
     psi = 0.307*[#  24]+0.307*[#  27]+0.069*[#   2]+0.069*[#   3]+0.069*[#   4]
          +0.032*[#   6]+0.032*[#   7]+0.032*[#   9]+0.020*[#  16]+0.020*[#  17]
          +0.020*[#  19]+0.017*[#  20]
    |psi|^2 = 0.997
==== e(   7) =     7.60306 eV ==== 
     psi = 0.305*[#  20]+0.105*[#   6]+0.105*[#   7]+0.105*[#   9]+0.068*[#   2]
          +0.068*[#   3]+0.068*[#   4]+0.057*[#  16]+0.057*[#  17]+0.057*[#  19]
          
    |psi|^2 = 0.997
==== e(   8) =     7.90088 eV ==== 
     psi = 0.198*[#  25]+0.198*[#  26]+0.198*[#  28]+0.094*[#   6]+0.094*[#   7]
          +0.094*[#   9]+0.040*[#  16]+0.040*[#  17]+0.040*[#  19]
    |psi|^2 = 0.999
==== e(   9) =     7.90088 eV ==== 
     psi = 0.198*[#  25]+0.198*[#  26]+0.198*[#  28]+0.094*[#   6]+0.094*[#   7]
          +0.094*[#   9]+0.040*[#  16]+0.040*[#  17]+0.040*[#  19]
    |psi|^2 = 0.999
==== e(  10) =     7.91744 eV ==== 
     psi = 0.139*[#   1]+0.126*[#  11]+0.125*[#   5]+0.125*[#   8]+0.113*[#  21]
          +0.113*[#  22]+0.113*[#  23]+0.067*[#  15]+0.067*[#  18]+0.007*[#  10]
          
    |psi|^2 = 0.998
==== e(  11) =     9.04465 eV ==== 
     psi = 0.387*[#   5]+0.387*[#   8]+0.111*[#  15]+0.111*[#  18]
    |psi|^2 = 0.996
==== e(  12) =     9.38132 eV ==== 
     psi = 0.500*[#  24]+0.500*[#  27]
    |psi|^2 = 0.999
==== e(  13) =     9.75826 eV ==== 
     psi = 0.191*[#   6]+0.191*[#   7]+0.191*[#   9]+0.118*[#  16]+0.118*[#  17]
          +0.118*[#  19]+0.022*[#  25]+0.022*[#  26]+0.022*[#  28]+0.002*[#  21]
          +0.002*[#  22]+0.002*[#  23]
    |psi|^2 = 0.998
==== e(  14) =     9.75826 eV ==== 
     psi = 0.191*[#   6]+0.191*[#   7]+0.191*[#   9]+0.118*[#  16]+0.118*[#  17]
          +0.118*[#  19]+0.022*[#  25]+0.022*[#  26]+0.022*[#  28]+0.002*[#  21]
          +0.002*[#  22]+0.002*[#  23]
    |psi|^2 = 0.998
==== e(  15) =    10.23332 eV ==== 
     psi = 0.166*[#   6]+0.166*[#   7]+0.166*[#   9]+0.152*[#  16]+0.152*[#  17]
          +0.152*[#  19]+0.019*[#  20]+0.010*[#  24]+0.010*[#  27]+0.002*[#   2]
          +0.002*[#   3]+0.002*[#   4]
    |psi|^2 = 0.999
==== e(  16) =    10.45559 eV ==== 
     psi = 0.260*[#   5]+0.260*[#   8]+0.098*[#  15]+0.098*[#  18]+0.067*[#  25]
          +0.067*[#  26]+0.067*[#  28]+0.037*[#  11]+0.014*[#  21]+0.014*[#  22]
          +0.014*[#  23]+0.004*[#   1]+0.001*[#  10]
    |psi|^2 = 0.999
==== e(  17) =    10.77548 eV ==== 
     psi = 0.387*[#  15]+0.387*[#  18]+0.112*[#   5]+0.112*[#   8]
    |psi|^2 = 0.998
==== e(  18) =    11.49006 eV ==== 
     psi = 0.172*[#  16]+0.172*[#  17]+0.172*[#  19]+0.111*[#  25]+0.111*[#  26]
          +0.111*[#  28]+0.047*[#   6]+0.047*[#   7]+0.047*[#   9]+0.002*[#   2]
          +0.002*[#   3]+0.002*[#   4]
    |psi|^2 = 0.998
==== e(  19) =    11.49006 eV ==== 
     psi = 0.172*[#  16]+0.172*[#  17]+0.172*[#  19]+0.111*[#  25]+0.111*[#  26]
          +0.111*[#  28]+0.047*[#   6]+0.047*[#   7]+0.047*[#   9]+0.002*[#   2]
          +0.002*[#   3]+0.002*[#   4]
    |psi|^2 = 0.998
==== e(  20) =    11.75366 eV ==== 
     psi = 0.284*[#  15]+0.284*[#  18]+0.074*[#   1]+0.068*[#  11]+0.055*[#  21]
          +0.055*[#  22]+0.055*[#  23]+0.053*[#   5]+0.053*[#   8]+0.004*[#  25]
          +0.004*[#  26]+0.004*[#  28]+0.002*[#  10]
    |psi|^2 = 0.998
==== e(  21) =    12.16976 eV ==== 
     psi = 0.173*[#  24]+0.173*[#  27]+0.098*[#  20]+0.095*[#  16]+0.095*[#  17]
          +0.095*[#  19]+0.063*[#   2]+0.063*[#   3]+0.063*[#   4]+0.026*[#   6]
          +0.026*[#   7]+0.026*[#   9]
    |psi|^2 = 0.998
==== e(  22) =    13.41185 eV ==== 
     psi = 0.167*[#   2]+0.167*[#   3]+0.167*[#   4]+0.152*[#  21]+0.152*[#  22]
          +0.152*[#  23]+0.002*[#  16]+0.002*[#  17]+0.002*[#  19]
    |psi|^2 = 0.968
==== e(  23) =    13.41185 eV ==== 
     psi = 0.167*[#   2]+0.167*[#   3]+0.167*[#   4]+0.152*[#  21]+0.152*[#  22]
          +0.152*[#  23]+0.002*[#  16]+0.002*[#  17]+0.002*[#  19]
    |psi|^2 = 0.968
==== e(  24) =    18.89619 eV ==== 
     psi = 0.429*[#   1]+0.412*[#  11]+0.043*[#  25]+0.043*[#  26]+0.043*[#  28]
          +0.004*[#  10]+0.003*[#  15]+0.003*[#  18]+0.002*[#   5]+0.002*[#   8]
          
    |psi|^2 = 0.984
==== e(  25) =    19.22131 eV ==== 
     psi = 0.508*[#  20]+0.118*[#   2]+0.118*[#   3]+0.118*[#   4]+0.009*[#  24]
          +0.009*[#  27]+0.009*[#  16]+0.009*[#  17]+0.009*[#  19]+0.004*[#   6]
          +0.004*[#   7]+0.004*[#   9]
    |psi|^2 = 0.918
==== e(  26) =    28.44960 eV ==== 
     psi = 0.002*[#  15]+0.002*[#  18]
    |psi|^2 = 0.006
==== e(  27) =    28.47858 eV ==== 
     psi = 0.083*[#   2]+0.083*[#   3]+0.083*[#   4]+0.053*[#  21]+0.053*[#  22]
          +0.053*[#  23]+0.001*[#  25]+0.001*[#  26]+0.001*[#  28]
    |psi|^2 = 0.410
==== e(  28) =    28.47858 eV ==== 
     psi = 0.083*[#   2]+0.083*[#   3]+0.083*[#   4]+0.053*[#  21]+0.053*[#  22]
          +0.053*[#  23]+0.001*[#  25]+0.001*[#  26]+0.001*[#  28]
    |psi|^2 = 0.410

 k =  -0.1666666667  0.3333333333  0.0000000000
==== e(   1) =   -91.24321 eV ==== 
     psi = 0.954*[#  10]+0.007*[#  21]+0.007*[#  22]+0.007*[#  23]+0.006*[#  11]
          +0.004*[#   2]+0.004*[#   3]+0.004*[#   4]+0.004*[#  20]
    |psi|^2 = 1.000
==== e(   2) =   -51.63471 eV ==== 
     psi = 0.333*[#  12]+0.333*[#  13]+0.333*[#  14]
    |psi|^2 = 1.000
==== e(   3) =   -51.63448 eV ==== 
     psi = 0.333*[#  12]+0.333*[#  13]+0.333*[#  14]
    |psi|^2 = 1.000
==== e(   4) =   -51.63447 eV ==== 
     psi = 0.333*[#  12]+0.333*[#  13]+0.333*[#  14]
    |psi|^2 = 1.000
==== e(   5) =     4.41724 eV ==== 
     psi = 0.252*[#  20]+0.188*[#   1]+0.179*[#  11]+0.059*[#  21]+0.059*[#  22]
          +0.059*[#  23]+0.058*[#   2]+0.058*[#   3]+0.058*[#   4]+0.015*[#  10]
          +0.001*[#   6]+0.001*[#   7]+0.001*[#   9]+0.001*[#  25]+0.001*[#  26]
          +0.001*[#  28]
    |psi|^2 = 0.996
==== e(   6) =     7.49561 eV ==== 
     psi = 0.205*[#  25]+0.205*[#  26]+0.205*[#  28]+0.068*[#   5]+0.068*[#   8]
          +0.047*[#  24]+0.047*[#  27]+0.031*[#   6]+0.031*[#   7]+0.031*[#   9]
          +0.020*[#   1]+0.014*[#  11]+0.004*[#  16]+0.004*[#  17]+0.004*[#  19]
          +0.003*[#   2]+0.003*[#   3]+0.003*[#   4]
    |psi|^2 = 0.995
==== e(   7) =     7.62574 eV ==== 
     psi = 0.196*[#  24]+0.196*[#  27]+0.073*[#  15]+0.073*[#  18]+0.072*[#  25]
          +0.072*[#  26]+0.072*[#  28]+0.067*[#   5]+0.067*[#   8]+0.013*[#  16]
          +0.013*[#  17]+0.013*[#  19]+0.011*[#   6]+0.011*[#   7]+0.011*[#   9]
          +0.009*[#   1]+0.008*[#   2]+0.008*[#   3]+0.008*[#   4]+0.003*[#  11]
          
    |psi|^2 = 0.997
==== e(   8) =     7.71207 eV ==== 
     psi = 0.136*[#  25]+0.136*[#  26]+0.136*[#  28]+0.107*[#  24]+0.107*[#  27]
          +0.091*[#   5]+0.091*[#   8]+0.039*[#  15]+0.039*[#  18]+0.023*[#   6]
          +0.023*[#   7]+0.023*[#   9]+0.008*[#  16]+0.008*[#  17]+0.008*[#  19]
          +0.006*[#   2]+0.006*[#   3]+0.006*[#   4]
    |psi|^2 = 0.997
==== e(   9) =     7.76460 eV ==== 
     psi = 0.218*[#  25]+0.218*[#  26]+0.218*[#  28]+0.039*[#   6]+0.039*[#   7]
          +0.039*[#   9]+0.029*[#  24]+0.029*[#  27]+0.025*[#  15]+0.025*[#  18]
          +0.024*[#  16]+0.024*[#  17]+0.024*[#  19]+0.013*[#   2]+0.013*[#   3]
          +0.013*[#   4]+0.003*[#   5]+0.003*[#   8]
    |psi|^2 = 0.998
==== e(  10) =     7.84004 eV ==== 
     psi = 0.126*[#  24]+0.126*[#  27]+0.105*[#  25]+0.105*[#  26]+0.105*[#  28]
          +0.068*[#   5]+0.068*[#   8]+0.046*[#   6]+0.046*[#   7]+0.046*[#   9]
          +0.042*[#  15]+0.042*[#  18]+0.021*[#  16]+0.021*[#  17]+0.021*[#  19]
          +0.004*[#   2]+0.004*[#   3]+0.004*[#   4]+0.001*[#  20]
    |psi|^2 = 0.998
==== e(  11) =     8.88163 eV ==== 
     psi = 0.193*[#   6]+0.193*[#   7]+0.193*[#   9]+0.065*[#   5]+0.065*[#   8]
          +0.059*[#  16]+0.059*[#  17]+0.059*[#  19]+0.015*[#  20]+0.014*[#  21]
          +0.014*[#  22]+0.014*[#  23]+0.009*[#  15]+0.009*[#  18]+0.009*[#  25]
          +0.009*[#  26]+0.009*[#  28]+0.004*[#  11]+0.002*[#   2]+0.002*[#   3]
          +0.002*[#   4]
    |psi|^2 = 0.998
==== e(  12) =     9.19320 eV ==== 
     psi = 0.208*[#   6]+0.208*[#   7]+0.208*[#   9]+0.063*[#  16]+0.063*[#  17]
          +0.063*[#  19]+0.024*[#  25]+0.024*[#  26]+0.024*[#  28]+0.023*[#   5]
          +0.023*[#   8]+0.013*[#  21]+0.013*[#  22]+0.013*[#  23]+0.006*[#   2]
          +0.006*[#   3]+0.006*[#   4]+0.002*[#  20]+0.002*[#  11]+0.001*[#  24]
          +0.001*[#  27]
    |psi|^2 = 0.998
==== e(  13) =     9.27656 eV ==== 
     psi = 0.201*[#   6]+0.201*[#   7]+0.201*[#   9]+0.073*[#  16]+0.073*[#  17]
          +0.073*[#  19]+0.031*[#  25]+0.031*[#  26]+0.031*[#  28]+0.015*[#  21]
          +0.015*[#  22]+0.015*[#  23]+0.006*[#  15]+0.006*[#  18]+0.006*[#   2]
          +0.006*[#   3]+0.006*[#   4]+0.005*[#   1]+0.002*[#  11]
    |psi|^2 = 0.998
==== e(  14) =    10.27806 eV ==== 
     psi = 0.272*[#   5]+0.272*[#   8]+0.100*[#  24]+0.100*[#  27]+0.047*[#  16]
          +0.047*[#  17]+0.047*[#  19]+0.022*[#  15]+0.022*[#  18]+0.016*[#   6]
          +0.016*[#   7]+0.016*[#   9]+0.006*[#  25]+0.006*[#  26]+0.006*[#  28]
          +0.001*[#   1]+0.001*[#   2]+0.001*[#   3]+0.001*[#   4]
    |psi|^2 = 0.999
==== e(  15) =    10.32984 eV ==== 
     psi = 0.176*[#   5]+0.176*[#   8]+0.107*[#  16]+0.107*[#  17]+0.107*[#  19]
          +0.104*[#  15]+0.104*[#  18]+0.031*[#  24]+0.031*[#  27]+0.012*[#   6]
          +0.012*[#   7]+0.012*[#   9]+0.002*[#  25]+0.002*[#  26]+0.002*[#  28]
          +0.002*[#  21]+0.002*[#  22]+0.002*[#  23]+0.002*[#   1]+0.001*[#  20]
          
    |psi|^2 = 0.999
==== e(  16) =    10.45371 eV ==== 
     psi = 0.173*[#  16]+0.173*[#  17]+0.173*[#  19]+0.071*[#   6]+0.071*[#   7]
          +0.071*[#   9]+0.049*[#   5]+0.049*[#   8]+0.026*[#  24]+0.026*[#  27]
          +0.017*[#  25]+0.017*[#  26]+0.017*[#  28]+0.015*[#  15]+0.015*[#  18]
          +0.005*[#   2]+0.005*[#   3]+0.005*[#   4]+0.004*[#   1]+0.003*[#  11]
          +0.003*[#  21]+0.003*[#  22]+0.003*[#  23]+0.002*[#  20]
    |psi|^2 = 0.998
==== e(  17) =    10.70468 eV ==== 
     psi = 0.183*[#  16]+0.183*[#  17]+0.183*[#  19]+0.044*[#   6]+0.044*[#   7]
          +0.044*[#   9]+0.042*[#   5]+0.042*[#   8]+0.032*[#  25]+0.032*[#  26]
          +0.032*[#  28]+0.027*[#  15]+0.027*[#  18]+0.024*[#  24]+0.024*[#  27]
          +0.006*[#   2]+0.006*[#   3]+0.006*[#   4]+0.003*[#   1]+0.002*[#  21]
          +0.002*[#  22]+0.002*[#  23]
    |psi|^2 = 0.996
==== e(  18) =    10.73086 eV ==== 
     psi = 0.101*[#  16]+0.101*[#  17]+0.101*[#  19]+0.078*[#  24]+0.078*[#  27]
          +0.073*[#   6]+0.073*[#   7]+0.073*[#   9]+0.069*[#   5]+0.069*[#   8]
          +0.034*[#  25]+0.034*[#  26]+0.034*[#  28]+0.033*[#  15]+0.033*[#  18]
          +0.003*[#   2]+0.003*[#   3]+0.003*[#   4]
    |psi|^2 = 0.997
==== e(  19) =    11.16535 eV ==== 
     psi = 0.329*[#  15]+0.329*[#  18]+0.123*[#  24]+0.123*[#  27]+0.019*[#  16]
          +0.019*[#  17]+0.019*[#  19]+0.007*[#  25]+0.007*[#  26]+0.007*[#  28]
          +0.004*[#   6]+0.004*[#   7]+0.004*[#   9]+0.001*[#   5]+0.001*[#   8]
          
    |psi|^2 = 0.998
==== e(  20) =    11.37278 eV ==== 
     psi = 0.264*[#  15]+0.264*[#  18]+0.104*[#  24]+0.104*[#  27]+0.062*[#  16]
          +0.062*[#  17]+0.062*[#  19]+0.020*[#  25]+0.020*[#  26]+0.020*[#  28]
          +0.003*[#   6]+0.003*[#   7]+0.003*[#   9]+0.001*[#   1]
    |psi|^2 = 0.999
==== e(  21) =    16.77352 eV ==== 
     psi = 0.225*[#  20]+0.103*[#  21]+0.103*[#  22]+0.103*[#  23]+0.089*[#   2]
          +0.089*[#   3]+0.089*[#   4]+0.017*[#  16]+0.017*[#  17]+0.017*[#  19]
          +0.015*[#  25]+0.015*[#  26]+0.015*[#  28]+0.008*[#   6]+0.008*[#   7]
          +0.008*[#   9]+0.005*[#   1]+0.003*[#  11]+0.001*[#  15]+0.001*[#  18]
          
    |psi|^2 = 0.937
==== e(  22) =    17.08090 eV ==== 
     psi = 0.174*[#   1]+0.110*[#  21]+0.110*[#  22]+0.110*[#  23]+0.090*[#  11]
          +0.063*[#   2]+0.063*[#   3]+0.063*[#   4]+0.028*[#  25]+0.028*[#  26]
          +0.028*[#  28]+0.012*[#  20]+0.011*[#  16]+0.011*[#  17]+0.011*[#  19]
          +0.005*[#   6]+0.005*[#   7]+0.005*[#   9]
    |psi|^2 = 0.930
==== e(  23) =    19.19577 eV ==== 
     psi = 0.124*[#  21]+0.124*[#  22]+0.124*[#  23]+0.087*[#   2]+0.087*[#   3]
          +0.087*[#   4]+0.068*[#   1]+0.067*[#  20]+0.035*[#  11]+0.005*[#  16]
          +0.005*[#  17]+0.005*[#  19]+0.004*[#  25]+0.004*[#  26]+0.004*[#  28]
          +0.004*[#  15]+0.004*[#  18]+0.004*[#  24]+0.004*[#  27]+0.003*[#   6]
          +0.003*[#   7]+0.003*[#   9]+0.001*[#   5]+0.001*[#   8]+0.001*[#  10]
          
    |psi|^2 = 0.860
==== e(  24) =    20.18608 eV ==== 
     psi = 0.262*[#  11]+0.239*[#   1]+0.058*[#   2]+0.058*[#   3]+0.058*[#   4]
          +0.050*[#  21]+0.050*[#  22]+0.050*[#  23]+0.014*[#  25]+0.014*[#  26]
          +0.014*[#  28]+0.004*[#  20]+0.003*[#  10]+0.001*[#   6]+0.001*[#   7]
          +0.001*[#   9]
    |psi|^2 = 0.882
==== e(  25) =    20.79303 eV ==== 
     psi = 0.130*[#  20]+0.087*[#   2]+0.087*[#   3]+0.087*[#   4]+0.056*[#  11]
          +0.046*[#  21]+0.046*[#  22]+0.046*[#  23]+0.006*[#  10]+0.003*[#  16]
          +0.003*[#  17]+0.003*[#  19]+0.002*[#   1]+0.001*[#   6]+0.001*[#   7]
          +0.001*[#   9]
    |psi|^2 = 0.607
==== e(  26) =    22.39927 eV ==== 
     psi = 0.169*[#   2]+0.169*[#   3]+0.169*[#   4]+0.067*[#  20]+0.053*[#   1]
          +0.030*[#  21]+0.030*[#  22]+0.030*[#  23]+0.007*[#  25]+0.007*[#  26]
          +0.007*[#  28]+0.001*[#  11]+0.002*[#  24]+0.002*[#  27]+0.001*[#  15]
          +0.001*[#  18]
    |psi|^2 = 0.746
==== e(  27) =    22.69739 eV ==== 
     psi = 0.130*[#  11]+0.044*[#   2]+0.044*[#   3]+0.044*[#   4]+0.009*[#  21]
          +0.009*[#  22]+0.009*[#  23]+0.004*[#  10]+0.002*[#  25]+0.002*[#  26]
          +0.002*[#  28]
    |psi|^2 = 0.306
==== e(  28) =    23.54093 eV ==== 
     psi = 0.138*[#   2]+0.138*[#   3]+0.138*[#   4]+0.072*[#  21]+0.072*[#  22]
          +0.072*[#  23]+0.028*[#  11]+0.026*[#  20]+0.004*[#  25]+0.004*[#  26]
          +0.004*[#  28]
    |psi|^2 = 0.703

 k =  -0.2500000000  0.4166666667 -0.0833333333
==== e(   1) =   -91.24306 eV ==== 
     psi = 0.952*[#  10]+0.008*[#  21]+0.008*[#  22]+0.008*[#  23]+0.007*[#  11]
          +0.005*[#   2]+0.005*[#   3]+0.005*[#   4]+0.002*[#  20]
    |psi|^2 = 1.000
==== e(   2) =   -51.63460 eV ==== 
     psi = 0.333*[#  12]+0.333*[#  13]+0.333*[#  14]
    |psi|^2 = 1.000
==== e(   3) =   -51.63451 eV ==== 
     psi = 0.333*[#  12]+0.333*[#  13]+0.333*[#  14]
    |psi|^2 = 1.000
==== e(   4) =   -51.63447 eV ==== 
     psi = 0.333*[#  12]+0.333*[#  13]+0.333*[#  14]
    |psi|^2 = 1.000
==== e(   5) =     4.88656 eV ==== 
     psi = 0.229*[#  20]+0.159*[#   1]+0.143*[#  11]+0.071*[#   2]+0.071*[#   3]
          +0.071*[#   4]+0.069*[#  21]+0.069*[#  22]+0.069*[#  23]+0.015*[#  10]
          +0.005*[#  25]+0.005*[#  26]+0.005*[#  28]+0.002*[#   6]+0.002*[#   7]
          +0.002*[#   9]+0.002*[#  16]+0.002*[#  17]+0.002*[#  19]
    |psi|^2 = 0.997
==== e(   6) =     7.42353 eV ==== 
     psi = 0.235*[#  25]+0.235*[#  26]+0.235*[#  28]+0.043*[#   5]+0.043*[#   8]
          +0.033*[#   1]+0.028*[#  11]+0.023*[#   6]+0.023*[#   7]+0.023*[#   9]
          +0.011*[#  24]+0.011*[#  27]+0.007*[#  16]+0.007*[#  17]+0.007*[#  19]
          +0.005*[#  15]+0.005*[#  18]+0.004*[#   2]+0.004*[#   3]+0.004*[#   4]
          +0.002*[#  21]+0.002*[#  22]+0.002*[#  23]
    |psi|^2 = 0.996
==== e(   7) =     7.64957 eV ==== 
     psi = 0.188*[#  24]+0.188*[#  27]+0.080*[#  25]+0.080*[#  26]+0.080*[#  28]
          +0.073*[#   5]+0.073*[#   8]+0.046*[#  15]+0.046*[#  18]+0.028*[#   6]
          +0.028*[#   7]+0.028*[#   9]+0.008*[#   2]+0.008*[#   3]+0.008*[#   4]
          +0.008*[#  16]+0.008*[#  17]+0.008*[#  19]+0.007*[#   1]+0.001*[#  11]
          
    |psi|^2 = 0.996
==== e(   8) =     7.70802 eV ==== 
     psi = 0.182*[#  25]+0.182*[#  26]+0.182*[#  28]+0.062*[#   5]+0.062*[#   8]
          +0.055*[#  24]+0.055*[#  27]+0.032*[#   6]+0.032*[#   7]+0.032*[#   9]
          +0.026*[#  15]+0.026*[#  18]+0.014*[#  16]+0.014*[#  17]+0.014*[#  19]
          +0.008*[#   2]+0.008*[#   3]+0.008*[#   4]+0.002*[#  20]
    |psi|^2 = 0.997
==== e(   9) =     7.79144 eV ==== 
     psi = 0.159*[#  25]+0.159*[#  26]+0.159*[#  28]+0.076*[#  24]+0.076*[#  27]
          +0.047*[#   6]+0.047*[#   7]+0.047*[#   9]+0.037*[#  16]+0.037*[#  17]
          +0.037*[#  19]+0.033*[#  15]+0.033*[#  18]+0.009*[#   2]+0.009*[#   3]
          +0.009*[#   4]+0.008*[#   5]+0.008*[#   8]+0.004*[#  20]
    |psi|^2 = 0.999
==== e(  10) =     7.95248 eV ==== 
     psi = 0.190*[#  24]+0.190*[#  27]+0.090*[#   5]+0.090*[#   8]+0.053*[#  15]
          +0.053*[#  18]+0.047*[#   6]+0.047*[#   7]+0.047*[#   9]+0.041*[#  25]
          +0.041*[#  26]+0.041*[#  28]+0.020*[#  16]+0.020*[#  17]+0.020*[#  19]
          +0.002*[#  20]+0.002*[#   2]+0.002*[#   3]+0.002*[#   4]
    |psi|^2 = 0.998
==== e(  11) =     8.90374 eV ==== 
     psi = 0.178*[#   6]+0.178*[#   7]+0.178*[#   9]+0.087*[#   5]+0.087*[#   8]
          +0.040*[#  16]+0.040*[#  17]+0.040*[#  19]+0.019*[#  20]+0.017*[#  21]
          +0.017*[#  22]+0.017*[#  23]+0.015*[#  25]+0.015*[#  26]+0.015*[#  28]
          +0.012*[#  15]+0.012*[#  18]+0.009*[#  11]+0.006*[#   2]+0.006*[#   3]
          +0.006*[#   4]+0.002*[#   1]
    |psi|^2 = 0.998
==== e(  12) =     9.24757 eV ==== 
     psi = 0.201*[#   6]+0.201*[#   7]+0.201*[#   9]+0.046*[#   5]+0.046*[#   8]
          +0.046*[#  16]+0.046*[#  17]+0.046*[#  19]+0.022*[#  25]+0.022*[#  26]
          +0.022*[#  28]+0.016*[#  21]+0.016*[#  22]+0.016*[#  23]+0.008*[#   2]
          +0.008*[#   3]+0.008*[#   4]+0.007*[#  11]+0.004*[#   1]+0.003*[#  20]
          +0.003*[#  15]+0.003*[#  18]+0.003*[#  24]+0.003*[#  27]
    |psi|^2 = 0.998
==== e(  13) =     9.40084 eV ==== 
     psi = 0.176*[#   6]+0.176*[#   7]+0.176*[#   9]+0.067*[#  16]+0.067*[#  17]
          +0.067*[#  19]+0.035*[#  25]+0.035*[#  26]+0.035*[#  28]+0.020*[#  15]
          +0.020*[#  18]+0.018*[#  21]+0.018*[#  22]+0.018*[#  23]+0.014*[#   5]
          +0.014*[#   8]+0.009*[#   1]+0.008*[#   2]+0.008*[#   3]+0.008*[#   4]
          +0.003*[#  24]+0.003*[#  27]+0.003*[#  11]
    |psi|^2 = 0.998
==== e(  14) =    10.10075 eV ==== 
     psi = 0.239*[#   5]+0.239*[#   8]+0.088*[#  24]+0.088*[#  27]+0.062*[#  16]
          +0.062*[#  17]+0.062*[#  19]+0.032*[#   6]+0.032*[#   7]+0.032*[#   9]
          +0.011*[#  25]+0.011*[#  26]+0.011*[#  28]+0.008*[#  15]+0.008*[#  18]
          +0.003*[#   2]+0.003*[#   3]+0.003*[#   4]+0.002*[#   1]+0.001*[#  11]
          
    |psi|^2 = 0.999
==== e(  15) =    10.24155 eV ==== 
     psi = 0.174*[#  16]+0.174*[#  17]+0.174*[#  19]+0.070*[#   5]+0.070*[#   8]
          +0.069*[#  15]+0.069*[#  18]+0.050*[#   6]+0.050*[#   7]+0.050*[#   9]
          +0.008*[#  24]+0.008*[#  27]+0.006*[#   1]+0.004*[#  20]+0.004*[#  21]
          +0.004*[#  22]+0.004*[#  23]+0.003*[#  25]+0.003*[#  26]+0.003*[#  28]
          +0.001*[#   2]+0.001*[#   3]+0.001*[#   4]
    |psi|^2 = 0.999
==== e(  16) =    10.28393 eV ==== 
     psi = 0.142*[#  16]+0.142*[#  17]+0.142*[#  19]+0.106*[#   5]+0.106*[#   8]
          +0.063*[#  15]+0.063*[#  18]+0.041*[#   6]+0.041*[#   7]+0.041*[#   9]
          +0.025*[#  24]+0.025*[#  27]+0.009*[#  25]+0.009*[#  26]+0.009*[#  28]
          +0.005*[#   2]+0.005*[#   3]+0.005*[#   4]+0.003*[#  21]+0.003*[#  22]
          +0.003*[#  23]+0.003*[#  20]+0.002*[#   1]+0.002*[#  11]
    |psi|^2 = 0.999
==== e(  17) =    10.72497 eV ==== 
     psi = 0.109*[#  24]+0.109*[#  27]+0.078*[#   5]+0.078*[#   8]+0.073*[#  15]
          +0.073*[#  18]+0.067*[#   6]+0.067*[#   7]+0.067*[#   9]+0.058*[#  16]
          +0.058*[#  17]+0.058*[#  19]+0.030*[#  25]+0.030*[#  26]+0.030*[#  28]
          +0.003*[#   2]+0.003*[#   3]+0.003*[#   4]
    |psi|^2 = 0.997
==== e(  18) =    10.76980 eV ==== 
     psi = 0.131*[#  16]+0.131*[#  17]+0.131*[#  19]+0.083*[#  15]+0.083*[#  18]
          +0.071*[#   5]+0.071*[#   8]+0.049*[#  24]+0.049*[#  27]+0.030*[#  25]
          +0.030*[#  26]+0.030*[#  28]+0.026*[#   6]+0.026*[#   7]+0.026*[#   9]
          +0.005*[#   2]+0.005*[#   3]+0.005*[#   4]+0.004*[#   1]+0.003*[#  21]
          +0.003*[#  22]+0.003*[#  23]+0.001*[#  20]
    |psi|^2 = 0.997
==== e(  19) =    11.12803 eV ==== 
     psi = 0.268*[#  15]+0.268*[#  18]+0.104*[#  24]+0.104*[#  27]+0.047*[#  16]
          +0.047*[#  17]+0.047*[#  19]+0.019*[#  25]+0.019*[#  26]+0.019*[#  28]
          +0.014*[#   6]+0.014*[#   7]+0.014*[#   9]+0.004*[#   5]+0.004*[#   8]
          +0.001*[#   2]+0.001*[#   3]+0.001*[#   4]
    |psi|^2 = 0.998
==== e(  20) =    11.39155 eV ==== 
     psi = 0.220*[#  15]+0.220*[#  18]+0.090*[#  16]+0.090*[#  17]+0.090*[#  19]
          +0.078*[#  24]+0.078*[#  27]+0.035*[#  25]+0.035*[#  26]+0.035*[#  28]
          +0.007*[#   6]+0.007*[#   7]+0.007*[#   9]+0.002*[#   2]+0.002*[#   3]
          +0.002*[#   4]+0.001*[#   1]
    |psi|^2 = 0.998
==== e(  21) =    15.06449 eV ==== 
     psi = 0.192*[#  20]+0.082*[#  21]+0.082*[#  22]+0.082*[#  23]+0.068*[#   1]
          +0.064*[#   2]+0.064*[#   3]+0.064*[#   4]+0.044*[#  11]+0.031*[#  25]
          +0.031*[#  26]+0.031*[#  28]+0.028*[#  16]+0.028*[#  17]+0.028*[#  19]
          +0.013*[#   6]+0.013*[#   7]+0.013*[#   9]+0.002*[#  15]+0.002*[#  18]
          
    |psi|^2 = 0.968
==== e(  22) =    16.44236 eV ==== 
     psi = 0.115*[#  21]+0.115*[#  22]+0.115*[#  23]+0.099*[#   1]+0.076*[#   2]
          +0.076*[#   3]+0.076*[#   4]+0.065*[#  20]+0.064*[#  11]+0.024*[#  25]
          +0.024*[#  26]+0.024*[#  28]+0.013*[#  16]+0.013*[#  17]+0.013*[#  19]
          +0.006*[#   6]+0.006*[#   7]+0.006*[#   9]+0.004*[#  15]+0.004*[#  18]
          +0.002*[#   5]+0.002*[#   8]
    |psi|^2 = 0.943
==== e(  23) =    18.37882 eV ==== 
     psi = 0.117*[#  21]+0.117*[#  22]+0.117*[#  23]+0.090*[#   2]+0.090*[#   3]
          +0.090*[#   4]+0.072*[#   1]+0.064*[#  11]+0.035*[#  20]+0.006*[#  15]
          +0.006*[#  18]+0.006*[#  24]+0.006*[#  27]+0.005*[#  25]+0.005*[#  26]
          +0.005*[#  28]+0.005*[#  16]+0.005*[#  17]+0.005*[#  19]+0.003*[#   6]
          +0.003*[#   7]+0.003*[#   9]+0.002*[#   5]+0.002*[#   8]+0.002*[#  10]
          
    |psi|^2 = 0.858
==== e(  24) =    20.18606 eV ==== 
     psi = 0.194*[#  11]+0.164*[#   1]+0.066*[#   2]+0.066*[#   3]+0.066*[#   4]
          +0.055*[#  20]+0.051*[#  21]+0.051*[#  22]+0.051*[#  23]+0.009*[#  25]
          +0.009*[#  26]+0.009*[#  28]+0.007*[#  10]+0.002*[#  16]+0.002*[#  17]
          +0.002*[#  19]+0.001*[#   6]+0.001*[#   7]+0.001*[#   9]
    |psi|^2 = 0.811
==== e(  25) =    21.36560 eV ==== 
     psi = 0.126*[#  11]+0.089*[#   2]+0.089*[#   3]+0.089*[#   4]+0.085*[#   1]
          +0.062*[#  21]+0.062*[#  22]+0.062*[#  23]+0.037*[#  20]+0.006*[#  10]
          +0.005*[#  25]+0.005*[#  26]+0.005*[#  28]+0.002*[#  16]+0.002*[#  17]
          +0.002*[#  19]
    |psi|^2 = 0.735
==== e(  26) =    22.27164 eV ==== 
     psi = 0.164*[#  20]+0.142*[#   2]+0.142*[#   3]+0.142*[#   4]+0.062*[#   1]
          +0.018*[#  21]+0.018*[#  22]+0.018*[#  23]+0.017*[#  11]+0.006*[#  25]
          +0.006*[#  26]+0.006*[#  28]+0.002*[#  24]+0.002*[#  27]
    |psi|^2 = 0.752
==== e(  27) =    22.77124 eV ==== 
     psi = 0.119*[#  11]+0.060*[#   2]+0.060*[#   3]+0.060*[#   4]+0.035*[#  21]
          +0.035*[#  22]+0.035*[#  23]+0.013*[#   1]+0.007*[#  20]+0.003*[#  25]
          +0.003*[#  26]+0.003*[#  28]+0.003*[#  10]
    |psi|^2 = 0.442
==== e(  28) =    24.00448 eV ==== 
     psi = 0.085*[#   2]+0.085*[#   3]+0.085*[#   4]+0.048*[#  21]+0.048*[#  22]
          +0.048*[#  23]+0.038*[#  11]+0.035*[#   1]+0.028*[#  20]+0.003*[#  25]
          +0.003*[#  26]+0.003*[#  28]+0.001*[#  10]
    |psi|^2 = 0.515

 k =  -0.3333333333  0.5000000000 -0.1666666667
==== e(   1) =   -91.24292 eV ==== 
     psi = 0.952*[#  10]+0.007*[#  21]+0.007*[#  22]+0.007*[#  23]+0.007*[#  11]
          +0.005*[#   2]+0.005*[#   3]+0.005*[#   4]+0.001*[#  20]
    |psi|^2 = 1.000
==== e(   2) =   -51.63466 eV ==== 
     psi = 0.332*[#  12]+0.332*[#  13]+0.332*[#  14]
    |psi|^2 = 1.000
==== e(   3) =   -51.63445 eV ==== 
     psi = 0.333*[#  12]+0.333*[#  13]+0.333*[#  14]
    |psi|^2 = 1.000
==== e(   4) =   -51.63436 eV ==== 
     psi = 0.333*[#  12]+0.333*[#  13]+0.333*[#  14]
    |psi|^2 = 1.000
==== e(   5) =     5.45816 eV ==== 
     psi = 0.221*[#  20]+0.142*[#   1]+0.115*[#  11]+0.077*[#   2]+0.077*[#   3]
          +0.077*[#   4]+0.064*[#  21]+0.064*[#  22]+0.064*[#  23]+0.017*[#  25]
          +0.017*[#  26]+0.017*[#  28]+0.012*[#  10]+0.005*[#   6]+0.005*[#   7]
          +0.005*[#   9]+0.003*[#  16]+0.003*[#  17]+0.003*[#  19]+0.001*[#  15]
          +0.001*[#  18]
    |psi|^2 = 0.997
==== e(   6) =     7.37086 eV ==== 
     psi = 0.227*[#  25]+0.227*[#  26]+0.227*[#  28]+0.041*[#   1]+0.040*[#   5]
          +0.040*[#   8]+0.037*[#  11]+0.020*[#   6]+0.020*[#   7]+0.020*[#   9]
          +0.013*[#  15]+0.013*[#  18]+0.008*[#  16]+0.008*[#  17]+0.008*[#  19]
          +0.008*[#  21]+0.008*[#  22]+0.008*[#  23]+0.005*[#  24]+0.005*[#  27]
          +0.004*[#   2]+0.004*[#   3]+0.004*[#   4]
    |psi|^2 = 0.997
==== e(   7) =     7.67144 eV ==== 
     psi = 0.161*[#  25]+0.161*[#  26]+0.161*[#  28]+0.083*[#  24]+0.083*[#  27]
          +0.057*[#   5]+0.057*[#   8]+0.042*[#   6]+0.042*[#   7]+0.042*[#   9]
          +0.025*[#  15]+0.025*[#  18]+0.008*[#  16]+0.008*[#  17]+0.008*[#  19]
          +0.008*[#   2]+0.008*[#   3]+0.008*[#   4]+0.004*[#   1]+0.001*[#  21]
          +0.001*[#  22]+0.001*[#  23]
    |psi|^2 = 0.996
==== e(   8) =     7.69762 eV ==== 
     psi = 0.148*[#  25]+0.148*[#  26]+0.148*[#  28]+0.095*[#  24]+0.095*[#  27]
          +0.055*[#   5]+0.055*[#   8]+0.032*[#  15]+0.032*[#  18]+0.029*[#   6]
          +0.029*[#   7]+0.029*[#   9]+0.015*[#  16]+0.015*[#  17]+0.015*[#  19]
          +0.011*[#   2]+0.011*[#   3]+0.011*[#   4]+0.009*[#  20]+0.003*[#   1]
          +0.003*[#  21]+0.003*[#  22]+0.003*[#  23]+0.002*[#  11]
    |psi|^2 = 0.997
==== e(   9) =     7.85067 eV ==== 
     psi = 0.136*[#  24]+0.136*[#  27]+0.087*[#  25]+0.087*[#  26]+0.087*[#  28]
          +0.069*[#   6]+0.069*[#   7]+0.069*[#   9]+0.050*[#  16]+0.050*[#  17]
          +0.050*[#  19]+0.024*[#  15]+0.024*[#  18]+0.015*[#  20]+0.012*[#   5]
          +0.012*[#   8]+0.006*[#   2]+0.006*[#   3]+0.006*[#   4]
    |psi|^2 = 0.999
==== e(  10) =     8.07606 eV ==== 
     psi = 0.224*[#  24]+0.224*[#  27]+0.079*[#   5]+0.079*[#   8]+0.054*[#   6]
          +0.054*[#   7]+0.054*[#   9]+0.043*[#  15]+0.043*[#  18]+0.022*[#  25]
          +0.022*[#  26]+0.022*[#  28]+0.022*[#  16]+0.022*[#  17]+0.022*[#  19]
          +0.003*[#   2]+0.003*[#   3]+0.003*[#   4]+0.003*[#  20]
    |psi|^2 = 0.998
==== e(  11) =     8.93409 eV ==== 
     psi = 0.159*[#   6]+0.159*[#   7]+0.159*[#   9]+0.085*[#   5]+0.085*[#   8]
          +0.030*[#  21]+0.030*[#  22]+0.030*[#  23]+0.023*[#  25]+0.023*[#  26]
          +0.023*[#  28]+0.022*[#  16]+0.022*[#  17]+0.022*[#  19]+0.021*[#  11]
          +0.021*[#  20]+0.015*[#   2]+0.015*[#   3]+0.015*[#   4]+0.012*[#  15]
          +0.012*[#  18]+0.010*[#   1]+0.001*[#  10]+0.001*[#  24]+0.001*[#  27]
          
    |psi|^2 = 0.998
==== e(  12) =     9.27155 eV ==== 
     psi = 0.170*[#   6]+0.170*[#   7]+0.170*[#   9]+0.088*[#   5]+0.088*[#   8]
          +0.039*[#  16]+0.039*[#  17]+0.039*[#  19]+0.022*[#  21]+0.022*[#  22]
          +0.022*[#  23]+0.014*[#  15]+0.014*[#  18]+0.013*[#  25]+0.013*[#  26]
          +0.013*[#  28]+0.011*[#   1]+0.010*[#  11]+0.009*[#   2]+0.009*[#   3]
          +0.009*[#   4]+0.005*[#  24]+0.005*[#  27]+0.002*[#  20]
    |psi|^2 = 0.998
==== e(  13) =     9.50605 eV ==== 
     psi = 0.129*[#   6]+0.129*[#   7]+0.129*[#   9]+0.064*[#  16]+0.064*[#  17]
          +0.064*[#  19]+0.058*[#   5]+0.058*[#   8]+0.046*[#  15]+0.046*[#  18]
          +0.029*[#  25]+0.029*[#  26]+0.029*[#  28]+0.019*[#  21]+0.019*[#  22]
          +0.019*[#  23]+0.015*[#  24]+0.015*[#  27]+0.009*[#   1]+0.009*[#   2]
          +0.009*[#   3]+0.009*[#   4]+0.002*[#  11]+0.001*[#  20]
    |psi|^2 = 0.998
==== e(  14) =     9.87702 eV ==== 
     psi = 0.215*[#   5]+0.215*[#   8]+0.064*[#  16]+0.064*[#  17]+0.064*[#  19]
          +0.059*[#  24]+0.059*[#  27]+0.057*[#   6]+0.057*[#   7]+0.057*[#   9]
          +0.015*[#  15]+0.015*[#  18]+0.013*[#  25]+0.013*[#  26]+0.013*[#  28]
          +0.003*[#   2]+0.003*[#   3]+0.003*[#   4]+0.003*[#   1]+0.002*[#  20]
          +0.001*[#  11]
    |psi|^2 = 0.998
==== e(  15) =    10.09793 eV ==== 
     psi = 0.181*[#  16]+0.181*[#  17]+0.181*[#  19]+0.060*[#   5]+0.060*[#   8]
          +0.059*[#   6]+0.059*[#   7]+0.059*[#   9]+0.039*[#  15]+0.039*[#  18]
          +0.012*[#   1]+0.009*[#  24]+0.009*[#  27]+0.007*[#  21]+0.007*[#  22]
          +0.007*[#  23]+0.006*[#  25]+0.006*[#  26]+0.006*[#  28]+0.005*[#  20]
          +0.003*[#   2]+0.003*[#   3]+0.003*[#   4]
    |psi|^2 = 0.998
==== e(  16) =    10.15227 eV ==== 
     psi = 0.125*[#  16]+0.125*[#  17]+0.125*[#  19]+0.087*[#   5]+0.087*[#   8]
          +0.082*[#  15]+0.082*[#  18]+0.064*[#   6]+0.064*[#   7]+0.064*[#   9]
          +0.018*[#  24]+0.018*[#  27]+0.009*[#  25]+0.009*[#  26]+0.009*[#  28]
          +0.006*[#  20]+0.004*[#  21]+0.004*[#  22]+0.004*[#  23]+0.004*[#   2]
          +0.004*[#   3]+0.004*[#   4]+0.002*[#   1]+0.002*[#  11]
    |psi|^2 = 0.999
==== e(  17) =    10.73737 eV ==== 
     psi = 0.141*[#  15]+0.141*[#  18]+0.120*[#  24]+0.120*[#  27]+0.079*[#   5]
          +0.079*[#   8]+0.052*[#   6]+0.052*[#   7]+0.052*[#   9]+0.028*[#  16]
          +0.028*[#  17]+0.028*[#  19]+0.022*[#  25]+0.022*[#  26]+0.022*[#  28]
          +0.002*[#   2]+0.002*[#   3]+0.002*[#   4]+0.001*[#  21]+0.001*[#  22]
          +0.001*[#  23]
    |psi|^2 = 0.998
==== e(  18) =    10.85316 eV ==== 
     psi = 0.192*[#  15]+0.192*[#  18]+0.080*[#  24]+0.080*[#  27]+0.067*[#  16]
          +0.067*[#  17]+0.067*[#  19]+0.063*[#   5]+0.063*[#   8]+0.019*[#  25]
          +0.019*[#  26]+0.019*[#  28]+0.013*[#   6]+0.013*[#   7]+0.013*[#   9]
          +0.003*[#   1]+0.003*[#   2]+0.003*[#   3]+0.003*[#   4]+0.004*[#  21]
          +0.004*[#  22]+0.004*[#  23]+0.002*[#  11]+0.002*[#  20]
    |psi|^2 = 0.998
==== e(  19) =    11.14345 eV ==== 
     psi = 0.131*[#  15]+0.131*[#  18]+0.109*[#  16]+0.109*[#  17]+0.109*[#  19]
          +0.075*[#  24]+0.075*[#  27]+0.047*[#  25]+0.047*[#  26]+0.047*[#  28]
          +0.029*[#   6]+0.029*[#   7]+0.029*[#   9]+0.008*[#   5]+0.008*[#   8]
          +0.003*[#   2]+0.003*[#   3]+0.003*[#   4]+0.001*[#   1]+0.001*[#  21]
          +0.001*[#  22]+0.001*[#  23]
    |psi|^2 = 0.997
==== e(  20) =    11.40237 eV ==== 
     psi = 0.162*[#  15]+0.162*[#  18]+0.117*[#  16]+0.117*[#  17]+0.117*[#  19]
          +0.056*[#  24]+0.056*[#  27]+0.052*[#  25]+0.052*[#  26]+0.052*[#  28]
          +0.015*[#   6]+0.015*[#   7]+0.015*[#   9]+0.002*[#   2]+0.002*[#   3]
          +0.002*[#   4]+0.001*[#   5]+0.001*[#   8]
    |psi|^2 = 0.998
==== e(  21) =    13.50906 eV ==== 
     psi = 0.150*[#  20]+0.062*[#  21]+0.062*[#  22]+0.062*[#  23]+0.056*[#   1]
          +0.053*[#   2]+0.053*[#   3]+0.053*[#   4]+0.053*[#  16]+0.053*[#  17]
          +0.053*[#  19]+0.050*[#  25]+0.050*[#  26]+0.050*[#  28]+0.045*[#  11]
          +0.023*[#   6]+0.023*[#   7]+0.023*[#   9]+0.004*[#  15]+0.004*[#  18]
          +0.002*[#   5]+0.002*[#   8]+0.001*[#  24]+0.001*[#  27]
    |psi|^2 = 0.988
==== e(  22) =    16.08256 eV ==== 
     psi = 0.121*[#  21]+0.121*[#  22]+0.121*[#  23]+0.079*[#   2]+0.079*[#   3]
          +0.079*[#   4]+0.078*[#   1]+0.071*[#  20]+0.060*[#  11]+0.020*[#  25]
          +0.020*[#  26]+0.020*[#  28]+0.012*[#  16]+0.012*[#  17]+0.012*[#  19]
          +0.009*[#  15]+0.009*[#  18]+0.006*[#   6]+0.006*[#   7]+0.006*[#   9]
          +0.004*[#   5]+0.004*[#   8]+0.001*[#  24]+0.001*[#  27]
    |psi|^2 = 0.948
==== e(  23) =    17.57472 eV ==== 
     psi = 0.125*[#  21]+0.125*[#  22]+0.125*[#  23]+0.093*[#   2]+0.093*[#   3]
          +0.093*[#   4]+0.060*[#  11]+0.059*[#   1]+0.023*[#  20]+0.009*[#  15]
          +0.009*[#  18]+0.007*[#  24]+0.007*[#  27]+0.005*[#  16]+0.005*[#  17]
          +0.005*[#  19]+0.005*[#  25]+0.005*[#  26]+0.005*[#  28]+0.004*[#   5]
          +0.004*[#   8]+0.003*[#   6]+0.003*[#   7]+0.003*[#   9]+0.002*[#  10]
          
    |psi|^2 = 0.874
==== e(  24) =    19.99213 eV ==== 
     psi = 0.217*[#  11]+0.181*[#   1]+0.061*[#   2]+0.061*[#   3]+0.061*[#   4]
          +0.056*[#  20]+0.056*[#  21]+0.056*[#  22]+0.056*[#  23]+0.011*[#  10]
          +0.007*[#  25]+0.007*[#  26]+0.007*[#  28]+0.002*[#  16]+0.002*[#  17]
          +0.002*[#  19]+0.001*[#   6]+0.001*[#   7]+0.001*[#   9]+0.001*[#  24]
          +0.001*[#  27]
    |psi|^2 = 0.851
==== e(  25) =    21.66421 eV ==== 
     psi = 0.132*[#  11]+0.115*[#   1]+0.110*[#   2]+0.110*[#   3]+0.110*[#   4]
          +0.033*[#  20]+0.026*[#  21]+0.026*[#  22]+0.026*[#  23]+0.009*[#  25]
          +0.009*[#  26]+0.009*[#  28]+0.004*[#  10]+0.002*[#  24]+0.002*[#  27]
          +0.002*[#  15]+0.002*[#  18]
    |psi|^2 = 0.731
==== e(  26) =    22.67989 eV ==== 
     psi = 0.171*[#  20]+0.154*[#   2]+0.154*[#   3]+0.154*[#   4]+0.026*[#  21]
          +0.026*[#  22]+0.026*[#  23]+0.025*[#   1]+0.015*[#  11]+0.006*[#  25]
          +0.006*[#  26]+0.006*[#  28]+0.001*[#  10]+0.001*[#  15]+0.001*[#  18]
          +0.001*[#  24]+0.001*[#  27]
    |psi|^2 = 0.781
==== e(  27) =    23.14155 eV ==== 
     psi = 0.107*[#  11]+0.059*[#  20]+0.058*[#  21]+0.058*[#  22]+0.058*[#  23]
          +0.045*[#   1]+0.025*[#   2]+0.025*[#   3]+0.025*[#   4]+0.002*[#  10]
          +0.002*[#  16]+0.002*[#  17]+0.002*[#  19]
    |psi|^2 = 0.470
==== e(  28) =    23.99957 eV ==== 
     psi = 0.073*[#   1]+0.070*[#  11]+0.069*[#   2]+0.069*[#   3]+0.069*[#   4]
          +0.064*[#  21]+0.064*[#  22]+0.064*[#  23]+0.022*[#  20]+0.003*[#  10]
          +0.003*[#  25]+0.003*[#  26]+0.003*[#  28]
    |psi|^2 = 0.584

 k =   0.5833333333 -0.4166666667  0.7500000000
==== e(   1) =   -91.24288 eV ==== 
     psi = 0.953*[#  10]+0.007*[#  11]+0.006*[#  21]+0.006*[#  22]+0.006*[#  23]
          +0.006*[#   2]+0.006*[#   3]+0.006*[#   4]
    |psi|^2 = 1.000
==== e(   2) =   -51.63465 eV ==== 
     psi = 0.332*[#  12]+0.332*[#  13]+0.332*[#  14]+0.001*[#  20]
    |psi|^2 = 1.000
==== e(   3) =   -51.63445 eV ==== 
     psi = 0.332*[#  12]+0.332*[#  13]+0.332*[#  14]
    |psi|^2 = 1.000
==== e(   4) =   -51.63440 eV ==== 
     psi = 0.333*[#  12]+0.333*[#  13]+0.333*[#  14]
    |psi|^2 = 1.000
==== e(   5) =     5.98279 eV ==== 
     psi = 0.218*[#  20]+0.136*[#   1]+0.097*[#  11]+0.073*[#   2]+0.073*[#   3]
          +0.073*[#   4]+0.051*[#  25]+0.051*[#  26]+0.051*[#  28]+0.039*[#  21]
          +0.039*[#  22]+0.039*[#  23]+0.008*[#  10]+0.007*[#   6]+0.007*[#   7]
          +0.007*[#   9]+0.005*[#  16]+0.005*[#  17]+0.005*[#  19]+0.002*[#  15]
          +0.002*[#  18]+0.002*[#   5]+0.002*[#   8]
    |psi|^2 = 0.997
==== e(   6) =     7.35364 eV ==== 
     psi = 0.199*[#  25]+0.199*[#  26]+0.199*[#  28]+0.044*[#   5]+0.044*[#   8]
          +0.043*[#   1]+0.039*[#  11]+0.024*[#   6]+0.024*[#   7]+0.024*[#   9]
          +0.021*[#  15]+0.021*[#  18]+0.019*[#  21]+0.019*[#  22]+0.019*[#  23]
          +0.011*[#  16]+0.011*[#  17]+0.011*[#  19]+0.005*[#   2]+0.005*[#   3]
          +0.005*[#   4]+0.004*[#  24]+0.004*[#  27]+0.002*[#  10]
    |psi|^2 = 0.998
==== e(   7) =     7.65455 eV ==== 
     psi = 0.188*[#  25]+0.188*[#  26]+0.188*[#  28]+0.058*[#   5]+0.058*[#   8]
          +0.039*[#   6]+0.039*[#   7]+0.039*[#   9]+0.039*[#  24]+0.039*[#  27]
          +0.027*[#  15]+0.027*[#  18]+0.014*[#  16]+0.014*[#  17]+0.014*[#  19]
          +0.007*[#   2]+0.007*[#   3]+0.007*[#   4]+0.004*[#  20]
    |psi|^2 = 0.997
==== e(   8) =     7.74950 eV ==== 
     psi = 0.120*[#  24]+0.120*[#  27]+0.113*[#  25]+0.113*[#  26]+0.113*[#  28]
          +0.048*[#   6]+0.048*[#   7]+0.048*[#   9]+0.035*[#   5]+0.035*[#   8]
          +0.026*[#  20]+0.024*[#  15]+0.024*[#  18]+0.015*[#   2]+0.015*[#   3]
          +0.015*[#   4]+0.014*[#  16]+0.014*[#  17]+0.014*[#  19]+0.010*[#  21]
          +0.010*[#  22]+0.010*[#  23]+0.006*[#   1]+0.004*[#  11]
    |psi|^2 = 0.997
==== e(   9) =     7.89498 eV ==== 
     psi = 0.151*[#  24]+0.151*[#  27]+0.078*[#   6]+0.078*[#   7]+0.078*[#   9]
          +0.057*[#  25]+0.057*[#  26]+0.057*[#  28]+0.054*[#  16]+0.054*[#  17]
          +0.054*[#  19]+0.034*[#  20]+0.015*[#   5]+0.015*[#   8]+0.011*[#   2]
          +0.011*[#   3]+0.011*[#   4]+0.008*[#  15]+0.008*[#  18]+0.005*[#  21]
          +0.005*[#  22]+0.005*[#  23]
    |psi|^2 = 0.999
==== e(  10) =     8.17956 eV ==== 
     psi = 0.252*[#  24]+0.252*[#  27]+0.065*[#   6]+0.065*[#   7]+0.065*[#   9]
          +0.056*[#   5]+0.056*[#   8]+0.025*[#  15]+0.025*[#  18]+0.024*[#  16]
          +0.024*[#  17]+0.024*[#  19]+0.016*[#  25]+0.016*[#  26]+0.016*[#  28]
          +0.004*[#   2]+0.004*[#   3]+0.004*[#   4]+0.001*[#  20]+0.001*[#  21]
          +0.001*[#  22]+0.001*[#  23]
    |psi|^2 = 0.998
==== e(  11) =     8.91041 eV ==== 
     psi = 0.120*[#   6]+0.120*[#   7]+0.120*[#   9]+0.063*[#  21]+0.063*[#  22]
          +0.063*[#  23]+0.049*[#   5]+0.049*[#   8]+0.042*[#  11]+0.031*[#   1]
          +0.030*[#   2]+0.030*[#   3]+0.030*[#   4]+0.028*[#  25]+0.028*[#  26]
          +0.028*[#  28]+0.019*[#  16]+0.019*[#  17]+0.019*[#  19]+0.012*[#  20]
          +0.009*[#  15]+0.009*[#  18]+0.006*[#  24]+0.006*[#  27]+0.004*[#  10]
          
    |psi|^2 = 0.997
==== e(  12) =     9.30716 eV ==== 
     psi = 0.167*[#   5]+0.167*[#   8]+0.116*[#   6]+0.116*[#   7]+0.116*[#   9]
          +0.039*[#  16]+0.039*[#  17]+0.039*[#  19]+0.033*[#  15]+0.033*[#  18]
          +0.019*[#  21]+0.019*[#  22]+0.019*[#  23]+0.013*[#  24]+0.013*[#  27]
          +0.011*[#   1]+0.007*[#   2]+0.007*[#   3]+0.007*[#   4]+0.004*[#  11]
          +0.004*[#  25]+0.004*[#  26]+0.004*[#  28]+0.001*[#  20]
    |psi|^2 = 0.998
==== e(  13) =     9.53629 eV ==== 
     psi = 0.178*[#   5]+0.178*[#   8]+0.067*[#  15]+0.067*[#  18]+0.054*[#  16]
          +0.054*[#  17]+0.054*[#  19]+0.050*[#   6]+0.050*[#   7]+0.050*[#   9]
          +0.047*[#  24]+0.047*[#  27]+0.014*[#  21]+0.014*[#  22]+0.014*[#  23]
          +0.009*[#   2]+0.009*[#   3]+0.009*[#   4]+0.008*[#  25]+0.008*[#  26]
          +0.008*[#  28]+0.007*[#   1]+0.002*[#  20]
    |psi|^2 = 0.998
==== e(  14) =     9.73502 eV ==== 
     psi = 0.123*[#   5]+0.123*[#   8]+0.121*[#   6]+0.121*[#   7]+0.121*[#   9]
          +0.068*[#  16]+0.068*[#  17]+0.068*[#  19]+0.035*[#  15]+0.035*[#  18]
          +0.025*[#  25]+0.025*[#  26]+0.025*[#  28]+0.006*[#  24]+0.006*[#  27]
          +0.005*[#   1]+0.004*[#  21]+0.004*[#  22]+0.004*[#  23]+0.002*[#   2]
          +0.002*[#   3]+0.002*[#   4]+0.002*[#  20]
    |psi|^2 = 0.998
==== e(  15) =     9.95764 eV ==== 
     psi = 0.118*[#  16]+0.118*[#  17]+0.118*[#  19]+0.099*[#   5]+0.099*[#   8]
          +0.081*[#  15]+0.081*[#  18]+0.054*[#   6]+0.054*[#   7]+0.054*[#   9]
          +0.015*[#  25]+0.015*[#  26]+0.015*[#  28]+0.012*[#  24]+0.012*[#  27]
          +0.011*[#   1]+0.008*[#  21]+0.008*[#  22]+0.008*[#  23]+0.004*[#   2]
          +0.004*[#   3]+0.004*[#   4]+0.002*[#  20]
    |psi|^2 = 0.998
==== e(  16) =    10.05962 eV ==== 
     psi = 0.131*[#  16]+0.131*[#  17]+0.131*[#  19]+0.123*[#   6]+0.123*[#   7]
          +0.123*[#   9]+0.027*[#   5]+0.027*[#   8]+0.023*[#  15]+0.023*[#  18]
          +0.014*[#   1]+0.013*[#  21]+0.013*[#  22]+0.013*[#  23]+0.012*[#  11]
          +0.011*[#  25]+0.011*[#  26]+0.011*[#  28]+0.010*[#  24]+0.010*[#  27]
          +0.009*[#  20]+0.003*[#   2]+0.003*[#   3]+0.003*[#   4]
    |psi|^2 = 0.997
==== e(  17) =    10.75480 eV ==== 
     psi = 0.216*[#  15]+0.216*[#  18]+0.120*[#  24]+0.120*[#  27]+0.064*[#   5]
          +0.064*[#   8]+0.033*[#   6]+0.033*[#   7]+0.033*[#   9]+0.016*[#  16]
          +0.016*[#  17]+0.016*[#  19]+0.014*[#  25]+0.014*[#  26]+0.014*[#  28]
          +0.002*[#  21]+0.002*[#  22]+0.002*[#  23]+0.001*[#   2]+0.001*[#   3]
          +0.001*[#   4]
    |psi|^2 = 0.998
==== e(  18) =    10.90579 eV ==== 
     psi = 0.254*[#  15]+0.254*[#  18]+0.099*[#  24]+0.099*[#  27]+0.058*[#   5]
          +0.058*[#   8]+0.018*[#  16]+0.018*[#  17]+0.018*[#  19]+0.016*[#   6]
          +0.016*[#   7]+0.016*[#   9]+0.013*[#  25]+0.013*[#  26]+0.013*[#  28]
          +0.006*[#  21]+0.006*[#  22]+0.006*[#  23]+0.005*[#   1]+0.004*[#  11]
          +0.002*[#  20]+0.002*[#   2]+0.002*[#   3]+0.002*[#   4]
    |psi|^2 = 0.998
==== e(  19) =    11.22272 eV ==== 
     psi = 0.153*[#  16]+0.153*[#  17]+0.153*[#  19]+0.070*[#  25]+0.070*[#  26]
          +0.070*[#  28]+0.056*[#  24]+0.056*[#  27]+0.038*[#  15]+0.038*[#  18]
          +0.035*[#   6]+0.035*[#   7]+0.035*[#   9]+0.006*[#   5]+0.006*[#   8]
          +0.005*[#   2]+0.005*[#   3]+0.005*[#   4]+0.002*[#  21]+0.002*[#  22]
          +0.002*[#  23]+0.001*[#   1]
    |psi|^2 = 0.998
==== e(  20) =    11.39446 eV ==== 
     psi = 0.140*[#  16]+0.140*[#  17]+0.140*[#  19]+0.098*[#  15]+0.098*[#  18]
          +0.069*[#  25]+0.069*[#  26]+0.069*[#  28]+0.043*[#  24]+0.043*[#  27]
          +0.024*[#   6]+0.024*[#   7]+0.024*[#   9]+0.003*[#   2]+0.003*[#   3]
          +0.003*[#   4]+0.003*[#   5]+0.003*[#   8]
    |psi|^2 = 0.998
==== e(  21) =    12.37636 eV ==== 
     psi = 0.099*[#  16]+0.099*[#  17]+0.099*[#  19]+0.097*[#  20]+0.072*[#  25]
          +0.072*[#  26]+0.072*[#  28]+0.039*[#   2]+0.039*[#   3]+0.039*[#   4]
          +0.035*[#   6]+0.035*[#   7]+0.035*[#   9]+0.029*[#  21]+0.029*[#  22]
          +0.029*[#  23]+0.027*[#  11]+0.025*[#   1]+0.006*[#  15]+0.006*[#  18]
          +0.003*[#  24]+0.003*[#  27]+0.002*[#   5]+0.002*[#   8]
    |psi|^2 = 0.994
==== e(  22) =    15.94502 eV ==== 
     psi = 0.123*[#  21]+0.123*[#  22]+0.123*[#  23]+0.078*[#   1]+0.078*[#  20]
          +0.075*[#   2]+0.075*[#   3]+0.075*[#   4]+0.066*[#  11]+0.014*[#  15]
          +0.014*[#  18]+0.014*[#  25]+0.014*[#  26]+0.014*[#  28]+0.010*[#  16]
          +0.010*[#  17]+0.010*[#  19]+0.006*[#   5]+0.006*[#   8]+0.005*[#   6]
          +0.005*[#   7]+0.005*[#   9]+0.003*[#  24]+0.003*[#  27]
    |psi|^2 = 0.947
==== e(  23) =    16.93387 eV ==== 
     psi = 0.137*[#  21]+0.137*[#  22]+0.137*[#  23]+0.102*[#   2]+0.102*[#   3]
          +0.102*[#   4]+0.042*[#  11]+0.038*[#   1]+0.012*[#  15]+0.012*[#  18]
          +0.012*[#  20]+0.007*[#  24]+0.007*[#  27]+0.005*[#   5]+0.005*[#   8]
          +0.005*[#  16]+0.005*[#  17]+0.005*[#  19]+0.005*[#  25]+0.005*[#  26]
          +0.005*[#  28]+0.003*[#   6]+0.003*[#   7]+0.003*[#   9]+0.001*[#  10]
          
    |psi|^2 = 0.894
==== e(  24) =    19.86572 eV ==== 
     psi = 0.242*[#  11]+0.214*[#   1]+0.058*[#  21]+0.058*[#  22]+0.058*[#  23]
          +0.054*[#   2]+0.054*[#   3]+0.054*[#   4]+0.032*[#  20]+0.013*[#  10]
          +0.006*[#  25]+0.006*[#  26]+0.006*[#  28]+0.002*[#  16]+0.002*[#  17]
          +0.002*[#  19]+0.001*[#  24]+0.001*[#  27]+0.001*[#   6]+0.001*[#   7]
          +0.001*[#   9]+0.001*[#  15]+0.001*[#  18]
    |psi|^2 = 0.871
==== e(  25) =    21.57518 eV ==== 
     psi = 0.128*[#  11]+0.114*[#   2]+0.114*[#   3]+0.114*[#   4]+0.108*[#   1]
          +0.094*[#  20]+0.016*[#  21]+0.016*[#  22]+0.016*[#  23]+0.010*[#  25]
          +0.010*[#  26]+0.010*[#  28]+0.003*[#  24]+0.003*[#  27]+0.002*[#  10]
          +0.002*[#  15]+0.002*[#  18]+0.001*[#  16]+0.001*[#  17]+0.001*[#  19]
          
    |psi|^2 = 0.765
==== e(  26) =    22.92547 eV ==== 
     psi = 0.132*[#   2]+0.132*[#   3]+0.132*[#   4]+0.093*[#  20]+0.042*[#  21]
          +0.042*[#  22]+0.042*[#  23]+0.037*[#  11]+0.022*[#   1]+0.004*[#  25]
          +0.004*[#  26]+0.004*[#  28]+0.002*[#  10]+0.002*[#  15]+0.002*[#  18]
          +0.002*[#  24]+0.002*[#  27]
    |psi|^2 = 0.699
==== e(  27) =    23.61616 eV ==== 
     psi = 0.095*[#  20]+0.075*[#  11]+0.070*[#   2]+0.070*[#   3]+0.070*[#   4]
          +0.050*[#  21]+0.050*[#  22]+0.050*[#  23]+0.032*[#   1]+0.003*[#  10]
          +0.002*[#  25]+0.002*[#  26]+0.002*[#  28]+0.001*[#  15]+0.001*[#  18]
          
    |psi|^2 = 0.582
==== e(  28) =    24.58335 eV ==== 
     psi = 0.097*[#   1]+0.085*[#  11]+0.082*[#  21]+0.082*[#  22]+0.082*[#  23]
          +0.050*[#  20]+0.043*[#   2]+0.043*[#   3]+0.043*[#   4]+0.003*[#  10]
          +0.002*[#  25]+0.002*[#  26]+0.002*[#  28]+0.001*[#  16]+0.001*[#  17]
          +0.001*[#  19]
    |psi|^2 = 0.622

 k =   0.5000000000 -0.3333333333  0.6666666667
==== e(   1) =   -91.24291 eV ==== 
     psi = 0.954*[#  10]+0.007*[#  11]+0.006*[#   2]+0.006*[#   3]+0.006*[#   4]
          +0.006*[#  21]+0.006*[#  22]+0.006*[#  23]
    |psi|^2 = 1.000
==== e(   2) =   -51.63474 eV ==== 
     psi = 0.332*[#  12]+0.332*[#  13]+0.332*[#  14]+0.001*[#  20]
    |psi|^2 = 1.000
==== e(   3) =   -51.63444 eV ==== 
     psi = 0.333*[#  12]+0.333*[#  13]+0.333*[#  14]
    |psi|^2 = 1.000
==== e(   4) =   -51.63441 eV ==== 
     psi = 0.333*[#  12]+0.333*[#  13]+0.333*[#  14]
    |psi|^2 = 1.000
==== e(   5) =     6.20841 eV ==== 
     psi = 0.213*[#  20]+0.135*[#   1]+0.092*[#  11]+0.082*[#  25]+0.082*[#  26]
          +0.082*[#  28]+0.067*[#   2]+0.067*[#   3]+0.067*[#   4]+0.018*[#  21]
          +0.018*[#  22]+0.018*[#  23]+0.008*[#   6]+0.008*[#   7]+0.008*[#   9]
          +0.005*[#  10]+0.005*[#  16]+0.005*[#  17]+0.005*[#  19]+0.003*[#  15]
          +0.003*[#  18]+0.003*[#   5]+0.003*[#   8]
    |psi|^2 = 0.998
==== e(   6) =     7.35560 eV ==== 
     psi = 0.178*[#  25]+0.178*[#  26]+0.178*[#  28]+0.047*[#   5]+0.047*[#   8]
          +0.041*[#   1]+0.037*[#  11]+0.029*[#   6]+0.029*[#   7]+0.029*[#   9]
          +0.027*[#  21]+0.027*[#  22]+0.027*[#  23]+0.025*[#  15]+0.025*[#  18]
          +0.013*[#  16]+0.013*[#  17]+0.013*[#  19]+0.006*[#   2]+0.006*[#   3]
          +0.006*[#   4]+0.004*[#  24]+0.004*[#  27]+0.003*[#  10]
    |psi|^2 = 0.998
==== e(   7) =     7.64474 eV ==== 
     psi = 0.188*[#  25]+0.188*[#  26]+0.188*[#  28]+0.059*[#   5]+0.059*[#   8]
          +0.039*[#   6]+0.039*[#   7]+0.039*[#   9]+0.035*[#  24]+0.035*[#  27]
          +0.027*[#  15]+0.027*[#  18]+0.015*[#  16]+0.015*[#  17]+0.015*[#  19]
          +0.008*[#   2]+0.008*[#   3]+0.008*[#   4]+0.005*[#  20]
    |psi|^2 = 0.997
==== e(   8) =     7.81885 eV ==== 
     psi = 0.149*[#  24]+0.149*[#  27]+0.097*[#   6]+0.097*[#   7]+0.097*[#   9]
          +0.060*[#  25]+0.060*[#  26]+0.060*[#  28]+0.042*[#  20]+0.019*[#  15]
          +0.019*[#  18]+0.015*[#  21]+0.015*[#  22]+0.015*[#  23]+0.015*[#  16]
          +0.015*[#  17]+0.015*[#  19]+0.013*[#   2]+0.013*[#   3]+0.013*[#   4]
          +0.009*[#   5]+0.009*[#   8]+0.004*[#  11]
    |psi|^2 = 0.998
==== e(   9) =     7.87848 eV ==== 
     psi = 0.123*[#  24]+0.123*[#  27]+0.079*[#  25]+0.079*[#  26]+0.079*[#  28]
          +0.057*[#  16]+0.057*[#  17]+0.057*[#  19]+0.048*[#  20]+0.039*[#   6]
          +0.039*[#   7]+0.039*[#   9]+0.032*[#   5]+0.032*[#   8]+0.025*[#   2]
          +0.025*[#   3]+0.025*[#   4]+0.009*[#  21]+0.009*[#  22]+0.009*[#  23]
          +0.006*[#   1]+0.003*[#  15]+0.003*[#  18]
    |psi|^2 = 0.998
==== e(  10) =     8.22323 eV ==== 
     psi = 0.263*[#  24]+0.263*[#  27]+0.073*[#   6]+0.073*[#   7]+0.073*[#   9]
          +0.043*[#   5]+0.043*[#   8]+0.026*[#  16]+0.026*[#  17]+0.026*[#  19]
          +0.014*[#  15]+0.014*[#  18]+0.014*[#  25]+0.014*[#  26]+0.014*[#  28]
          +0.004*[#   2]+0.004*[#   3]+0.004*[#   4]
    |psi|^2 = 0.998
==== e(  11) =     8.87212 eV ==== 
     psi = 0.087*[#   6]+0.087*[#   7]+0.087*[#   9]+0.085*[#  21]+0.085*[#  22]
          +0.085*[#  23]+0.053*[#  11]+0.047*[#   1]+0.038*[#   2]+0.038*[#   3]
          +0.038*[#   4]+0.031*[#  25]+0.031*[#  26]+0.031*[#  28]+0.030*[#   5]
          +0.030*[#   8]+0.023*[#  16]+0.023*[#  17]+0.023*[#  19]+0.011*[#  24]
          +0.011*[#  27]+0.008*[#  15]+0.008*[#  18]+0.006*[#  10]
    |psi|^2 = 0.997
==== e(  12) =     9.37781 eV ==== 
     psi = 0.234*[#   5]+0.234*[#   8]+0.055*[#   6]+0.055*[#   7]+0.055*[#   9]
          +0.053*[#  15]+0.053*[#  18]+0.043*[#  16]+0.043*[#  17]+0.043*[#  19]
          +0.030*[#  24]+0.030*[#  27]+0.014*[#  21]+0.014*[#  22]+0.014*[#  23]
          +0.011*[#   1]+0.004*[#   2]+0.004*[#   3]+0.004*[#   4]+0.002*[#  25]
          +0.002*[#  26]+0.002*[#  28]
    |psi|^2 = 0.998
==== e(  13) =     9.44146 eV ==== 
     psi = 0.200*[#   5]+0.200*[#   8]+0.086*[#   6]+0.086*[#   7]+0.086*[#   9]
          +0.047*[#  15]+0.047*[#  18]+0.037*[#  16]+0.037*[#  17]+0.037*[#  19]
          +0.031*[#  24]+0.031*[#  27]+0.011*[#  21]+0.011*[#  22]+0.011*[#  23]
          +0.009*[#   2]+0.009*[#   3]+0.009*[#   4]+0.003*[#  20]+0.003*[#   1]
          +0.001*[#  25]+0.001*[#  26]+0.001*[#  28]+0.001*[#  11]
    |psi|^2 = 0.998
==== e(  14) =     9.77676 eV ==== 
     psi = 0.093*[#   6]+0.093*[#   7]+0.093*[#   9]+0.090*[#   5]+0.090*[#   8]
          +0.088*[#  16]+0.088*[#  17]+0.088*[#  19]+0.086*[#  15]+0.086*[#  18]
          +0.022*[#  25]+0.022*[#  26]+0.022*[#  28]+0.005*[#   1]+0.005*[#  21]
          +0.005*[#  22]+0.005*[#  23]+0.005*[#  24]+0.005*[#  27]+0.002*[#   2]
          +0.002*[#   3]+0.002*[#   4]
    |psi|^2 = 0.998
==== e(  15) =     9.85781 eV ==== 
     psi = 0.098*[#   5]+0.098*[#   8]+0.093*[#   6]+0.093*[#   7]+0.093*[#   9]
          +0.081*[#  16]+0.081*[#  17]+0.081*[#  19]+0.066*[#  15]+0.066*[#  18]
          +0.025*[#  25]+0.025*[#  26]+0.025*[#  28]+0.010*[#  21]+0.010*[#  22]
          +0.010*[#  23]+0.008*[#   1]+0.007*[#  24]+0.007*[#  27]+0.006*[#   2]
          +0.006*[#   3]+0.006*[#   4]+0.003*[#  20]
    |psi|^2 = 0.998
==== e(  16) =    10.02612 eV ==== 
     psi = 0.139*[#   6]+0.139*[#   7]+0.139*[#   9]+0.117*[#  16]+0.117*[#  17]
          +0.117*[#  19]+0.026*[#   1]+0.022*[#  11]+0.021*[#  21]+0.021*[#  22]
          +0.021*[#  23]+0.014*[#   5]+0.014*[#   8]+0.014*[#  25]+0.014*[#  26]
          +0.014*[#  28]+0.009*[#  20]+0.008*[#  15]+0.008*[#  18]+0.008*[#  24]
          +0.008*[#  27]+0.002*[#   2]+0.002*[#   3]+0.002*[#   4]
    |psi|^2 = 0.996
==== e(  17) =    10.76030 eV ==== 
     psi = 0.245*[#  15]+0.245*[#  18]+0.119*[#  24]+0.119*[#  27]+0.057*[#   5]
          +0.057*[#   8]+0.026*[#   6]+0.026*[#   7]+0.026*[#   9]+0.013*[#  16]
          +0.013*[#  17]+0.013*[#  19]+0.011*[#  25]+0.011*[#  26]+0.011*[#  28]
          +0.001*[#  21]+0.001*[#  22]+0.001*[#  23]
    |psi|^2 = 0.999
==== e(  18) =    10.93233 eV ==== 
     psi = 0.258*[#  15]+0.258*[#  18]+0.099*[#  24]+0.099*[#  27]+0.061*[#   5]
          +0.061*[#   8]+0.018*[#   6]+0.018*[#   7]+0.018*[#   9]+0.013*[#  25]
          +0.013*[#  26]+0.013*[#  28]+0.011*[#  21]+0.011*[#  22]+0.011*[#  23]
          +0.009*[#   1]+0.008*[#  11]+0.003*[#  20]+0.002*[#   2]+0.002*[#   3]
          +0.002*[#   4]+0.002*[#  16]+0.002*[#  17]+0.002*[#  19]
    |psi|^2 = 0.998
==== e(  19) =    11.28841 eV ==== 
     psi = 0.155*[#  16]+0.155*[#  17]+0.155*[#  19]+0.070*[#  25]+0.070*[#  26]
          +0.070*[#  28]+0.061*[#  24]+0.061*[#  27]+0.037*[#  15]+0.037*[#  18]
          +0.032*[#   6]+0.032*[#   7]+0.032*[#   9]+0.007*[#   2]+0.007*[#   3]
          +0.007*[#   4]+0.003*[#  21]+0.003*[#  22]+0.003*[#  23]
    |psi|^2 = 0.998
==== e(  20) =    11.37281 eV ==== 
     psi = 0.151*[#  16]+0.151*[#  17]+0.151*[#  19]+0.080*[#  25]+0.080*[#  26]
          +0.080*[#  28]+0.058*[#  15]+0.058*[#  18]+0.034*[#  24]+0.034*[#  27]
          +0.031*[#   6]+0.031*[#   7]+0.031*[#   9]+0.005*[#   5]+0.005*[#   8]
          +0.003*[#   2]+0.003*[#   3]+0.003*[#   4]+0.001*[#  21]+0.001*[#  22]
          +0.001*[#  23]
    |psi|^2 = 0.997
==== e(  21) =    11.93107 eV ==== 
     psi = 0.139*[#  16]+0.139*[#  17]+0.139*[#  19]+0.085*[#  25]+0.085*[#  26]
          +0.085*[#  28]+0.071*[#  20]+0.043*[#   6]+0.043*[#   7]+0.043*[#   9]
          +0.029*[#   2]+0.029*[#   3]+0.029*[#   4]+0.011*[#  11]+0.004*[#  15]
          +0.004*[#  18]+0.004*[#   1]+0.004*[#  21]+0.004*[#  22]+0.004*[#  23]
          +0.002*[#  24]+0.002*[#  27]
    |psi|^2 = 0.996
==== e(  22) =    15.95262 eV ==== 
     psi = 0.121*[#  21]+0.121*[#  22]+0.121*[#  23]+0.087*[#  20]+0.086*[#   1]
          +0.077*[#  11]+0.069*[#   2]+0.069*[#   3]+0.069*[#   4]+0.017*[#  15]
          +0.017*[#  18]+0.010*[#  25]+0.010*[#  26]+0.010*[#  28]+0.008*[#  16]
          +0.008*[#  17]+0.008*[#  19]+0.007*[#   5]+0.007*[#   8]+0.004*[#   6]
          +0.004*[#   7]+0.004*[#   9]+0.004*[#  24]+0.004*[#  27]
    |psi|^2 = 0.943
==== e(  23) =    16.65149 eV ==== 
     psi = 0.146*[#  21]+0.146*[#  22]+0.146*[#  23]+0.110*[#   2]+0.110*[#   3]
          +0.110*[#   4]+0.027*[#  11]+0.021*[#   1]+0.013*[#  15]+0.013*[#  18]
          +0.006*[#  24]+0.006*[#  27]+0.005*[#   5]+0.005*[#   8]+0.005*[#  16]
          +0.005*[#  17]+0.005*[#  19]+0.005*[#  25]+0.005*[#  26]+0.005*[#  28]
          +0.002*[#   6]+0.002*[#   7]+0.002*[#   9]
    |psi|^2 = 0.906
==== e(  24) =    19.82312 eV ==== 
     psi = 0.251*[#  11]+0.228*[#   1]+0.058*[#  21]+0.058*[#  22]+0.058*[#  23]
          +0.050*[#   2]+0.050*[#   3]+0.050*[#   4]+0.018*[#  20]+0.013*[#  10]
          +0.006*[#  25]+0.006*[#  26]+0.006*[#  28]+0.002*[#  16]+0.002*[#  17]
          +0.002*[#  19]+0.002*[#  24]+0.002*[#  27]+0.001*[#  15]+0.001*[#  18]
          +0.001*[#   6]+0.001*[#   7]+0.001*[#   9]
    |psi|^2 = 0.871
==== e(  25) =    21.53350 eV ==== 
     psi = 0.127*[#  11]+0.116*[#  20]+0.115*[#   2]+0.115*[#   3]+0.115*[#   4]
          +0.102*[#   1]+0.014*[#  21]+0.014*[#  22]+0.014*[#  23]+0.011*[#  25]
          +0.011*[#  26]+0.011*[#  28]+0.003*[#  24]+0.003*[#  27]+0.002*[#  10]
          +0.002*[#  15]+0.002*[#  18]+0.001*[#  16]+0.001*[#  17]+0.001*[#  19]
          
    |psi|^2 = 0.780
==== e(  26) =    23.09626 eV ==== 
     psi = 0.149*[#   2]+0.149*[#   3]+0.149*[#   4]+0.072*[#  20]+0.041*[#  21]
          +0.041*[#  22]+0.041*[#  23]+0.031*[#   1]+0.010*[#  11]+0.003*[#  25]
          +0.003*[#  26]+0.003*[#  28]+0.002*[#  24]+0.002*[#  27]+0.002*[#  10]
          +0.002*[#  15]+0.002*[#  18]
    |psi|^2 = 0.706
==== e(  27) =    23.42583 eV ==== 
     psi = 0.115*[#  11]+0.098*[#  20]+0.071*[#  21]+0.071*[#  22]+0.071*[#  23]
          +0.056*[#   2]+0.056*[#   3]+0.056*[#   4]+0.030*[#   1]+0.004*[#  10]
          +0.004*[#  25]+0.004*[#  26]+0.004*[#  28]+0.001*[#  15]+0.001*[#  16]
          +0.001*[#  17]+0.001*[#  18]+0.001*[#  19]
    |psi|^2 = 0.648
==== e(  28) =    25.90949 eV ==== 
     psi = 0.086*[#   1]+0.077*[#  20]+0.076*[#  11]+0.074*[#  21]+0.074*[#  22]
          +0.074*[#  23]+0.041*[#   2]+0.041*[#   3]+0.041*[#   4]+0.003*[#  10]
          +0.002*[#  25]+0.002*[#  26]+0.002*[#  28]+0.001*[#  16]+0.001*[#  17]
          +0.001*[#  19]
    |psi|^2 = 0.598

 k =  -0.1666666667  0.5000000000  0.0000000000
==== e(   1) =   -91.24299 eV ==== 
     psi = 0.952*[#  10]+0.008*[#  21]+0.008*[#  22]+0.008*[#  23]+0.007*[#  11]
          +0.004*[#   2]+0.004*[#   3]+0.004*[#   4]+0.002*[#  20]
    |psi|^2 = 1.000
==== e(   2) =   -51.63460 eV ==== 
     psi = 0.333*[#  12]+0.333*[#  13]+0.333*[#  14]
    |psi|^2 = 1.000
==== e(   3) =   -51.63445 eV ==== 
     psi = 0.333*[#  12]+0.333*[#  13]+0.333*[#  14]
    |psi|^2 = 1.000
==== e(   4) =   -51.63444 eV ==== 
     psi = 0.333*[#  12]+0.333*[#  13]+0.333*[#  14]
    |psi|^2 = 1.000
==== e(   5) =     5.06357 eV ==== 
     psi = 0.220*[#  20]+0.148*[#   1]+0.134*[#  11]+0.077*[#   2]+0.077*[#   3]
          +0.077*[#   4]+0.074*[#  21]+0.074*[#  22]+0.074*[#  23]+0.015*[#  10]
          +0.003*[#   6]+0.003*[#   7]+0.003*[#   9]+0.003*[#  25]+0.003*[#  26]
          +0.003*[#  28]+0.002*[#  16]+0.002*[#  17]+0.002*[#  19]+0.001*[#  24]
          +0.001*[#  27]
    |psi|^2 = 0.997
==== e(   6) =     7.26414 eV ==== 
     psi = 0.234*[#  25]+0.234*[#  26]+0.234*[#  28]+0.052*[#   5]+0.052*[#   8]
          +0.039*[#   1]+0.037*[#  11]+0.016*[#   6]+0.016*[#   7]+0.016*[#   9]
          +0.013*[#  15]+0.013*[#  18]+0.008*[#  24]+0.008*[#  27]+0.003*[#  16]
          +0.003*[#  17]+0.003*[#  19]+0.003*[#   2]+0.003*[#   3]+0.003*[#   4]
          +0.001*[#  21]+0.001*[#  22]+0.001*[#  23]
    |psi|^2 = 0.997
==== e(   7) =     7.57777 eV ==== 
     psi = 0.264*[#  24]+0.264*[#  27]+0.056*[#  15]+0.056*[#  18]+0.055*[#   5]
          +0.055*[#   8]+0.029*[#   6]+0.029*[#   7]+0.029*[#   9]+0.021*[#  16]
          +0.021*[#  17]+0.021*[#  19]+0.018*[#  25]+0.018*[#  26]+0.018*[#  28]
          +0.010*[#   2]+0.010*[#   3]+0.010*[#   4]+0.006*[#   1]+0.001*[#  20]
          
    |psi|^2 = 0.997
==== e(   8) =     7.77776 eV ==== 
     psi = 0.198*[#  25]+0.198*[#  26]+0.198*[#  28]+0.061*[#   6]+0.061*[#   7]
          +0.061*[#   9]+0.028*[#  16]+0.028*[#  17]+0.028*[#  19]+0.027*[#   5]
          +0.027*[#   8]+0.019*[#  24]+0.019*[#  27]+0.012*[#  15]+0.012*[#  18]
          +0.006*[#   2]+0.006*[#   3]+0.006*[#   4]+0.005*[#  20]
    |psi|^2 = 0.998
==== e(   9) =     7.80493 eV ==== 
     psi = 0.220*[#  25]+0.220*[#  26]+0.220*[#  28]+0.061*[#   6]+0.061*[#   7]
          +0.061*[#   9]+0.033*[#  16]+0.033*[#  17]+0.033*[#  19]+0.008*[#   2]
          +0.008*[#   3]+0.008*[#   4]+0.007*[#  24]+0.007*[#  27]+0.007*[#  15]
          +0.007*[#  18]
    |psi|^2 = 0.998
==== e(  10) =     8.05148 eV ==== 
     psi = 0.217*[#  24]+0.217*[#  27]+0.142*[#   5]+0.142*[#   8]+0.073*[#  15]
          +0.073*[#  18]+0.022*[#   6]+0.022*[#   7]+0.022*[#   9]+0.013*[#  25]
          +0.013*[#  26]+0.013*[#  28]+0.008*[#  16]+0.008*[#  17]+0.008*[#  19]
          
    |psi|^2 = 0.997
==== e(  11) =     8.76925 eV ==== 
     psi = 0.158*[#   6]+0.158*[#   7]+0.158*[#   9]+0.113*[#   5]+0.113*[#   8]
          +0.041*[#  16]+0.041*[#  17]+0.041*[#  19]+0.027*[#  20]+0.027*[#  15]
          +0.027*[#  18]+0.016*[#  21]+0.016*[#  22]+0.016*[#  23]+0.009*[#  11]
          +0.007*[#  25]+0.007*[#  26]+0.007*[#  28]+0.003*[#   1]+0.003*[#   2]
          +0.003*[#   3]+0.003*[#   4]+0.002*[#  24]+0.002*[#  27]
    |psi|^2 = 0.998
==== e(  12) =     9.45043 eV ==== 
     psi = 0.214*[#   6]+0.214*[#   7]+0.214*[#   9]+0.046*[#  16]+0.046*[#  17]
          +0.046*[#  19]+0.032*[#  25]+0.032*[#  26]+0.032*[#  28]+0.020*[#   5]
          +0.020*[#   8]+0.012*[#  21]+0.012*[#  22]+0.012*[#  23]+0.009*[#   2]
          +0.009*[#   3]+0.009*[#   4]+0.004*[#  11]+0.003*[#  24]+0.003*[#  27]
          +0.002*[#  15]+0.002*[#  18]+0.001*[#   1]
    |psi|^2 = 0.997
==== e(  13) =     9.51689 eV ==== 
     psi = 0.196*[#   6]+0.196*[#   7]+0.196*[#   9]+0.061*[#  16]+0.061*[#  17]
          +0.061*[#  19]+0.040*[#  25]+0.040*[#  26]+0.040*[#  28]+0.015*[#  21]
          +0.015*[#  22]+0.015*[#  23]+0.011*[#  15]+0.011*[#  18]+0.008*[#   2]
          +0.008*[#   3]+0.008*[#   4]+0.005*[#   1]+0.002*[#   5]+0.002*[#   8]
          +0.001*[#  11]
    |psi|^2 = 0.998
==== e(  14) =    10.10522 eV ==== 
     psi = 0.263*[#   5]+0.263*[#   8]+0.134*[#  24]+0.134*[#  27]+0.042*[#  16]
          +0.042*[#  17]+0.042*[#  19]+0.014*[#   6]+0.014*[#   7]+0.014*[#   9]
          +0.007*[#  25]+0.007*[#  26]+0.007*[#  28]+0.003*[#   2]+0.003*[#   3]
          +0.003*[#   4]+0.002*[#  15]+0.002*[#  18]
    |psi|^2 = 0.999
==== e(  15) =    10.25488 eV ==== 
     psi = 0.172*[#  16]+0.172*[#  17]+0.172*[#  19]+0.086*[#  15]+0.086*[#  18]
          +0.057*[#   6]+0.057*[#   7]+0.057*[#   9]+0.051*[#   5]+0.051*[#   8]
          +0.006*[#  20]+0.005*[#   1]+0.003*[#  21]+0.003*[#  22]+0.003*[#  23]
          +0.003*[#  24]+0.003*[#  27]+0.003*[#  25]+0.003*[#  26]+0.003*[#  28]
          
    |psi|^2 = 0.999
==== e(  16) =    10.37875 eV ==== 
     psi = 0.130*[#   5]+0.130*[#   8]+0.121*[#  16]+0.121*[#  17]+0.121*[#  19]
          +0.047*[#  15]+0.047*[#  18]+0.036*[#   6]+0.036*[#   7]+0.036*[#   9]
          +0.034*[#  24]+0.034*[#  27]+0.022*[#  25]+0.022*[#  26]+0.022*[#  28]
          +0.007*[#   2]+0.007*[#   3]+0.007*[#   4]+0.006*[#  11]+0.004*[#  21]
          +0.004*[#  22]+0.004*[#  23]+0.001*[#  20]
    |psi|^2 = 0.998
==== e(  17) =    10.68972 eV ==== 
     psi = 0.099*[#  16]+0.099*[#  17]+0.099*[#  19]+0.083*[#  24]+0.083*[#  27]
          +0.065*[#   6]+0.065*[#   7]+0.065*[#   9]+0.058*[#   5]+0.058*[#   8]
          +0.043*[#  15]+0.043*[#  18]+0.035*[#  25]+0.035*[#  26]+0.035*[#  28]
          +0.006*[#   2]+0.006*[#   3]+0.006*[#   4]+0.003*[#  21]+0.003*[#  22]
          +0.003*[#  23]+0.002*[#  11]+0.001*[#   1]
    |psi|^2 = 0.997
==== e(  18) =    10.73431 eV ==== 
     psi = 0.161*[#  16]+0.161*[#  17]+0.161*[#  19]+0.062*[#   5]+0.062*[#   8]
          +0.045*[#  15]+0.045*[#  18]+0.037*[#  25]+0.037*[#  26]+0.037*[#  28]
          +0.033*[#  24]+0.033*[#  27]+0.026*[#   6]+0.026*[#   7]+0.026*[#   9]
          +0.009*[#   2]+0.009*[#   3]+0.009*[#   4]+0.004*[#  21]+0.004*[#  22]
          +0.004*[#  23]+0.003*[#   1]+0.002*[#  11]
    |psi|^2 = 0.997
==== e(  19) =    11.03437 eV ==== 
     psi = 0.315*[#  15]+0.315*[#  18]+0.080*[#  24]+0.080*[#  27]+0.031*[#  16]
          +0.031*[#  17]+0.031*[#  19]+0.016*[#   5]+0.016*[#   8]+0.015*[#  25]
          +0.015*[#  26]+0.015*[#  28]+0.011*[#   6]+0.011*[#   7]+0.011*[#   9]
          +0.001*[#   2]+0.001*[#   3]+0.001*[#   4]
    |psi|^2 = 0.998
==== e(  20) =    11.38839 eV ==== 
     psi = 0.241*[#  15]+0.241*[#  18]+0.097*[#  24]+0.097*[#  27]+0.077*[#  16]
          +0.077*[#  17]+0.077*[#  19]+0.024*[#  25]+0.024*[#  26]+0.024*[#  28]
          +0.004*[#   1]+0.002*[#   6]+0.002*[#   7]+0.002*[#   9]+0.001*[#   2]
          +0.001*[#   3]+0.001*[#   4]+0.001*[#  21]+0.001*[#  22]+0.001*[#  23]
          
    |psi|^2 = 0.999
==== e(  21) =    15.37553 eV ==== 
     psi = 0.220*[#  20]+0.093*[#   2]+0.093*[#   3]+0.093*[#   4]+0.085*[#  21]
          +0.085*[#  22]+0.085*[#  23]+0.023*[#  16]+0.023*[#  17]+0.023*[#  19]
          +0.018*[#  11]+0.015*[#  25]+0.015*[#  26]+0.015*[#  28]+0.014*[#   1]
          +0.011*[#   6]+0.011*[#   7]+0.011*[#   9]+0.005*[#  15]+0.005*[#  18]
          +0.002*[#   5]+0.002*[#   8]
    |psi|^2 = 0.952
==== e(  22) =    15.83196 eV ==== 
     psi = 0.122*[#  21]+0.122*[#  22]+0.122*[#  23]+0.099*[#   1]+0.083*[#   2]
          +0.083*[#   3]+0.083*[#   4]+0.065*[#  11]+0.032*[#  25]+0.032*[#  26]
          +0.032*[#  28]+0.015*[#  16]+0.015*[#  17]+0.015*[#  19]+0.007*[#   6]
          +0.007*[#   7]+0.007*[#   9]+0.005*[#  20]+0.002*[#  15]+0.002*[#  18]
          
    |psi|^2 = 0.953
==== e(  23) =    17.12113 eV ==== 
     psi = 0.098*[#   2]+0.098*[#   3]+0.098*[#   4]+0.096*[#  21]+0.096*[#  22]
          +0.096*[#  23]+0.093*[#  11]+0.091*[#   1]+0.057*[#  20]+0.009*[#  24]
          +0.009*[#  27]+0.007*[#  25]+0.007*[#  26]+0.007*[#  28]+0.007*[#  15]
          +0.007*[#  18]+0.007*[#  16]+0.007*[#  17]+0.007*[#  19]+0.004*[#   6]
          +0.004*[#   7]+0.004*[#   9]+0.003*[#   5]+0.003*[#   8]+0.003*[#  10]
          
    |psi|^2 = 0.918
==== e(  24) =    19.72733 eV ==== 
     psi = 0.320*[#   1]+0.283*[#  11]+0.051*[#   2]+0.051*[#   3]+0.051*[#   4]
          +0.027*[#  21]+0.027*[#  22]+0.027*[#  23]+0.023*[#  25]+0.023*[#  26]
          +0.023*[#  28]+0.010*[#  20]+0.002*[#  10]+0.001*[#  15]+0.001*[#  18]
          +0.001*[#   6]+0.001*[#   7]+0.001*[#   9]
    |psi|^2 = 0.927
==== e(  25) =    20.22031 eV ==== 
     psi = 0.243*[#  20]+0.082*[#  11]+0.074*[#   2]+0.074*[#   3]+0.074*[#   4]
          +0.048*[#  21]+0.048*[#  22]+0.048*[#  23]+0.010*[#  10]+0.006*[#   1]
          +0.005*[#  16]+0.005*[#  17]+0.005*[#  19]+0.002*[#   6]+0.002*[#   7]
          +0.002*[#   9]+0.002*[#  24]+0.002*[#  27]
    |psi|^2 = 0.733
==== e(  26) =    23.31451 eV ==== 
     psi = 0.113*[#   2]+0.113*[#   3]+0.113*[#   4]+0.036*[#  21]+0.036*[#  22]
          +0.036*[#  23]+0.034*[#   1]+0.033*[#  20]+0.024*[#  11]+0.003*[#  25]
          +0.003*[#  26]+0.003*[#  28]+0.001*[#  10]+0.001*[#  24]+0.001*[#  27]
          
    |psi|^2 = 0.556
==== e(  27) =    24.12035 eV ==== 
     psi = 0.059*[#   2]+0.059*[#   3]+0.059*[#   4]+0.038*[#  11]+0.027*[#  20]
          +0.004*[#  21]+0.004*[#  22]+0.004*[#  23]+0.002*[#   1]+0.001*[#  10]
          
    |psi|^2 = 0.263
==== e(  28) =    24.87878 eV ==== 
     psi = 0.103*[#   2]+0.103*[#   3]+0.103*[#   4]+0.075*[#  21]+0.075*[#  22]
          +0.075*[#  23]+0.034*[#  11]+0.027*[#   1]+0.003*[#  25]+0.003*[#  26]
          +0.003*[#  28]
    |psi|^2 = 0.607

 k =  -0.2500000000  0.5833333333 -0.0833333333
==== e(   1) =   -91.24291 eV ==== 
     psi = 0.954*[#  10]+0.008*[#  21]+0.008*[#  22]+0.008*[#  23]+0.007*[#  11]
          +0.004*[#   2]+0.004*[#   3]+0.004*[#   4]
    |psi|^2 = 1.000
==== e(   2) =   -51.63467 eV ==== 
     psi = 0.332*[#  12]+0.332*[#  13]+0.332*[#  14]
    |psi|^2 = 1.000
==== e(   3) =   -51.63441 eV ==== 
     psi = 0.333*[#  12]+0.333*[#  13]+0.333*[#  14]
    |psi|^2 = 1.000
==== e(   4) =   -51.63437 eV ==== 
     psi = 0.333*[#  12]+0.333*[#  13]+0.333*[#  14]
    |psi|^2 = 1.000
==== e(   5) =     5.59833 eV ==== 
     psi = 0.211*[#  20]+0.132*[#   1]+0.109*[#  11]+0.081*[#   2]+0.081*[#   3]
          +0.081*[#   4]+0.072*[#  21]+0.072*[#  22]+0.072*[#  23]+0.013*[#  10]
          +0.011*[#  25]+0.011*[#  26]+0.011*[#  28]+0.005*[#   6]+0.005*[#   7]
          +0.005*[#   9]+0.004*[#  16]+0.004*[#  17]+0.004*[#  19]+0.002*[#  15]
          +0.002*[#  18]+0.002*[#  24]+0.002*[#  27]+0.002*[#   5]+0.002*[#   8]
          
    |psi|^2 = 0.997
==== e(   6) =     7.17965 eV ==== 
     psi = 0.228*[#  25]+0.228*[#  26]+0.228*[#  28]+0.050*[#   5]+0.050*[#   8]
          +0.048*[#  11]+0.047*[#   1]+0.021*[#  15]+0.021*[#  18]+0.013*[#   6]
          +0.013*[#   7]+0.013*[#   9]+0.004*[#  16]+0.004*[#  17]+0.004*[#  19]
          +0.004*[#  21]+0.004*[#  22]+0.004*[#  23]+0.003*[#   2]+0.003*[#   3]
          +0.003*[#   4]+0.003*[#  24]+0.003*[#  27]
    |psi|^2 = 0.998
==== e(   7) =     7.59849 eV ==== 
     psi = 0.265*[#  24]+0.265*[#  27]+0.045*[#   5]+0.045*[#   8]+0.043*[#   6]
          +0.043*[#   7]+0.043*[#   9]+0.037*[#  15]+0.037*[#  18]+0.022*[#  25]
          +0.022*[#  26]+0.022*[#  28]+0.018*[#  16]+0.018*[#  17]+0.018*[#  19]
          +0.013*[#   2]+0.013*[#   3]+0.013*[#   4]+0.006*[#   1]+0.002*[#  21]
          +0.002*[#  22]+0.002*[#  23]
    |psi|^2 = 0.997
==== e(   8) =     7.75783 eV ==== 
     psi = 0.185*[#  25]+0.185*[#  26]+0.185*[#  28]+0.065*[#   6]+0.065*[#   7]
          +0.065*[#   9]+0.032*[#   5]+0.032*[#   8]+0.031*[#  16]+0.031*[#  17]
          +0.031*[#  19]+0.016*[#  24]+0.016*[#  27]+0.016*[#  15]+0.016*[#  18]
          +0.014*[#  20]+0.005*[#   2]+0.005*[#   3]+0.005*[#   4]
    |psi|^2 = 0.998
==== e(   9) =     7.82162 eV ==== 
     psi = 0.197*[#  25]+0.197*[#  26]+0.197*[#  28]+0.065*[#   6]+0.065*[#   7]
          +0.065*[#   9]+0.043*[#  16]+0.043*[#  17]+0.043*[#  19]+0.015*[#  24]
          +0.015*[#  27]+0.010*[#  20]+0.008*[#  15]+0.008*[#  18]+0.006*[#   2]
          +0.006*[#   3]+0.006*[#   4]+0.003*[#   5]+0.003*[#   8]+0.001*[#  11]
          
    |psi|^2 = 0.999
==== e(  10) =     8.20065 eV ==== 
     psi = 0.230*[#  24]+0.230*[#  27]+0.125*[#   5]+0.125*[#   8]+0.058*[#  15]
          +0.058*[#  18]+0.034*[#   6]+0.034*[#   7]+0.034*[#   9]+0.011*[#  16]
          +0.011*[#  17]+0.011*[#  19]+0.008*[#  25]+0.008*[#  26]+0.008*[#  28]
          +0.002*[#   2]+0.002*[#   3]+0.002*[#   4]+0.002*[#  20]
    |psi|^2 = 0.998
==== e(  11) =     8.81757 eV ==== 
     psi = 0.141*[#   6]+0.141*[#   7]+0.141*[#   9]+0.128*[#   5]+0.128*[#   8]
          +0.028*[#  15]+0.028*[#  18]+0.027*[#  16]+0.027*[#  17]+0.027*[#  19]
          +0.026*[#  20]+0.020*[#  21]+0.020*[#  22]+0.020*[#  23]+0.015*[#  11]
          +0.015*[#  25]+0.015*[#  26]+0.015*[#  28]+0.007*[#   1]+0.006*[#   2]
          +0.006*[#   3]+0.006*[#   4]+0.004*[#  24]+0.004*[#  27]
    |psi|^2 = 0.998
==== e(  12) =     9.50558 eV ==== 
     psi = 0.201*[#   6]+0.201*[#   7]+0.201*[#   9]+0.038*[#   5]+0.038*[#   8]
          +0.034*[#  16]+0.034*[#  17]+0.034*[#  19]+0.027*[#  25]+0.027*[#  26]
          +0.027*[#  28]+0.016*[#  21]+0.016*[#  22]+0.016*[#  23]+0.012*[#  15]
          +0.012*[#  18]+0.011*[#  11]+0.011*[#   2]+0.011*[#   3]+0.011*[#   4]
          +0.006*[#  24]+0.006*[#  27]+0.005*[#   1]
    |psi|^2 = 0.998
==== e(  13) =     9.63107 eV ==== 
     psi = 0.166*[#   6]+0.166*[#   7]+0.166*[#   9]+0.071*[#  16]+0.071*[#  17]
          +0.071*[#  19]+0.037*[#  25]+0.037*[#  26]+0.037*[#  28]+0.029*[#  15]
          +0.029*[#  18]+0.016*[#  21]+0.016*[#  22]+0.016*[#  23]+0.013*[#   5]
          +0.013*[#   8]+0.009*[#   1]+0.007*[#   2]+0.007*[#   3]+0.007*[#   4]
          +0.005*[#  24]+0.005*[#  27]+0.001*[#  11]+0.001*[#  20]
    |psi|^2 = 0.998
==== e(  14) =     9.87386 eV ==== 
     psi = 0.257*[#   5]+0.257*[#   8]+0.113*[#  24]+0.113*[#  27]+0.041*[#  16]
          +0.041*[#  17]+0.041*[#  19]+0.022*[#   6]+0.022*[#   7]+0.022*[#   9]
          +0.010*[#  25]+0.010*[#  26]+0.010*[#  28]+0.008*[#  15]+0.008*[#  18]
          +0.005*[#   2]+0.005*[#   3]+0.005*[#   4]+0.001*[#   1]+0.001*[#  20]
          +0.001*[#  21]+0.001*[#  22]+0.001*[#  23]
    |psi|^2 = 0.998
==== e(  15) =    10.16738 eV ==== 
     psi = 0.201*[#  16]+0.201*[#  17]+0.201*[#  19]+0.086*[#   6]+0.086*[#   7]
          +0.086*[#   9]+0.028*[#  15]+0.028*[#  18]+0.013*[#   5]+0.013*[#   8]
          +0.008*[#   1]+0.008*[#  20]+0.005*[#  21]+0.005*[#  22]+0.005*[#  23]
          +0.003*[#  24]+0.003*[#  27]+0.003*[#   2]+0.003*[#   3]+0.003*[#   4]
          +0.003*[#  25]+0.003*[#  26]+0.003*[#  28]
    |psi|^2 = 0.998
==== e(  16) =    10.26751 eV ==== 
     psi = 0.141*[#   5]+0.141*[#   8]+0.102*[#  15]+0.102*[#  18]+0.095*[#  16]
          +0.095*[#  17]+0.095*[#  19]+0.024*[#  24]+0.024*[#  27]+0.022*[#  25]
          +0.022*[#  26]+0.022*[#  28]+0.022*[#   6]+0.022*[#   7]+0.022*[#   9]
          +0.007*[#   2]+0.007*[#   3]+0.007*[#   4]+0.006*[#  11]+0.005*[#  21]
          +0.005*[#  22]+0.005*[#  23]+0.002*[#  20]
    |psi|^2 = 0.999
==== e(  17) =    10.68957 eV ==== 
     psi = 0.150*[#  15]+0.150*[#  18]+0.100*[#  24]+0.100*[#  27]+0.065*[#   5]
          +0.065*[#   8]+0.050*[#   6]+0.050*[#   7]+0.050*[#   9]+0.042*[#  16]
          +0.042*[#  17]+0.042*[#  19]+0.022*[#  25]+0.022*[#  26]+0.022*[#  28]
          +0.004*[#   2]+0.004*[#   3]+0.004*[#   4]+0.003*[#  21]+0.003*[#  22]
          +0.003*[#  23]+0.002*[#  11]+0.002*[#   1]
    |psi|^2 = 0.998
==== e(  18) =    10.84946 eV ==== 
     psi = 0.121*[#  16]+0.121*[#  17]+0.121*[#  19]+0.096*[#  15]+0.096*[#  18]
          +0.059*[#  24]+0.059*[#  27]+0.053*[#   5]+0.053*[#   8]+0.035*[#  25]
          +0.035*[#  26]+0.035*[#  28]+0.020*[#   6]+0.020*[#   7]+0.020*[#   9]
          +0.008*[#   2]+0.008*[#   3]+0.008*[#   4]+0.006*[#  21]+0.006*[#  22]
          +0.006*[#  23]+0.005*[#   1]+0.003*[#  11]+0.002*[#  20]
    |psi|^2 = 0.997
==== e(  19) =    11.05843 eV ==== 
     psi = 0.178*[#  15]+0.178*[#  18]+0.084*[#  16]+0.084*[#  17]+0.084*[#  19]
          +0.057*[#  24]+0.057*[#  27]+0.042*[#  25]+0.042*[#  26]+0.042*[#  28]
          +0.028*[#   6]+0.028*[#   7]+0.028*[#   9]+0.023*[#   5]+0.023*[#   8]
          +0.004*[#   2]+0.004*[#   3]+0.004*[#   4]+0.002*[#  21]+0.002*[#  22]
          +0.002*[#  23]+0.001*[#   1]
    |psi|^2 = 0.997
==== e(  20) =    11.40177 eV ==== 
     psi = 0.196*[#  15]+0.196*[#  18]+0.101*[#  16]+0.101*[#  17]+0.101*[#  19]
          +0.076*[#  24]+0.076*[#  27]+0.038*[#  25]+0.038*[#  26]+0.038*[#  28]
          +0.006*[#   6]+0.006*[#   7]+0.006*[#   9]+0.003*[#   1]+0.003*[#   2]
          +0.003*[#   3]+0.003*[#   4]+0.001*[#  21]+0.001*[#  22]+0.001*[#  23]
          +0.001*[#   5]+0.001*[#   8]
    |psi|^2 = 0.999
==== e(  21) =    13.92604 eV ==== 
     psi = 0.170*[#  20]+0.075*[#   2]+0.075*[#   3]+0.075*[#   4]+0.073*[#  21]
          +0.073*[#  22]+0.073*[#  23]+0.042*[#   1]+0.040*[#  11]+0.039*[#  16]
          +0.039*[#  17]+0.039*[#  19]+0.031*[#  25]+0.031*[#  26]+0.031*[#  28]
          +0.017*[#   6]+0.017*[#   7]+0.017*[#   9]+0.007*[#  15]+0.007*[#  18]
          +0.003*[#   5]+0.003*[#   8]+0.001*[#  24]+0.001*[#  27]
    |psi|^2 = 0.978
==== e(  22) =    15.24954 eV ==== 
     psi = 0.115*[#  21]+0.115*[#  22]+0.115*[#  23]+0.081*[#   2]+0.081*[#   3]
          +0.081*[#   4]+0.080*[#   1]+0.065*[#  11]+0.052*[#  20]+0.027*[#  25]
          +0.027*[#  26]+0.027*[#  28]+0.016*[#  16]+0.016*[#  17]+0.016*[#  19]
          +0.008*[#   6]+0.008*[#   7]+0.008*[#   9]+0.007*[#  15]+0.007*[#  18]
          +0.003*[#   5]+0.003*[#   8]+0.002*[#  24]+0.002*[#  27]
    |psi|^2 = 0.962
==== e(  23) =    16.40347 eV ==== 
     psi = 0.104*[#   2]+0.104*[#   3]+0.104*[#   4]+0.101*[#  21]+0.101*[#  22]
          +0.101*[#  23]+0.095*[#  11]+0.086*[#   1]+0.029*[#  20]+0.013*[#  24]
          +0.013*[#  27]+0.009*[#  15]+0.009*[#  18]+0.009*[#  25]+0.009*[#  26]
          +0.009*[#  28]+0.007*[#  16]+0.007*[#  17]+0.007*[#  19]+0.004*[#   5]
          +0.004*[#   6]+0.004*[#   7]+0.004*[#   8]+0.004*[#   9]+0.003*[#  10]
          
    |psi|^2 = 0.938
==== e(  24) =    19.82722 eV ==== 
     psi = 0.222*[#  11]+0.210*[#   1]+0.091*[#  20]+0.061*[#   2]+0.061*[#   3]
          +0.061*[#   4]+0.037*[#  21]+0.037*[#  22]+0.037*[#  23]+0.015*[#  25]
          +0.015*[#  26]+0.015*[#  28]+0.006*[#  10]+0.002*[#  16]+0.002*[#  17]
          +0.002*[#  19]+0.001*[#   6]+0.001*[#   7]+0.001*[#   9]+0.001*[#  24]
          +0.001*[#  27]+0.001*[#  15]+0.001*[#  18]
    |psi|^2 = 0.885
==== e(  25) =    21.05670 eV ==== 
     psi = 0.154*[#  20]+0.112*[#  11]+0.089*[#   1]+0.078*[#   2]+0.078*[#   3]
          +0.078*[#   4]+0.050*[#  21]+0.050*[#  22]+0.050*[#  23]+0.006*[#  10]
          +0.006*[#  25]+0.006*[#  26]+0.006*[#  28]+0.003*[#  16]+0.003*[#  17]
          +0.003*[#  19]+0.001*[#   6]+0.001*[#   7]+0.001*[#   9]
    |psi|^2 = 0.778
==== e(  26) =    22.94497 eV ==== 
     psi = 0.113*[#   2]+0.113*[#   3]+0.113*[#   4]+0.072*[#  20]+0.060*[#   1]
          +0.052*[#  11]+0.033*[#  21]+0.033*[#  22]+0.033*[#  23]+0.004*[#  25]
          +0.004*[#  26]+0.004*[#  28]+0.002*[#  10]+0.002*[#  24]+0.002*[#  27]
          +0.001*[#  15]+0.001*[#  18]
    |psi|^2 = 0.646
==== e(  27) =    24.40255 eV ==== 
     psi = 0.063*[#   2]+0.063*[#   3]+0.063*[#   4]+0.033*[#  11]+0.030*[#  20]
          +0.021*[#  21]+0.021*[#  22]+0.021*[#  23]+0.005*[#   1]+0.001*[#  10]
          
    |psi|^2 = 0.327
==== e(  28) =    25.31209 eV ==== 
     psi = 0.085*[#  21]+0.085*[#  22]+0.085*[#  23]+0.075*[#   2]+0.075*[#   3]
          +0.075*[#   4]+0.054*[#   1]+0.052*[#  11]+0.016*[#  20]+0.003*[#  25]
          +0.003*[#  26]+0.003*[#  28]+0.002*[#  10]
    |psi|^2 = 0.617

 k =   0.6666666667 -0.3333333333  0.8333333333
==== e(   1) =   -91.24282 eV ==== 
     psi = 0.956*[#  10]+0.007*[#  21]+0.007*[#  22]+0.007*[#  23]+0.006*[#  11]
          +0.004*[#   2]+0.004*[#   3]+0.004*[#   4]
    |psi|^2 = 1.000
==== e(   2) =   -51.63462 eV ==== 
     psi = 0.332*[#  12]+0.332*[#  13]+0.332*[#  14]+0.001*[#  20]
    |psi|^2 = 1.000
==== e(   3) =   -51.63440 eV ==== 
     psi = 0.332*[#  12]+0.332*[#  13]+0.332*[#  14]
    |psi|^2 = 1.000
==== e(   4) =   -51.63434 eV ==== 
     psi = 0.333*[#  12]+0.333*[#  13]+0.333*[#  14]
    |psi|^2 = 1.000
==== e(   5) =     6.13667 eV ==== 
     psi = 0.202*[#  20]+0.123*[#   1]+0.090*[#  11]+0.075*[#   2]+0.075*[#   3]
          +0.075*[#   4]+0.053*[#  21]+0.053*[#  22]+0.053*[#  23]+0.040*[#  25]
          +0.040*[#  26]+0.040*[#  28]+0.009*[#   6]+0.009*[#   7]+0.009*[#   9]
          +0.009*[#  10]+0.006*[#  16]+0.006*[#  17]+0.006*[#  19]+0.005*[#  15]
          +0.005*[#  18]+0.004*[#   5]+0.004*[#   8]+0.002*[#  24]+0.002*[#  27]
          
    |psi|^2 = 0.997
==== e(   6) =     7.14406 eV ==== 
     psi = 0.206*[#  25]+0.206*[#  26]+0.206*[#  28]+0.054*[#  11]+0.052*[#   1]
          +0.049*[#   5]+0.049*[#   8]+0.025*[#  15]+0.025*[#  18]+0.016*[#   6]
          +0.016*[#   7]+0.016*[#   9]+0.014*[#  21]+0.014*[#  22]+0.014*[#  23]
          +0.007*[#  16]+0.007*[#  17]+0.007*[#  19]+0.004*[#   2]+0.004*[#   3]
          +0.004*[#   4]+0.002*[#  10]
    |psi|^2 = 0.998
==== e(   7) =     7.63876 eV ==== 
     psi = 0.256*[#  24]+0.256*[#  27]+0.052*[#   6]+0.052*[#   7]+0.052*[#   9]
          +0.034*[#   5]+0.034*[#   8]+0.032*[#  25]+0.032*[#  26]+0.032*[#  28]
          +0.024*[#  15]+0.024*[#  18]+0.018*[#   2]+0.018*[#   3]+0.018*[#   4]
          +0.013*[#  16]+0.013*[#  17]+0.013*[#  19]+0.006*[#  21]+0.006*[#  22]
          +0.006*[#  23]+0.004*[#   1]
    |psi|^2 = 0.997
==== e(   8) =     7.72670 eV ==== 
     psi = 0.168*[#  25]+0.168*[#  26]+0.168*[#  28]+0.066*[#   6]+0.066*[#   7]
          +0.066*[#   9]+0.035*[#   5]+0.035*[#   8]+0.032*[#  16]+0.032*[#  17]
          +0.032*[#  19]+0.028*[#  20]+0.020*[#  15]+0.020*[#  18]+0.020*[#  24]
          +0.020*[#  27]+0.007*[#   2]+0.007*[#   3]+0.007*[#   4]
    |psi|^2 = 0.998
==== e(   9) =     7.84235 eV ==== 
     psi = 0.163*[#  25]+0.163*[#  26]+0.163*[#  28]+0.068*[#   6]+0.068*[#   7]
          +0.068*[#   9]+0.053*[#  16]+0.053*[#  17]+0.053*[#  19]+0.036*[#  20]
          +0.024*[#  24]+0.024*[#  27]+0.009*[#   2]+0.009*[#   3]+0.009*[#   4]
          +0.008*[#   5]+0.008*[#   8]+0.006*[#  15]+0.006*[#  18]+0.002*[#   1]
          
    |psi|^2 = 0.999
==== e(  10) =     8.32491 eV ==== 
     psi = 0.255*[#  24]+0.255*[#  27]+0.092*[#   5]+0.092*[#   8]+0.049*[#   6]
          +0.049*[#   7]+0.049*[#   9]+0.035*[#  15]+0.035*[#  18]+0.016*[#  16]
          +0.016*[#  17]+0.016*[#  19]+0.007*[#  25]+0.007*[#  26]+0.007*[#  28]
          +0.004*[#   2]+0.004*[#   3]+0.004*[#   4]+0.002*[#  20]+0.001*[#  21]
          +0.001*[#  22]+0.001*[#  23]
    |psi|^2 = 0.998
==== e(  11) =     8.90779 eV ==== 
     psi = 0.131*[#   5]+0.131*[#   8]+0.125*[#   6]+0.125*[#   7]+0.125*[#   9]
          +0.029*[#  21]+0.029*[#  22]+0.029*[#  23]+0.025*[#  11]+0.025*[#  15]
          +0.025*[#  18]+0.022*[#  25]+0.022*[#  26]+0.022*[#  28]+0.018*[#  16]
          +0.018*[#  17]+0.018*[#  19]+0.016*[#  20]+0.014*[#   1]+0.012*[#   2]
          +0.012*[#   3]+0.012*[#   4]+0.007*[#  24]+0.007*[#  27]+0.001*[#  10]
          
    |psi|^2 = 0.998
==== e(  12) =     9.51702 eV ==== 
     psi = 0.126*[#   6]+0.126*[#   7]+0.126*[#   9]+0.097*[#   5]+0.097*[#   8]
          +0.035*[#  16]+0.035*[#  17]+0.035*[#  19]+0.032*[#  15]+0.032*[#  18]
          +0.028*[#  21]+0.028*[#  22]+0.028*[#  23]+0.022*[#  24]+0.022*[#  27]
          +0.017*[#   1]+0.016*[#  11]+0.016*[#   2]+0.016*[#   3]+0.016*[#   4]
          +0.016*[#  25]+0.016*[#  26]+0.016*[#  28]+0.002*[#  20]+0.001*[#  10]
          
    |psi|^2 = 0.998
==== e(  13) =     9.62057 eV ==== 
     psi = 0.194*[#   5]+0.194*[#   8]+0.080*[#   6]+0.080*[#   7]+0.080*[#   9]
          +0.068*[#  24]+0.068*[#  27]+0.053*[#  16]+0.053*[#  17]+0.053*[#  19]
          +0.013*[#  15]+0.013*[#  18]+0.005*[#   2]+0.005*[#   3]+0.005*[#   4]
          +0.005*[#  21]+0.005*[#  22]+0.005*[#  23]+0.005*[#  25]+0.005*[#  26]
          +0.005*[#  28]+0.003*[#   1]+0.002*[#  20]+0.001*[#  11]
    |psi|^2 = 0.998
==== e(  14) =     9.72954 eV ==== 
     psi = 0.112*[#   6]+0.112*[#   7]+0.112*[#   9]+0.075*[#   5]+0.075*[#   8]
          +0.074*[#  15]+0.074*[#  18]+0.061*[#  16]+0.061*[#  17]+0.061*[#  19]
          +0.034*[#  25]+0.034*[#  26]+0.034*[#  28]+0.011*[#  21]+0.011*[#  22]
          +0.011*[#  23]+0.009*[#  24]+0.009*[#  27]+0.007*[#   1]+0.006*[#   2]
          +0.006*[#   3]+0.006*[#   4]+0.002*[#  20]
    |psi|^2 = 0.998
==== e(  15) =    10.06158 eV ==== 
     psi = 0.184*[#  16]+0.184*[#  17]+0.184*[#  19]+0.078*[#   6]+0.078*[#   7]
          +0.078*[#   9]+0.028*[#   5]+0.028*[#   8]+0.022*[#  15]+0.022*[#  18]
          +0.016*[#   1]+0.012*[#  21]+0.012*[#  22]+0.012*[#  23]+0.009*[#  24]
          +0.009*[#  27]+0.007*[#  25]+0.007*[#  26]+0.007*[#  28]+0.006*[#  20]
          +0.005*[#   2]+0.005*[#   3]+0.005*[#   4]+0.001*[#  11]
    |psi|^2 = 0.998
==== e(  16) =    10.17622 eV ==== 
     psi = 0.103*[#   5]+0.103*[#   8]+0.086*[#  15]+0.086*[#  18]+0.080*[#  16]
          +0.080*[#  17]+0.080*[#  19]+0.069*[#   6]+0.069*[#   7]+0.069*[#   9]
          +0.025*[#  25]+0.025*[#  26]+0.025*[#  28]+0.018*[#  24]+0.018*[#  27]
          +0.011*[#  11]+0.008*[#  21]+0.008*[#  22]+0.008*[#  23]+0.007*[#   2]
          +0.007*[#   3]+0.007*[#   4]+0.005*[#  20]+0.001*[#   1]
    |psi|^2 = 0.998
==== e(  17) =    10.66825 eV ==== 
     psi = 0.222*[#  15]+0.222*[#  18]+0.101*[#  24]+0.101*[#  27]+0.060*[#   5]
          +0.060*[#   8]+0.036*[#   6]+0.036*[#   7]+0.036*[#   9]+0.021*[#  16]
          +0.021*[#  17]+0.021*[#  19]+0.013*[#  25]+0.013*[#  26]+0.013*[#  28]
          +0.003*[#  21]+0.003*[#  22]+0.003*[#  23]+0.003*[#   2]+0.003*[#   3]
          +0.003*[#   4]+0.002*[#  11]+0.002*[#   1]
    |psi|^2 = 0.998
==== e(  18) =    10.94185 eV ==== 
     psi = 0.168*[#  15]+0.168*[#  18]+0.073*[#  24]+0.073*[#  27]+0.056*[#   5]
          +0.056*[#   8]+0.055*[#  16]+0.055*[#  17]+0.055*[#  19]+0.029*[#  25]
          +0.029*[#  26]+0.029*[#  28]+0.027*[#   6]+0.027*[#   7]+0.027*[#   9]
          +0.011*[#  21]+0.011*[#  22]+0.011*[#  23]+0.010*[#   1]+0.006*[#   2]
          +0.006*[#   3]+0.006*[#   4]+0.006*[#  11]+0.004*[#  20]
    |psi|^2 = 0.998
==== e(  19) =    11.18873 eV ==== 
     psi = 0.140*[#  16]+0.140*[#  17]+0.140*[#  19]+0.068*[#  25]+0.068*[#  26]
          +0.068*[#  28]+0.064*[#  15]+0.064*[#  18]+0.046*[#  24]+0.046*[#  27]
          +0.031*[#   6]+0.031*[#   7]+0.031*[#   9]+0.013*[#   5]+0.013*[#   8]
          +0.006*[#   2]+0.006*[#   3]+0.006*[#   4]+0.004*[#  21]+0.004*[#  22]
          +0.004*[#  23]+0.002*[#   1]
    |psi|^2 = 0.997
==== e(  20) =    11.41537 eV ==== 
     psi = 0.132*[#  15]+0.132*[#  18]+0.124*[#  16]+0.124*[#  17]+0.124*[#  19]
          +0.060*[#  24]+0.060*[#  27]+0.055*[#  25]+0.055*[#  26]+0.055*[#  28]
          +0.014*[#   6]+0.014*[#   7]+0.014*[#   9]+0.006*[#   2]+0.006*[#   3]
          +0.006*[#   4]+0.003*[#   5]+0.003*[#   8]+0.003*[#  21]+0.003*[#  22]
          +0.003*[#  23]+0.001*[#   1]+0.001*[#  11]
    |psi|^2 = 0.998
==== e(  21) =    12.63621 eV ==== 
     psi = 0.113*[#  20]+0.074*[#  16]+0.074*[#  17]+0.074*[#  19]+0.056*[#   2]
          +0.056*[#   3]+0.056*[#   4]+0.052*[#  25]+0.052*[#  26]+0.052*[#  28]
          +0.048*[#  21]+0.048*[#  22]+0.048*[#  23]+0.033*[#  11]+0.032*[#   1]
          +0.028*[#   6]+0.028*[#   7]+0.028*[#   9]+0.011*[#  15]+0.011*[#  18]
          +0.004*[#   5]+0.004*[#   8]+0.004*[#  24]+0.004*[#  27]
    |psi|^2 = 0.991
==== e(  22) =    14.97781 eV ==== 
     psi = 0.109*[#  21]+0.109*[#  22]+0.109*[#  23]+0.086*[#   1]+0.082*[#  11]
          +0.080*[#  20]+0.072*[#   2]+0.072*[#   3]+0.072*[#   4]+0.019*[#  25]
          +0.019*[#  26]+0.019*[#  28]+0.016*[#  15]+0.016*[#  18]+0.013*[#  16]
          +0.013*[#  17]+0.013*[#  19]+0.007*[#   5]+0.007*[#   8]+0.007*[#   6]
          +0.007*[#   7]+0.007*[#   9]+0.006*[#  24]+0.006*[#  27]
    |psi|^2 = 0.965
==== e(  23) =    15.82080 eV ==== 
     psi = 0.117*[#  21]+0.117*[#  22]+0.117*[#  23]+0.115*[#   2]+0.115*[#   3]
          +0.115*[#   4]+0.061*[#  11]+0.053*[#   1]+0.014*[#  24]+0.014*[#  27]
          +0.012*[#  15]+0.012*[#  18]+0.010*[#  20]+0.010*[#  25]+0.010*[#  26]
          +0.010*[#  28]+0.007*[#  16]+0.007*[#  17]+0.007*[#  19]+0.005*[#   5]
          +0.005*[#   8]+0.004*[#   6]+0.004*[#   7]+0.004*[#   9]+0.001*[#  10]
          
    |psi|^2 = 0.946
==== e(  24) =    19.82236 eV ==== 
     psi = 0.218*[#  11]+0.201*[#   1]+0.088*[#  20]+0.063*[#   2]+0.063*[#   3]
          +0.063*[#   4]+0.042*[#  21]+0.042*[#  22]+0.042*[#  23]+0.012*[#  25]
          +0.012*[#  26]+0.012*[#  28]+0.008*[#  10]+0.003*[#  16]+0.003*[#  17]
          +0.003*[#  19]+0.002*[#  24]+0.002*[#  27]+0.001*[#   6]+0.001*[#   7]
          +0.001*[#   9]+0.001*[#  15]+0.001*[#  18]
    |psi|^2 = 0.886
==== e(  25) =    22.21280 eV ==== 
     psi = 0.125*[#   1]+0.124*[#  11]+0.086*[#   2]+0.086*[#   3]+0.086*[#   4]
          +0.060*[#  21]+0.060*[#  22]+0.060*[#  23]+0.023*[#  20]+0.007*[#  25]
          +0.007*[#  26]+0.007*[#  28]+0.005*[#  10]+0.002*[#  15]+0.002*[#  18]
          +0.001*[#  16]+0.001*[#  17]+0.001*[#  19]
    |psi|^2 = 0.744
==== e(  26) =    22.72686 eV ==== 
     psi = 0.231*[#  20]+0.110*[#   2]+0.110*[#   3]+0.110*[#   4]+0.051*[#   1]
          +0.039*[#  11]+0.012*[#  21]+0.012*[#  22]+0.012*[#  23]+0.004*[#  25]
          +0.004*[#  26]+0.004*[#  28]+0.002*[#  24]+0.002*[#  27]+0.002*[#  16]
          +0.002*[#  17]+0.002*[#  19]
    |psi|^2 = 0.712
==== e(  27) =    24.51328 eV ==== 
     psi = 0.079*[#   2]+0.079*[#   3]+0.079*[#   4]+0.038*[#  21]+0.038*[#  22]
          +0.038*[#  23]+0.029*[#  20]+0.024*[#  11]+0.016*[#   1]+0.002*[#  10]
          
    |psi|^2 = 0.431
==== e(  28) =    25.25687 eV ==== 
     psi = 0.099*[#  21]+0.099*[#  22]+0.099*[#  23]+0.091*[#  11]+0.061*[#   1]
          +0.052*[#   2]+0.052*[#   3]+0.052*[#   4]+0.023*[#  20]+0.003*[#  10]
          +0.003*[#  25]+0.003*[#  26]+0.003*[#  28]
    |psi|^2 = 0.645

 k =   0.5833333333 -0.2500000000  0.7500000000
==== e(   1) =   -91.24292 eV ==== 
     psi = 0.957*[#  10]+0.007*[#  21]+0.007*[#  22]+0.007*[#  23]+0.006*[#  11]
          +0.004*[#   2]+0.004*[#   3]+0.004*[#   4]
    |psi|^2 = 1.000
==== e(   2) =   -51.63473 eV ==== 
     psi = 0.332*[#  12]+0.332*[#  13]+0.332*[#  14]+0.001*[#  20]
    |psi|^2 = 1.000
==== e(   3) =   -51.63448 eV ==== 
     psi = 0.332*[#  12]+0.332*[#  13]+0.332*[#  14]
    |psi|^2 = 1.000
==== e(   4) =   -51.63439 eV ==== 
     psi = 0.333*[#  12]+0.333*[#  13]+0.333*[#  14]
    |psi|^2 = 1.000
==== e(   5) =     6.44579 eV ==== 
     psi = 0.181*[#  20]+0.120*[#   1]+0.090*[#  25]+0.090*[#  26]+0.090*[#  28]
          +0.080*[#  11]+0.060*[#   2]+0.060*[#   3]+0.060*[#   4]+0.025*[#  21]
          +0.025*[#  22]+0.025*[#  23]+0.010*[#   6]+0.010*[#   7]+0.010*[#   9]
          +0.009*[#  15]+0.009*[#  18]+0.008*[#   5]+0.008*[#   8]+0.007*[#  16]
          +0.007*[#  17]+0.007*[#  19]+0.004*[#  10]
    |psi|^2 = 0.998
==== e(   6) =     7.18176 eV ==== 
     psi = 0.174*[#  25]+0.174*[#  26]+0.174*[#  28]+0.053*[#  11]+0.052*[#   1]
          +0.047*[#   5]+0.047*[#   8]+0.028*[#  21]+0.028*[#  22]+0.028*[#  23]
          +0.026*[#   6]+0.026*[#   7]+0.026*[#   9]+0.026*[#  15]+0.026*[#  18]
          +0.012*[#  16]+0.012*[#  17]+0.012*[#  19]+0.007*[#   2]+0.007*[#   3]
          +0.007*[#   4]+0.003*[#  20]+0.003*[#  10]
    |psi|^2 = 0.998
==== e(   7) =     7.67031 eV ==== 
     psi = 0.136*[#  24]+0.136*[#  27]+0.099*[#  25]+0.099*[#  26]+0.099*[#  28]
          +0.067*[#   6]+0.067*[#   7]+0.067*[#   9]+0.043*[#   5]+0.043*[#   8]
          +0.015*[#  16]+0.015*[#  17]+0.015*[#  19]+0.014*[#   2]+0.014*[#   3]
          +0.014*[#   4]+0.012*[#  15]+0.012*[#  18]+0.010*[#  20]+0.005*[#  21]
          +0.005*[#  22]+0.005*[#  23]
    |psi|^2 = 0.997
==== e(   8) =     7.71389 eV ==== 
     psi = 0.133*[#  24]+0.133*[#  27]+0.081*[#  25]+0.081*[#  26]+0.081*[#  28]
          +0.065*[#   6]+0.065*[#   7]+0.065*[#   9]+0.043*[#  20]+0.028*[#  16]
          +0.028*[#  17]+0.028*[#  19]+0.026*[#  15]+0.026*[#  18]+0.018*[#   2]
          +0.018*[#   3]+0.018*[#   4]+0.017*[#   5]+0.017*[#   8]+0.008*[#  21]
          +0.008*[#  22]+0.008*[#  23]
    |psi|^2 = 0.998
==== e(   9) =     7.84721 eV ==== 
     psi = 0.141*[#  25]+0.141*[#  26]+0.141*[#  28]+0.064*[#  20]+0.057*[#   6]
          +0.057*[#   7]+0.057*[#   9]+0.055*[#  16]+0.055*[#  17]+0.055*[#  19]
          +0.034*[#  24]+0.034*[#  27]+0.019*[#   5]+0.019*[#   8]+0.018*[#   2]
          +0.018*[#   3]+0.018*[#   4]+0.004*[#  15]+0.004*[#  18]+0.003*[#   1]
          +0.002*[#  21]+0.002*[#  22]+0.002*[#  23]
    |psi|^2 = 0.998
==== e(  10) =     8.36793 eV ==== 
     psi = 0.284*[#  24]+0.284*[#  27]+0.059*[#   6]+0.059*[#   7]+0.059*[#   9]
          +0.056*[#   5]+0.056*[#   8]+0.021*[#  16]+0.021*[#  17]+0.021*[#  19]
          +0.017*[#  15]+0.017*[#  18]+0.006*[#  25]+0.006*[#  26]+0.006*[#  28]
          +0.006*[#   2]+0.006*[#   3]+0.006*[#   4]+0.001*[#  20]+0.001*[#  21]
          +0.001*[#  22]+0.001*[#  23]
    |psi|^2 = 0.998
==== e(  11) =     9.03460 eV ==== 
     psi = 0.121*[#   5]+0.121*[#   8]+0.105*[#   6]+0.105*[#   7]+0.105*[#   9]
          +0.042*[#  21]+0.042*[#  22]+0.042*[#  23]+0.038*[#  11]+0.024*[#  25]
          +0.024*[#  26]+0.024*[#  28]+0.020*[#   1]+0.020*[#   2]+0.020*[#   3]
          +0.020*[#   4]+0.019*[#  15]+0.019*[#  18]+0.018*[#  16]+0.018*[#  17]
          +0.018*[#  19]+0.014*[#  24]+0.014*[#  27]+0.003*[#  20]+0.002*[#  10]
          
    |psi|^2 = 0.998
==== e(  12) =     9.38003 eV ==== 
     psi = 0.268*[#   5]+0.268*[#   8]+0.046*[#   6]+0.046*[#   7]+0.046*[#   9]
          +0.040*[#  24]+0.040*[#  27]+0.032*[#  16]+0.032*[#  17]+0.032*[#  19]
          +0.028*[#  15]+0.028*[#  18]+0.016*[#  21]+0.016*[#  22]+0.016*[#  23]
          +0.015*[#   1]+0.005*[#   2]+0.005*[#   3]+0.005*[#   4]+0.003*[#  25]
          +0.003*[#  26]+0.003*[#  28]+0.002*[#  11]
    |psi|^2 = 0.997
==== e(  13) =     9.55949 eV ==== 
     psi = 0.131*[#   6]+0.131*[#   7]+0.131*[#   9]+0.099*[#   5]+0.099*[#   8]
          +0.042*[#  15]+0.042*[#  18]+0.036*[#  16]+0.036*[#  17]+0.036*[#  19]
          +0.025*[#  21]+0.025*[#  22]+0.025*[#  23]+0.020*[#   2]+0.020*[#   3]
          +0.020*[#   4]+0.014*[#   1]+0.013*[#  11]+0.010*[#  24]+0.010*[#  27]
          +0.009*[#  20]+0.007*[#  25]+0.007*[#  26]+0.007*[#  28]+0.002*[#  10]
          
    |psi|^2 = 0.997
==== e(  14) =     9.79935 eV ==== 
     psi = 0.115*[#  15]+0.115*[#  18]+0.094*[#  16]+0.094*[#  17]+0.094*[#  19]
          +0.072*[#   6]+0.072*[#   7]+0.072*[#   9]+0.063*[#   5]+0.063*[#   8]
          +0.023*[#  25]+0.023*[#  26]+0.023*[#  28]+0.011*[#  24]+0.011*[#  27]
          +0.010*[#   1]+0.009*[#  21]+0.009*[#  22]+0.009*[#  23]+0.004*[#   2]
          +0.004*[#   3]+0.004*[#   4]
    |psi|^2 = 0.998
==== e(  15) =     9.99623 eV ==== 
     psi = 0.109*[#  16]+0.109*[#  17]+0.109*[#  19]+0.075*[#   6]+0.075*[#   7]
          +0.075*[#   9]+0.057*[#  15]+0.057*[#  18]+0.052*[#   5]+0.052*[#   8]
          +0.023*[#  21]+0.023*[#  22]+0.023*[#  23]+0.022*[#  25]+0.022*[#  26]
          +0.022*[#  28]+0.022*[#   1]+0.017*[#  24]+0.017*[#  27]+0.009*[#   2]
          +0.009*[#   3]+0.009*[#   4]+0.004*[#  20]
    |psi|^2 = 0.997
==== e(  16) =    10.09102 eV ==== 
     psi = 0.115*[#   6]+0.115*[#   7]+0.115*[#   9]+0.099*[#  16]+0.099*[#  17]
          +0.099*[#  19]+0.057*[#   5]+0.057*[#   8]+0.037*[#  15]+0.037*[#  18]
          +0.022*[#  25]+0.022*[#  26]+0.022*[#  28]+0.021*[#  11]+0.012*[#  24]
          +0.012*[#  27]+0.011*[#  21]+0.011*[#  22]+0.011*[#  23]+0.006*[#   1]
          +0.005*[#  20]+0.004*[#   2]+0.004*[#   3]+0.004*[#   4]
    |psi|^2 = 0.997
==== e(  17) =    10.63583 eV ==== 
     psi = 0.213*[#  15]+0.213*[#  18]+0.102*[#  24]+0.102*[#  27]+0.063*[#   5]
          +0.063*[#   8]+0.044*[#   6]+0.044*[#   7]+0.044*[#   9]+0.016*[#  16]
          +0.016*[#  17]+0.016*[#  19]+0.016*[#  25]+0.016*[#  26]+0.016*[#  28]
          +0.002*[#   2]+0.002*[#   3]+0.002*[#   4]+0.002*[#  11]+0.001*[#  21]
          +0.001*[#  22]+0.001*[#  23]
    |psi|^2 = 0.999
==== e(  18) =    11.01756 eV ==== 
     psi = 0.210*[#  15]+0.210*[#  18]+0.058*[#  24]+0.058*[#  27]+0.057*[#   5]
          +0.057*[#   8]+0.027*[#  16]+0.027*[#  17]+0.027*[#  19]+0.025*[#  25]
          +0.025*[#  26]+0.025*[#  28]+0.024*[#   6]+0.024*[#   7]+0.024*[#   9]
          +0.022*[#   1]+0.021*[#  21]+0.021*[#  22]+0.021*[#  23]+0.011*[#  11]
          +0.006*[#   2]+0.006*[#   3]+0.006*[#   4]+0.006*[#  20]
    |psi|^2 = 0.997
==== e(  19) =    11.29989 eV ==== 
     psi = 0.140*[#  16]+0.140*[#  17]+0.140*[#  19]+0.068*[#  25]+0.068*[#  26]
          +0.068*[#  28]+0.064*[#  24]+0.064*[#  27]+0.045*[#  15]+0.045*[#  18]
          +0.029*[#   6]+0.029*[#   7]+0.029*[#   9]+0.011*[#   2]+0.011*[#   3]
          +0.011*[#   4]+0.009*[#  21]+0.009*[#  22]+0.009*[#  23]+0.004*[#   5]
          +0.004*[#   8]+0.002*[#  11]+0.001*[#   1]
    |psi|^2 = 0.998
==== e(  20) =    11.43174 eV ==== 
     psi = 0.129*[#  16]+0.129*[#  17]+0.129*[#  19]+0.088*[#  15]+0.088*[#  18]
          +0.068*[#  25]+0.068*[#  26]+0.068*[#  28]+0.050*[#  24]+0.050*[#  27]
          +0.021*[#   6]+0.021*[#   7]+0.021*[#   9]+0.009*[#   2]+0.009*[#   3]
          +0.009*[#   4]+0.007*[#   5]+0.007*[#   8]+0.007*[#  21]+0.007*[#  22]
          +0.007*[#  23]+0.006*[#  11]+0.001*[#   1]
    |psi|^2 = 0.998
==== e(  21) =    11.89466 eV ==== 
     psi = 0.136*[#  16]+0.136*[#  17]+0.136*[#  19]+0.077*[#  25]+0.077*[#  26]
          +0.077*[#  28]+0.072*[#  20]+0.039*[#   6]+0.039*[#   7]+0.039*[#   9]
          +0.033*[#   2]+0.033*[#   3]+0.033*[#   4]+0.009*[#  11]+0.008*[#  15]
          +0.008*[#  18]+0.008*[#  21]+0.008*[#  22]+0.008*[#  23]+0.006*[#  24]
          +0.006*[#  27]+0.004*[#   1]
    |psi|^2 = 0.995
==== e(  22) =    14.73646 eV ==== 
     psi = 0.100*[#  21]+0.100*[#  22]+0.100*[#  23]+0.098*[#  11]+0.096*[#   1]
          +0.094*[#  20]+0.064*[#   2]+0.064*[#   3]+0.064*[#   4]+0.022*[#  15]
          +0.022*[#  18]+0.017*[#  25]+0.017*[#  26]+0.017*[#  28]+0.013*[#  16]
          +0.013*[#  17]+0.013*[#  19]+0.010*[#  24]+0.010*[#  27]+0.010*[#   5]
          +0.010*[#   8]+0.006*[#   6]+0.006*[#   7]+0.006*[#   9]
    |psi|^2 = 0.972
==== e(  23) =    15.69415 eV ==== 
     psi = 0.133*[#  21]+0.133*[#  22]+0.133*[#  23]+0.121*[#   2]+0.121*[#   3]
          +0.121*[#   4]+0.031*[#  11]+0.027*[#   1]+0.014*[#  15]+0.014*[#  18]
          +0.012*[#  24]+0.012*[#  27]+0.008*[#  25]+0.008*[#  26]+0.008*[#  28]
          +0.006*[#  16]+0.006*[#  17]+0.006*[#  19]+0.006*[#   5]+0.006*[#   8]
          +0.003*[#   6]+0.003*[#   7]+0.003*[#   9]
    |psi|^2 = 0.936
==== e(  24) =    19.90024 eV ==== 
     psi = 0.212*[#  11]+0.211*[#   1]+0.065*[#   2]+0.065*[#   3]+0.065*[#   4]
          +0.050*[#  20]+0.049*[#  21]+0.049*[#  22]+0.049*[#  23]+0.011*[#  25]
          +0.011*[#  26]+0.011*[#  28]+0.008*[#  10]+0.003*[#  16]+0.003*[#  17]
          +0.003*[#  19]+0.002*[#  24]+0.002*[#  27]+0.002*[#  15]+0.002*[#  18]
          +0.001*[#   6]+0.001*[#   7]+0.001*[#   9]
    |psi|^2 = 0.876
==== e(  25) =    22.15408 eV ==== 
     psi = 0.123*[#  11]+0.112*[#   1]+0.105*[#   2]+0.105*[#   3]+0.105*[#   4]
          +0.070*[#  20]+0.037*[#  21]+0.037*[#  22]+0.037*[#  23]+0.008*[#  25]
          +0.008*[#  26]+0.008*[#  28]+0.003*[#  10]+0.002*[#  24]+0.002*[#  27]
          +0.002*[#  15]+0.002*[#  18]
    |psi|^2 = 0.770
==== e(  26) =    23.82840 eV ==== 
     psi = 0.256*[#  20]+0.110*[#   2]+0.110*[#   3]+0.110*[#   4]+0.024*[#   1]
          +0.024*[#  11]+0.014*[#  21]+0.014*[#  22]+0.014*[#  23]+0.002*[#  25]
          +0.002*[#  26]+0.002*[#  28]+0.001*[#  10]+0.001*[#  15]+0.001*[#  16]
          +0.001*[#  17]+0.001*[#  18]+0.001*[#  19]+0.001*[#   6]+0.001*[#   7]
          +0.001*[#   9]
    |psi|^2 = 0.692
==== e(  27) =    24.36369 eV ==== 
     psi = 0.078*[#   2]+0.078*[#   3]+0.078*[#   4]+0.047*[#  21]+0.047*[#  22]
          +0.047*[#  23]+0.030*[#   1]+0.022*[#  11]+0.012*[#  20]+0.002*[#  10]
          +0.002*[#  25]+0.002*[#  26]+0.002*[#  28]+0.001*[#  15]+0.001*[#  18]
          
    |psi|^2 = 0.450
==== e(  28) =    25.38648 eV ==== 
     psi = 0.096*[#  11]+0.091*[#  21]+0.091*[#  22]+0.091*[#  23]+0.052*[#   1]
          +0.039*[#   2]+0.039*[#   3]+0.039*[#   4]+0.013*[#  20]+0.004*[#  10]
          +0.002*[#  25]+0.002*[#  26]+0.002*[#  28]
    |psi|^2 = 0.564

 k =   0.5000000000 -0.1666666667  0.6666666667
==== e(   1) =   -91.24290 eV ==== 
     psi = 0.957*[#  10]+0.007*[#  21]+0.007*[#  22]+0.007*[#  23]+0.006*[#  11]
          +0.004*[#   2]+0.004*[#   3]+0.004*[#   4]
    |psi|^2 = 1.000
==== e(   2) =   -51.63470 eV ==== 
     psi = 0.332*[#  12]+0.332*[#  13]+0.332*[#  14]+0.001*[#  20]
    |psi|^2 = 1.000
==== e(   3) =   -51.63446 eV ==== 
     psi = 0.332*[#  12]+0.332*[#  13]+0.332*[#  14]
    |psi|^2 = 1.000
==== e(   4) =   -51.63439 eV ==== 
     psi = 0.332*[#  12]+0.332*[#  13]+0.332*[#  14]
    |psi|^2 = 1.000
==== e(   5) =     6.34898 eV ==== 
     psi = 0.184*[#  20]+0.120*[#   1]+0.082*[#  11]+0.077*[#  25]+0.077*[#  26]
          +0.077*[#  28]+0.063*[#   2]+0.063*[#   3]+0.063*[#   4]+0.033*[#  21]
          +0.033*[#  22]+0.033*[#  23]+0.011*[#   6]+0.011*[#   7]+0.011*[#   9]
          +0.008*[#  15]+0.008*[#  18]+0.007*[#   5]+0.007*[#   8]+0.007*[#  16]
          +0.007*[#  17]+0.007*[#  19]+0.006*[#  10]
    |psi|^2 = 0.998
==== e(   6) =     7.24143 eV ==== 
     psi = 0.190*[#  25]+0.190*[#  26]+0.190*[#  28]+0.055*[#   1]+0.053*[#  11]
          +0.042*[#   5]+0.042*[#   8]+0.024*[#   6]+0.024*[#   7]+0.024*[#   9]
          +0.023*[#  21]+0.023*[#  22]+0.023*[#  23]+0.022*[#  15]+0.022*[#  18]
          +0.011*[#  16]+0.011*[#  17]+0.011*[#  19]+0.005*[#   2]+0.005*[#   3]
          +0.005*[#   4]+0.002*[#  10]
    |psi|^2 = 0.998
==== e(   7) =     7.66222 eV ==== 
     psi = 0.133*[#  25]+0.133*[#  26]+0.133*[#  28]+0.069*[#  24]+0.069*[#  27]
          +0.060*[#   6]+0.060*[#   7]+0.060*[#   9]+0.050*[#   5]+0.050*[#   8]
          +0.032*[#  20]+0.021*[#  15]+0.021*[#  18]+0.018*[#  16]+0.018*[#  17]
          +0.018*[#  19]+0.014*[#   2]+0.014*[#   3]+0.014*[#   4]+0.003*[#  21]
          +0.003*[#  22]+0.003*[#  23]
    |psi|^2 = 0.997
==== e(   8) =     7.72734 eV ==== 
     psi = 0.129*[#  24]+0.129*[#  27]+0.091*[#  25]+0.091*[#  26]+0.091*[#  28]
          +0.074*[#   6]+0.074*[#   7]+0.074*[#   9]+0.032*[#  20]+0.023*[#   5]
          +0.023*[#   8]+0.020*[#  15]+0.020*[#  18]+0.019*[#  16]+0.019*[#  17]
          +0.019*[#  19]+0.015*[#   2]+0.015*[#   3]+0.015*[#   4]+0.008*[#  21]
          +0.008*[#  22]+0.008*[#  23]+0.001*[#   1]+0.001*[#  11]
    |psi|^2 = 0.998
==== e(   9) =     7.83889 eV ==== 
     psi = 0.102*[#  24]+0.102*[#  27]+0.102*[#  25]+0.102*[#  26]+0.102*[#  28]
          +0.056*[#  16]+0.056*[#  17]+0.056*[#  19]+0.051*[#   6]+0.051*[#   7]
          +0.051*[#   9]+0.047*[#  20]+0.019*[#   2]+0.019*[#   3]+0.019*[#   4]
          +0.017*[#   5]+0.017*[#   8]+0.006*[#  15]+0.006*[#  18]+0.004*[#  21]
          +0.004*[#  22]+0.004*[#  23]+0.002*[#   1]+0.001*[#  11]
    |psi|^2 = 0.999
==== e(  10) =     8.29832 eV ==== 
     psi = 0.291*[#  24]+0.291*[#  27]+0.050*[#   5]+0.050*[#   8]+0.049*[#   6]
          +0.049*[#   7]+0.049*[#   9]+0.024*[#  15]+0.024*[#  18]+0.023*[#  16]
          +0.023*[#  17]+0.023*[#  19]+0.008*[#   2]+0.008*[#   3]+0.008*[#   4]
          +0.008*[#  25]+0.008*[#  26]+0.008*[#  28]+0.002*[#  20]+0.001*[#  21]
          +0.001*[#  22]+0.001*[#  23]
    |psi|^2 = 0.997
==== e(  11) =     9.10230 eV ==== 
     psi = 0.131*[#   6]+0.131*[#   7]+0.131*[#   9]+0.120*[#   5]+0.120*[#   8]
          +0.037*[#  11]+0.036*[#  21]+0.036*[#  22]+0.036*[#  23]+0.022*[#   2]
          +0.022*[#   3]+0.022*[#   4]+0.019*[#  25]+0.019*[#  26]+0.019*[#  28]
          +0.012*[#  16]+0.012*[#  17]+0.012*[#  19]+0.012*[#  24]+0.012*[#  27]
          +0.011*[#   1]+0.011*[#  15]+0.011*[#  18]+0.003*[#  20]+0.002*[#  10]
          
    |psi|^2 = 0.998
==== e(  12) =     9.31893 eV ==== 
     psi = 0.228*[#   5]+0.228*[#   8]+0.075*[#   6]+0.075*[#   7]+0.075*[#   9]
          +0.033*[#  16]+0.033*[#  17]+0.033*[#  19]+0.026*[#  15]+0.026*[#  18]
          +0.022*[#  24]+0.022*[#  27]+0.022*[#  21]+0.022*[#  22]+0.022*[#  23]
          +0.019*[#   1]+0.007*[#  11]+0.007*[#   2]+0.007*[#   3]+0.007*[#   4]
          +0.003*[#  25]+0.003*[#  26]+0.003*[#  28]
    |psi|^2 = 0.998
==== e(  13) =     9.56510 eV ==== 
     psi = 0.128*[#   5]+0.128*[#   8]+0.127*[#   6]+0.127*[#   7]+0.127*[#   9]
          +0.039*[#  16]+0.039*[#  17]+0.039*[#  19]+0.030*[#  15]+0.030*[#  18]
          +0.019*[#  21]+0.019*[#  22]+0.019*[#  23]+0.016*[#  24]+0.016*[#  27]
          +0.014*[#   1]+0.014*[#   2]+0.014*[#   3]+0.014*[#   4]+0.009*[#  11]
          +0.007*[#  25]+0.007*[#  26]+0.007*[#  28]+0.006*[#  20]+0.001*[#  10]
          
    |psi|^2 = 0.997
==== e(  14) =     9.80706 eV ==== 
     psi = 0.111*[#  15]+0.111*[#  18]+0.085*[#  16]+0.085*[#  17]+0.085*[#  19]
          +0.081*[#   5]+0.081*[#   8]+0.051*[#   6]+0.051*[#   7]+0.051*[#   9]
          +0.032*[#  25]+0.032*[#  26]+0.032*[#  28]+0.018*[#   1]+0.017*[#  21]
          +0.017*[#  22]+0.017*[#  23]+0.007*[#  24]+0.007*[#  27]+0.007*[#   2]
          +0.007*[#   3]+0.007*[#   4]+0.003*[#  20]
    |psi|^2 = 0.998
==== e(  15) =     9.99618 eV ==== 
     psi = 0.108*[#  16]+0.108*[#  17]+0.108*[#  19]+0.093*[#  15]+0.093*[#  18]
          +0.061*[#   5]+0.061*[#   8]+0.057*[#   6]+0.057*[#   7]+0.057*[#   9]
          +0.021*[#  25]+0.021*[#  26]+0.021*[#  28]+0.019*[#  24]+0.019*[#  27]
          +0.017*[#  21]+0.017*[#  22]+0.017*[#  23]+0.011*[#   1]+0.009*[#   2]
          +0.009*[#   3]+0.009*[#   4]+0.003*[#  20]
    |psi|^2 = 0.998
==== e(  16) =    10.08181 eV ==== 
     psi = 0.128*[#  16]+0.128*[#  17]+0.128*[#  19]+0.113*[#   6]+0.113*[#   7]
          +0.113*[#   9]+0.038*[#   5]+0.038*[#   8]+0.031*[#  15]+0.031*[#  18]
          +0.017*[#  11]+0.016*[#  25]+0.016*[#  26]+0.016*[#  28]+0.010*[#  21]
          +0.010*[#  22]+0.010*[#  23]+0.009*[#  24]+0.009*[#  27]+0.009*[#   1]
          +0.006*[#  20]+0.003*[#   2]+0.003*[#   3]+0.003*[#   4]
    |psi|^2 = 0.997
==== e(  17) =    10.62815 eV ==== 
     psi = 0.185*[#  15]+0.185*[#  18]+0.110*[#  24]+0.110*[#  27]+0.069*[#   5]
          +0.069*[#   8]+0.054*[#   6]+0.054*[#   7]+0.054*[#   9]+0.019*[#  25]
          +0.019*[#  26]+0.019*[#  28]+0.013*[#  16]+0.013*[#  17]+0.013*[#  19]
          +0.001*[#   2]+0.001*[#   3]+0.001*[#   4]+0.002*[#  11]
    |psi|^2 = 0.999
==== e(  18) =    10.98124 eV ==== 
     psi = 0.215*[#  15]+0.215*[#  18]+0.069*[#  24]+0.069*[#  27]+0.048*[#   5]
          +0.048*[#   8]+0.032*[#   6]+0.032*[#   7]+0.032*[#   9]+0.028*[#  16]
          +0.028*[#  17]+0.028*[#  19]+0.025*[#  25]+0.025*[#  26]+0.025*[#  28]
          +0.013*[#   1]+0.012*[#  21]+0.012*[#  22]+0.012*[#  23]+0.006*[#  11]
          +0.005*[#   2]+0.005*[#   3]+0.005*[#   4]+0.005*[#  20]
    |psi|^2 = 0.998
==== e(  19) =    11.22133 eV ==== 
     psi = 0.144*[#  16]+0.144*[#  17]+0.144*[#  19]+0.070*[#  24]+0.070*[#  27]
          +0.061*[#  25]+0.061*[#  26]+0.061*[#  28]+0.054*[#  15]+0.054*[#  18]
          +0.018*[#   6]+0.018*[#   7]+0.018*[#   9]+0.011*[#   2]+0.011*[#   3]
          +0.011*[#   4]+0.009*[#   5]+0.009*[#   8]+0.007*[#  21]+0.007*[#  22]
          +0.007*[#  23]+0.004*[#  11]+0.003*[#   1]
    |psi|^2 = 0.998
==== e(  20) =    11.44622 eV ==== 
     psi = 0.145*[#  16]+0.145*[#  17]+0.145*[#  19]+0.084*[#  15]+0.084*[#  18]
          +0.079*[#  25]+0.079*[#  26]+0.079*[#  28]+0.028*[#  24]+0.028*[#  27]
          +0.025*[#   6]+0.025*[#   7]+0.025*[#   9]+0.004*[#   5]+0.004*[#   8]
          +0.004*[#   2]+0.004*[#   3]+0.004*[#   4]+0.002*[#  21]+0.002*[#  22]
          +0.002*[#  23]+0.001*[#  11]
    |psi|^2 = 0.998
==== e(  21) =    12.15451 eV ==== 
     psi = 0.102*[#  16]+0.102*[#  17]+0.102*[#  19]+0.087*[#  20]+0.061*[#  25]
          +0.061*[#  26]+0.061*[#  28]+0.042*[#   2]+0.042*[#   3]+0.042*[#   4]
          +0.034*[#   6]+0.034*[#   7]+0.034*[#   9]+0.026*[#  21]+0.026*[#  22]
          +0.026*[#  23]+0.020*[#  11]+0.018*[#  24]+0.018*[#  27]+0.016*[#   1]
          +0.015*[#  15]+0.015*[#  18]+0.005*[#   5]+0.005*[#   8]
    |psi|^2 = 0.995
==== e(  22) =    14.51833 eV ==== 
     psi = 0.102*[#  21]+0.102*[#  22]+0.102*[#  23]+0.094*[#   1]+0.088*[#  11]
          +0.085*[#  20]+0.062*[#   2]+0.062*[#   3]+0.062*[#   4]+0.023*[#  25]
          +0.023*[#  26]+0.023*[#  28]+0.021*[#  15]+0.021*[#  18]+0.016*[#  16]
          +0.016*[#  17]+0.016*[#  19]+0.010*[#   5]+0.010*[#   8]+0.008*[#  24]
          +0.008*[#  27]+0.008*[#   6]+0.008*[#   7]+0.008*[#   9]
    |psi|^2 = 0.977
==== e(  23) =    16.09016 eV ==== 
     psi = 0.129*[#  21]+0.129*[#  22]+0.129*[#  23]+0.114*[#   2]+0.114*[#   3]
          +0.114*[#   4]+0.039*[#  11]+0.035*[#   1]+0.014*[#  15]+0.014*[#  18]
          +0.012*[#  24]+0.012*[#  27]+0.008*[#  20]+0.006*[#  25]+0.006*[#  26]
          +0.006*[#  28]+0.006*[#   5]+0.006*[#   8]+0.005*[#  16]+0.005*[#  17]
          +0.005*[#  19]+0.003*[#   6]+0.003*[#   7]+0.003*[#   9]
    |psi|^2 = 0.912
==== e(  24) =    20.07884 eV ==== 
     psi = 0.211*[#   1]+0.198*[#  11]+0.068*[#   2]+0.068*[#   3]+0.068*[#   4]
          +0.058*[#  21]+0.058*[#  22]+0.058*[#  23]+0.015*[#  20]+0.009*[#  25]
          +0.009*[#  26]+0.009*[#  28]+0.008*[#  10]+0.002*[#  16]+0.002*[#  17]
          +0.002*[#  19]+0.002*[#  15]+0.002*[#  18]+0.002*[#  24]+0.002*[#  27]
          +0.001*[#   6]+0.001*[#   7]+0.001*[#   9]
    |psi|^2 = 0.855
==== e(  25) =    21.91155 eV ==== 
     psi = 0.137*[#  11]+0.107*[#   2]+0.107*[#   3]+0.107*[#   4]+0.107*[#   1]
          +0.093*[#  20]+0.027*[#  21]+0.027*[#  22]+0.027*[#  23]+0.009*[#  25]
          +0.009*[#  26]+0.009*[#  28]+0.003*[#  10]+0.002*[#  24]+0.002*[#  27]
          +0.002*[#  15]+0.002*[#  18]+0.001*[#  16]+0.001*[#  17]+0.001*[#  19]
          
    |psi|^2 = 0.783
==== e(  26) =    23.83013 eV ==== 
     psi = 0.197*[#  20]+0.130*[#   2]+0.130*[#   3]+0.130*[#   4]+0.022*[#  21]
          +0.022*[#  22]+0.022*[#  23]+0.007*[#  11]+0.003*[#   1]+0.002*[#  25]
          +0.002*[#  26]+0.002*[#  28]+0.002*[#  15]+0.002*[#  18]+0.001*[#  10]
          +0.001*[#  24]+0.001*[#  27]
    |psi|^2 = 0.681
==== e(  27) =    24.46203 eV ==== 
     psi = 0.075*[#  20]+0.073*[#  11]+0.051*[#  21]+0.051*[#  22]+0.051*[#  23]
          +0.051*[#   2]+0.051*[#   3]+0.051*[#   4]+0.035*[#   1]+0.003*[#  10]
          
    |psi|^2 = 0.500
==== e(  28) =    25.38870 eV ==== 
     psi = 0.053*[#  21]+0.053*[#  22]+0.053*[#  23]+0.039*[#   1]+0.036*[#   2]
          +0.036*[#   3]+0.036*[#   4]+0.023*[#  11]+0.022*[#  20]+0.002*[#  25]
          +0.002*[#  26]+0.002*[#  28]
    |psi|^2 = 0.364

 k =   0.4166666667 -0.0833333333  0.5833333333
==== e(   1) =   -91.24293 eV ==== 
     psi = 0.955*[#  10]+0.007*[#  21]+0.007*[#  22]+0.007*[#  23]+0.006*[#  11]
          +0.005*[#   2]+0.005*[#   3]+0.005*[#   4]
    |psi|^2 = 1.000
==== e(   2) =   -51.63466 eV ==== 
     psi = 0.332*[#  12]+0.332*[#  13]+0.332*[#  14]
    |psi|^2 = 1.000
==== e(   3) =   -51.63446 eV ==== 
     psi = 0.332*[#  12]+0.332*[#  13]+0.332*[#  14]
    |psi|^2 = 1.000
==== e(   4) =   -51.63441 eV ==== 
     psi = 0.332*[#  12]+0.332*[#  13]+0.332*[#  14]
    |psi|^2 = 1.000
==== e(   5) =     5.92404 eV ==== 
     psi = 0.204*[#  20]+0.127*[#   1]+0.096*[#  11]+0.075*[#   2]+0.075*[#   3]
          +0.075*[#   4]+0.060*[#  21]+0.060*[#  22]+0.060*[#  23]+0.032*[#  25]
          +0.032*[#  26]+0.032*[#  28]+0.010*[#  10]+0.008*[#   6]+0.008*[#   7]
          +0.008*[#   9]+0.006*[#  16]+0.006*[#  17]+0.006*[#  19]+0.004*[#  15]
          +0.004*[#  18]+0.003*[#   5]+0.003*[#   8]
    |psi|^2 = 0.997
==== e(   6) =     7.27490 eV ==== 
     psi = 0.220*[#  25]+0.220*[#  26]+0.220*[#  28]+0.054*[#   1]+0.051*[#  11]
          +0.038*[#   5]+0.038*[#   8]+0.018*[#   6]+0.018*[#   7]+0.018*[#   9]
          +0.017*[#  15]+0.017*[#  18]+0.010*[#  21]+0.010*[#  22]+0.010*[#  23]
          +0.008*[#  16]+0.008*[#  17]+0.008*[#  19]+0.003*[#   2]+0.003*[#   3]
          +0.003*[#   4]+0.001*[#  10]
    |psi|^2 = 0.998
==== e(   7) =     7.66588 eV ==== 
     psi = 0.127*[#  25]+0.127*[#  26]+0.127*[#  28]+0.109*[#  24]+0.109*[#  27]
          +0.056*[#   5]+0.056*[#   8]+0.041*[#   6]+0.041*[#   7]+0.041*[#   9]
          +0.035*[#  15]+0.035*[#  18]+0.016*[#  20]+0.015*[#   2]+0.015*[#   3]
          +0.015*[#   4]+0.008*[#  16]+0.008*[#  17]+0.008*[#  19]+0.004*[#   1]
          +0.002*[#  21]+0.002*[#  22]+0.002*[#  23]
    |psi|^2 = 0.997
==== e(   8) =     7.71411 eV ==== 
     psi = 0.164*[#  25]+0.164*[#  26]+0.164*[#  28]+0.071*[#   6]+0.071*[#   7]
          +0.071*[#   9]+0.042*[#  24]+0.042*[#  27]+0.042*[#   5]+0.042*[#   8]
          +0.021*[#  16]+0.021*[#  17]+0.021*[#  19]+0.018*[#  20]+0.010*[#  15]
          +0.010*[#  18]+0.005*[#   2]+0.005*[#   3]+0.005*[#   4]+0.002*[#   1]
          +0.002*[#  11]+0.002*[#  21]+0.002*[#  22]+0.002*[#  23]
    |psi|^2 = 0.997
==== e(   9) =     7.83976 eV ==== 
     psi = 0.146*[#  24]+0.146*[#  27]+0.077*[#  25]+0.077*[#  26]+0.077*[#  28]
          +0.061*[#   6]+0.061*[#   7]+0.061*[#   9]+0.058*[#  16]+0.058*[#  17]
          +0.058*[#  19]+0.024*[#  20]+0.016*[#  15]+0.016*[#  18]+0.012*[#   2]
          +0.012*[#   3]+0.012*[#   4]+0.009*[#   5]+0.009*[#   8]+0.003*[#  21]
          +0.003*[#  22]+0.003*[#  23]
    |psi|^2 = 0.999
==== e(  10) =     8.16654 eV ==== 
     psi = 0.270*[#  24]+0.270*[#  27]+0.071*[#   5]+0.071*[#   8]+0.044*[#  15]
          +0.044*[#  18]+0.037*[#   6]+0.037*[#   7]+0.037*[#   9]+0.020*[#  16]
          +0.020*[#  17]+0.020*[#  19]+0.009*[#  25]+0.009*[#  26]+0.009*[#  28]
          +0.008*[#   2]+0.008*[#   3]+0.008*[#   4]+0.004*[#  20]+0.001*[#  21]
          +0.001*[#  22]+0.001*[#  23]
    |psi|^2 = 0.997
==== e(  11) =     9.03174 eV ==== 
     psi = 0.163*[#   6]+0.163*[#   7]+0.163*[#   9]+0.132*[#   5]+0.132*[#   8]
          +0.022*[#  21]+0.022*[#  22]+0.022*[#  23]+0.021*[#  11]+0.016*[#  25]
          +0.016*[#  26]+0.016*[#  28]+0.013*[#  16]+0.013*[#  17]+0.013*[#  19]
          +0.012*[#   2]+0.012*[#   3]+0.012*[#   4]+0.010*[#  15]+0.010*[#  18]
          +0.010*[#  20]+0.003*[#   1]+0.001*[#  24]+0.001*[#  27]
    |psi|^2 = 0.998
==== e(  12) =     9.34571 eV ==== 
     psi = 0.161*[#   6]+0.161*[#   7]+0.161*[#   9]+0.115*[#   5]+0.115*[#   8]
          +0.024*[#  16]+0.024*[#  17]+0.024*[#  19]+0.020*[#  21]+0.020*[#  22]
          +0.020*[#  23]+0.017*[#  11]+0.015*[#  15]+0.015*[#  18]+0.014*[#  24]
          +0.014*[#  27]+0.013*[#   2]+0.013*[#   3]+0.013*[#   4]+0.009*[#  25]
          +0.009*[#  26]+0.009*[#  28]+0.008*[#   1]
    |psi|^2 = 0.998
==== e(  13) =     9.63807 eV ==== 
     psi = 0.099*[#  16]+0.099*[#  17]+0.099*[#  19]+0.088*[#   6]+0.088*[#   7]
          +0.088*[#   9]+0.072*[#   5]+0.072*[#   8]+0.031*[#  15]+0.031*[#  18]
          +0.028*[#  24]+0.028*[#  27]+0.028*[#   1]+0.025*[#  21]+0.025*[#  22]
          +0.025*[#  23]+0.020*[#  25]+0.020*[#  26]+0.020*[#  28]+0.004*[#   2]
          +0.004*[#   3]+0.004*[#   4]+0.001*[#  20]
    |psi|^2 = 0.998
==== e(  14) =     9.75670 eV ==== 
     psi = 0.187*[#   5]+0.187*[#   8]+0.069*[#   6]+0.069*[#   7]+0.069*[#   9]
          +0.054*[#  15]+0.054*[#  18]+0.039*[#  25]+0.039*[#  26]+0.039*[#  28]
          +0.024*[#  16]+0.024*[#  17]+0.024*[#  19]+0.023*[#  24]+0.023*[#  27]
          +0.011*[#   2]+0.011*[#   3]+0.011*[#   4]+0.009*[#  21]+0.009*[#  22]
          +0.009*[#  23]+0.008*[#  20]+0.005*[#   1]+0.004*[#  11]
    |psi|^2 = 0.998
==== e(  15) =    10.08554 eV ==== 
     psi = 0.170*[#  16]+0.170*[#  17]+0.170*[#  19]+0.066*[#  15]+0.066*[#  18]
          +0.051*[#   6]+0.051*[#   7]+0.051*[#   9]+0.051*[#   5]+0.051*[#   8]
          +0.014*[#  24]+0.014*[#  27]+0.009*[#  21]+0.009*[#  22]+0.009*[#  23]
          +0.007*[#   1]+0.007*[#  25]+0.007*[#  26]+0.007*[#  28]+0.006*[#   2]
          +0.006*[#   3]+0.006*[#   4]+0.004*[#  20]
    |psi|^2 = 0.998
==== e(  16) =    10.12656 eV ==== 
     psi = 0.131*[#  16]+0.131*[#  17]+0.131*[#  19]+0.091*[#  15]+0.091*[#  18]
          +0.067*[#   6]+0.067*[#   7]+0.067*[#   9]+0.064*[#   5]+0.064*[#   8]
          +0.013*[#  25]+0.013*[#  26]+0.013*[#  28]+0.009*[#  24]+0.009*[#  27]
          +0.005*[#  11]+0.005*[#  20]+0.004*[#  21]+0.004*[#  22]+0.004*[#  23]
          +0.003*[#   2]+0.003*[#   3]+0.003*[#   4]+0.002*[#   1]
    |psi|^2 = 0.998
==== e(  17) =    10.64999 eV ==== 
     psi = 0.144*[#  15]+0.144*[#  18]+0.124*[#  24]+0.124*[#  27]+0.079*[#   5]
          +0.079*[#   8]+0.064*[#   6]+0.064*[#   7]+0.064*[#   9]+0.021*[#  25]
          +0.021*[#  26]+0.021*[#  28]+0.013*[#  16]+0.013*[#  17]+0.013*[#  19]
          +0.001*[#   2]+0.001*[#   3]+0.001*[#   4]+0.001*[#  11]+0.001*[#  21]
          +0.001*[#  22]+0.001*[#  23]+0.001*[#   1]
    |psi|^2 = 0.998
==== e(  18) =    10.95335 eV ==== 
     psi = 0.243*[#  15]+0.243*[#  18]+0.066*[#  24]+0.066*[#  27]+0.045*[#  16]
          +0.045*[#  17]+0.045*[#  19]+0.043*[#   5]+0.043*[#   8]+0.022*[#  25]
          +0.022*[#  26]+0.022*[#  28]+0.019*[#   6]+0.019*[#   7]+0.019*[#   9]
          +0.006*[#   1]+0.004*[#  21]+0.004*[#  22]+0.004*[#  23]+0.003*[#   2]
          +0.003*[#   3]+0.003*[#   4]+0.003*[#  20]+0.002*[#  11]
    |psi|^2 = 0.998
==== e(  19) =    11.07083 eV ==== 
     psi = 0.139*[#  16]+0.139*[#  17]+0.139*[#  19]+0.088*[#  24]+0.088*[#  27]
          +0.051*[#  25]+0.051*[#  26]+0.051*[#  28]+0.045*[#  15]+0.045*[#  18]
          +0.026*[#   6]+0.026*[#   7]+0.026*[#   9]+0.017*[#   5]+0.017*[#   8]
          +0.009*[#   2]+0.009*[#   3]+0.009*[#   4]+0.005*[#  21]+0.005*[#  22]
          +0.005*[#  23]+0.004*[#   1]+0.002*[#  11]
    |psi|^2 = 0.998
==== e(  20) =    11.44538 eV ==== 
     psi = 0.133*[#  16]+0.133*[#  17]+0.133*[#  19]+0.130*[#  15]+0.130*[#  18]
          +0.067*[#  25]+0.067*[#  26]+0.067*[#  28]+0.035*[#  24]+0.035*[#  27]
          +0.018*[#   6]+0.018*[#   7]+0.018*[#   9]+0.003*[#   5]+0.003*[#   8]
          +0.003*[#   2]+0.003*[#   3]+0.003*[#   4]
    |psi|^2 = 0.998
==== e(  21) =    13.14492 eV ==== 
     psi = 0.153*[#  20]+0.066*[#   2]+0.066*[#   3]+0.066*[#   4]+0.055*[#  21]
          +0.055*[#  22]+0.055*[#  23]+0.055*[#  16]+0.055*[#  17]+0.055*[#  19]
          +0.038*[#  25]+0.038*[#  26]+0.038*[#  28]+0.034*[#  11]+0.034*[#   1]
          +0.023*[#   6]+0.023*[#   7]+0.023*[#   9]+0.012*[#  15]+0.012*[#  18]
          +0.009*[#  24]+0.009*[#  27]+0.005*[#   5]+0.005*[#   8]
    |psi|^2 = 0.988
==== e(  22) =    14.53599 eV ==== 
     psi = 0.107*[#   1]+0.104*[#  21]+0.104*[#  22]+0.104*[#  23]+0.089*[#  11]
          +0.065*[#  20]+0.053*[#   2]+0.053*[#   3]+0.053*[#   4]+0.036*[#  25]
          +0.036*[#  26]+0.036*[#  28]+0.020*[#  16]+0.020*[#  17]+0.020*[#  19]
          +0.014*[#  15]+0.014*[#  18]+0.009*[#   6]+0.009*[#   7]+0.009*[#   9]
          +0.006*[#   5]+0.006*[#   8]+0.003*[#  24]+0.003*[#  27]
    |psi|^2 = 0.979
==== e(  23) =    16.77575 eV ==== 
     psi = 0.119*[#  21]+0.119*[#  22]+0.119*[#  23]+0.105*[#   2]+0.105*[#   3]
          +0.105*[#   4]+0.057*[#  11]+0.052*[#   1]+0.012*[#  20]+0.011*[#  15]
          +0.011*[#  18]+0.011*[#  24]+0.011*[#  27]+0.005*[#  25]+0.005*[#  26]
          +0.005*[#  28]+0.004*[#   5]+0.004*[#   8]+0.004*[#  16]+0.004*[#  17]
          +0.004*[#  19]+0.003*[#   6]+0.003*[#   7]+0.003*[#   9]+0.002*[#  10]
          
    |psi|^2 = 0.885
==== e(  24) =    20.36674 eV ==== 
     psi = 0.188*[#   1]+0.164*[#  11]+0.070*[#   2]+0.070*[#   3]+0.070*[#   4]
          +0.068*[#  21]+0.068*[#  22]+0.068*[#  23]+0.009*[#  10]+0.006*[#  25]
          +0.006*[#  26]+0.006*[#  28]+0.004*[#  20]+0.002*[#  16]+0.002*[#  17]
          +0.002*[#  19]+0.002*[#  15]+0.002*[#  18]+0.001*[#  24]+0.001*[#  27]
          +0.001*[#   6]+0.001*[#   7]+0.001*[#   9]
    |psi|^2 = 0.817
==== e(  25) =    21.66818 eV ==== 
     psi = 0.178*[#  11]+0.119*[#   1]+0.108*[#   2]+0.108*[#   3]+0.108*[#   4]
          +0.049*[#  20]+0.027*[#  21]+0.027*[#  22]+0.027*[#  23]+0.011*[#  25]
          +0.011*[#  26]+0.011*[#  28]+0.004*[#  10]+0.002*[#  15]+0.002*[#  18]
          +0.001*[#  24]+0.001*[#  27]
    |psi|^2 = 0.797
==== e(  26) =    22.94065 eV ==== 
     psi = 0.268*[#  20]+0.112*[#   2]+0.112*[#   3]+0.112*[#   4]+0.022*[#   1]
          +0.019*[#  21]+0.019*[#  22]+0.019*[#  23]+0.011*[#  11]+0.003*[#  25]
          +0.003*[#  26]+0.003*[#  28]+0.001*[#  16]+0.001*[#  17]+0.001*[#  19]
          +0.001*[#   6]+0.001*[#   7]+0.001*[#   9]+0.001*[#  24]+0.001*[#  27]
          
    |psi|^2 = 0.716
==== e(  27) =    23.86466 eV ==== 
     psi = 0.096*[#  11]+0.057*[#   2]+0.057*[#   3]+0.057*[#   4]+0.050*[#  21]
          +0.050*[#  22]+0.050*[#  23]+0.035*[#   1]+0.009*[#  20]+0.003*[#  10]
          +0.002*[#  25]+0.002*[#  26]+0.002*[#  28]
    |psi|^2 = 0.472
==== e(  28) =    25.45886 eV ==== 
     psi = 0.084*[#  21]+0.084*[#  22]+0.084*[#  23]+0.059*[#  20]+0.051*[#   2]
          +0.051*[#   3]+0.051*[#   4]+0.021*[#  11]+0.015*[#   1]
    |psi|^2 = 0.510

 k =   0.3333333333  0.0000000000  0.5000000000
==== e(   1) =   -91.24297 eV ==== 
     psi = 0.953*[#  10]+0.008*[#  21]+0.008*[#  22]+0.008*[#  23]+0.007*[#  11]
          +0.005*[#   2]+0.005*[#   3]+0.005*[#   4]+0.001*[#  20]
    |psi|^2 = 1.000
==== e(   2) =   -51.63465 eV ==== 
     psi = 0.333*[#  12]+0.333*[#  13]+0.333*[#  14]
    |psi|^2 = 1.000
==== e(   3) =   -51.63446 eV ==== 
     psi = 0.333*[#  12]+0.333*[#  13]+0.333*[#  14]
    |psi|^2 = 1.000
==== e(   4) =   -51.63442 eV ==== 
     psi = 0.333*[#  12]+0.333*[#  13]+0.333*[#  14]
    |psi|^2 = 1.000
==== e(   5) =     5.37780 eV ==== 
     psi = 0.216*[#  20]+0.140*[#   1]+0.117*[#  11]+0.077*[#   2]+0.077*[#   3]
          +0.077*[#   4]+0.071*[#  21]+0.071*[#  22]+0.071*[#  23]+0.013*[#  10]
          +0.011*[#  25]+0.011*[#  26]+0.011*[#  28]+0.005*[#   6]+0.005*[#   7]
          +0.005*[#   9]+0.003*[#  16]+0.003*[#  17]+0.003*[#  19]+0.001*[#  15]
          +0.001*[#  18]+0.001*[#   5]+0.001*[#   8]
    |psi|^2 = 0.997
==== e(   6) =     7.33416 eV ==== 
     psi = 0.236*[#  25]+0.236*[#  26]+0.236*[#  28]+0.046*[#   1]+0.041*[#  11]
          +0.037*[#   5]+0.037*[#   8]+0.018*[#   6]+0.018*[#   7]+0.018*[#   9]
          +0.011*[#  15]+0.011*[#  18]+0.007*[#  16]+0.007*[#  17]+0.007*[#  19]
          +0.004*[#  21]+0.004*[#  22]+0.004*[#  23]+0.003*[#   2]+0.003*[#   3]
          +0.003*[#   4]+0.003*[#  24]+0.003*[#  27]
    |psi|^2 = 0.997
==== e(   7) =     7.66301 eV ==== 
     psi = 0.158*[#  24]+0.158*[#  27]+0.104*[#  25]+0.104*[#  26]+0.104*[#  28]
          +0.065*[#   5]+0.065*[#   8]+0.037*[#  15]+0.037*[#  18]+0.037*[#   6]
          +0.037*[#   7]+0.037*[#   9]+0.011*[#   2]+0.011*[#   3]+0.011*[#   4]
          +0.006*[#   1]+0.003*[#  16]+0.003*[#  17]+0.003*[#  19]+0.001*[#  20]
          
    |psi|^2 = 0.996
==== e(   8) =     7.71557 eV ==== 
     psi = 0.188*[#  25]+0.188*[#  26]+0.188*[#  28]+0.056*[#   6]+0.056*[#   7]
          +0.056*[#   9]+0.052*[#   5]+0.052*[#   8]+0.025*[#  24]+0.025*[#  27]
          +0.021*[#  16]+0.021*[#  17]+0.021*[#  19]+0.011*[#  15]+0.011*[#  18]
          +0.010*[#  20]+0.005*[#   2]+0.005*[#   3]+0.005*[#   4]+0.001*[#  11]
          
    |psi|^2 = 0.997
==== e(   9) =     7.81339 eV ==== 
     psi = 0.124*[#  24]+0.124*[#  27]+0.111*[#  25]+0.111*[#  26]+0.111*[#  28]
          +0.049*[#  16]+0.049*[#  17]+0.049*[#  19]+0.049*[#   6]+0.049*[#   7]
          +0.049*[#   9]+0.034*[#  15]+0.034*[#  18]+0.010*[#  20]+0.009*[#   2]
          +0.009*[#   3]+0.009*[#   4]+0.008*[#   5]+0.008*[#   8]
    |psi|^2 = 0.999
==== e(  10) =     8.04587 eV ==== 
     psi = 0.231*[#  24]+0.231*[#  27]+0.089*[#   5]+0.089*[#   8]+0.053*[#  15]
          +0.053*[#  18]+0.042*[#   6]+0.042*[#   7]+0.042*[#   9]+0.020*[#  16]
          +0.020*[#  17]+0.020*[#  19]+0.015*[#  25]+0.015*[#  26]+0.015*[#  28]
          +0.005*[#  20]+0.004*[#   2]+0.004*[#   3]+0.004*[#   4]
    |psi|^2 = 0.998
==== e(  11) =     8.95439 eV ==== 
     psi = 0.172*[#   6]+0.172*[#   7]+0.172*[#   9]+0.114*[#   5]+0.114*[#   8]
          +0.025*[#  16]+0.025*[#  17]+0.025*[#  19]+0.018*[#  21]+0.018*[#  22]
          +0.018*[#  23]+0.016*[#  20]+0.016*[#  25]+0.016*[#  26]+0.016*[#  28]
          +0.013*[#  11]+0.012*[#  15]+0.012*[#  18]+0.008*[#   2]+0.008*[#   3]
          +0.008*[#   4]
    |psi|^2 = 0.998
==== e(  12) =     9.30983 eV ==== 
     psi = 0.200*[#   6]+0.200*[#   7]+0.200*[#   9]+0.075*[#   5]+0.075*[#   8]
          +0.029*[#  16]+0.029*[#  17]+0.029*[#  19]+0.017*[#  25]+0.017*[#  26]
          +0.017*[#  28]+0.015*[#  21]+0.015*[#  22]+0.015*[#  23]+0.011*[#  11]
          +0.010*[#   2]+0.010*[#   3]+0.010*[#   4]+0.006*[#  24]+0.006*[#  27]
          +0.004*[#  15]+0.004*[#  18]+0.002*[#   1]+0.002*[#  20]
    |psi|^2 = 0.998
==== e(  13) =     9.55519 eV ==== 
     psi = 0.132*[#   6]+0.132*[#   7]+0.132*[#   9]+0.079*[#  16]+0.079*[#  17]
          +0.079*[#  19]+0.044*[#  25]+0.044*[#  26]+0.044*[#  28]+0.042*[#  15]
          +0.042*[#  18]+0.027*[#  21]+0.027*[#  22]+0.027*[#  23]+0.021*[#   1]
          +0.009*[#   2]+0.009*[#   3]+0.009*[#   4]+0.004*[#   5]+0.004*[#   8]
          +0.004*[#  11]+0.003*[#  24]+0.003*[#  27]+0.003*[#  20]
    |psi|^2 = 0.998
==== e(  14) =     9.90703 eV ==== 
     psi = 0.245*[#   5]+0.245*[#   8]+0.074*[#  24]+0.074*[#  27]+0.048*[#  16]
          +0.048*[#  17]+0.048*[#  19]+0.045*[#   6]+0.045*[#   7]+0.045*[#   9]
          +0.017*[#  25]+0.017*[#  26]+0.017*[#  28]+0.005*[#   2]+0.005*[#   3]
          +0.005*[#   4]+0.003*[#  15]+0.003*[#  18]+0.003*[#  20]+0.003*[#  11]
          +0.003*[#   1]
    |psi|^2 = 0.998
==== e(  15) =    10.17404 eV ==== 
     psi = 0.212*[#  16]+0.212*[#  17]+0.212*[#  19]+0.091*[#   6]+0.091*[#   7]
          +0.091*[#   9]+0.017*[#  15]+0.017*[#  18]+0.008*[#  20]+0.006*[#   1]
          +0.005*[#  21]+0.005*[#  22]+0.005*[#  23]+0.005*[#   5]+0.005*[#   8]
          +0.003*[#   2]+0.003*[#   3]+0.003*[#   4]+0.002*[#  24]+0.002*[#  27]
          
    |psi|^2 = 0.998
==== e(  16) =    10.20501 eV ==== 
     psi = 0.143*[#  15]+0.143*[#  18]+0.137*[#   5]+0.137*[#   8]+0.112*[#  16]
          +0.112*[#  17]+0.112*[#  19]+0.021*[#  24]+0.021*[#  27]+0.011*[#  25]
          +0.011*[#  26]+0.011*[#  28]+0.004*[#   2]+0.004*[#   3]+0.004*[#   4]
          +0.004*[#  21]+0.004*[#  22]+0.004*[#  23]+0.002*[#  11]+0.001*[#   6]
          +0.001*[#   7]+0.001*[#   9]
    |psi|^2 = 0.999
==== e(  17) =    10.68666 eV ==== 
     psi = 0.128*[#  24]+0.128*[#  27]+0.093*[#  15]+0.093*[#  18]+0.085*[#   5]
          +0.085*[#   8]+0.074*[#   6]+0.074*[#   7]+0.074*[#   9]+0.027*[#  25]
          +0.027*[#  26]+0.027*[#  28]+0.024*[#  16]+0.024*[#  17]+0.024*[#  19]
          +0.002*[#   2]+0.002*[#   3]+0.002*[#   4]+0.001*[#  11]
    |psi|^2 = 0.998
==== e(  18) =    10.87027 eV ==== 
     psi = 0.141*[#  16]+0.141*[#  17]+0.141*[#  19]+0.103*[#  15]+0.103*[#  18]
          +0.062*[#   5]+0.062*[#   8]+0.036*[#  24]+0.036*[#  27]+0.034*[#  25]
          +0.034*[#  26]+0.034*[#  28]+0.008*[#   1]+0.008*[#   6]+0.008*[#   7]
          +0.008*[#   9]+0.006*[#   2]+0.006*[#   3]+0.006*[#   4]+0.004*[#  21]
          +0.004*[#  22]+0.004*[#  23]+0.003*[#  20]+0.002*[#  11]
    |psi|^2 = 0.997
==== e(  19) =    11.04722 eV ==== 
     psi = 0.227*[#  15]+0.227*[#  18]+0.117*[#  24]+0.117*[#  27]+0.046*[#  16]
          +0.046*[#  17]+0.046*[#  19]+0.026*[#   6]+0.026*[#   7]+0.026*[#   9]
          +0.022*[#  25]+0.022*[#  26]+0.022*[#  28]+0.008*[#   5]+0.008*[#   8]
          +0.002*[#   2]+0.002*[#   3]+0.002*[#   4]+0.001*[#  21]+0.001*[#  22]
          +0.001*[#  23]
    |psi|^2 = 0.998
==== e(  20) =    11.42290 eV ==== 
     psi = 0.179*[#  15]+0.179*[#  18]+0.113*[#  16]+0.113*[#  17]+0.113*[#  19]
          +0.053*[#  24]+0.053*[#  27]+0.050*[#  25]+0.050*[#  26]+0.050*[#  28]
          +0.011*[#   6]+0.011*[#   7]+0.011*[#   9]+0.002*[#   2]+0.002*[#   3]
          +0.002*[#   4]+0.002*[#   5]+0.002*[#   8]
    |psi|^2 = 0.998
==== e(  21) =    14.38435 eV ==== 
     psi = 0.254*[#  20]+0.091*[#   2]+0.091*[#   3]+0.091*[#   4]+0.064*[#  21]
          +0.064*[#  22]+0.064*[#  23]+0.035*[#  16]+0.035*[#  17]+0.035*[#  19]
          +0.017*[#  25]+0.017*[#  26]+0.017*[#  28]+0.016*[#   6]+0.016*[#   7]
          +0.016*[#   9]+0.012*[#  11]+0.008*[#  15]+0.008*[#  18]+0.006*[#   1]
          +0.003*[#  24]+0.003*[#  27]+0.003*[#   5]+0.003*[#   8]
    |psi|^2 = 0.970
==== e(  22) =    14.98606 eV ==== 
     psi = 0.161*[#   1]+0.115*[#  11]+0.112*[#  21]+0.112*[#  22]+0.112*[#  23]
          +0.048*[#  25]+0.048*[#  26]+0.048*[#  28]+0.037*[#   2]+0.037*[#   3]
          +0.037*[#   4]+0.019*[#  16]+0.019*[#  17]+0.019*[#  19]+0.009*[#   6]
          +0.009*[#   7]+0.009*[#   9]+0.006*[#  20]+0.006*[#  15]+0.006*[#  18]
          +0.003*[#   5]+0.003*[#   8]
    |psi|^2 = 0.978
==== e(  23) =    17.59241 eV ==== 
     psi = 0.112*[#  21]+0.112*[#  22]+0.112*[#  23]+0.098*[#   2]+0.098*[#   3]
          +0.098*[#   4]+0.072*[#  11]+0.067*[#   1]+0.016*[#  20]+0.009*[#  24]
          +0.009*[#  27]+0.008*[#  15]+0.008*[#  18]+0.005*[#  25]+0.005*[#  26]
          +0.005*[#  28]+0.004*[#  16]+0.004*[#  17]+0.004*[#  19]+0.003*[#   5]
          +0.003*[#   8]+0.003*[#  10]+0.003*[#   6]+0.003*[#   7]+0.003*[#   9]
          
    |psi|^2 = 0.866
==== e(  24) =    20.71121 eV ==== 
     psi = 0.162*[#   1]+0.091*[#  21]+0.091*[#  22]+0.091*[#  23]+0.068*[#  11]
          +0.059*[#   2]+0.059*[#   3]+0.059*[#   4]+0.022*[#  20]+0.007*[#  10]
          +0.003*[#  25]+0.003*[#  26]+0.003*[#  28]+0.002*[#  16]+0.002*[#  17]
          +0.002*[#  19]+0.001*[#   6]+0.001*[#   7]+0.001*[#   9]
    |psi|^2 = 0.735
==== e(  25) =    21.15856 eV ==== 
     psi = 0.275*[#  11]+0.116*[#   1]+0.108*[#   2]+0.108*[#   3]+0.108*[#   4]
          +0.026*[#  21]+0.026*[#  22]+0.026*[#  23]+0.012*[#  25]+0.012*[#  26]
          +0.012*[#  28]+0.009*[#  20]+0.007*[#  10]+0.002*[#  15]+0.002*[#  18]
          +0.001*[#  16]+0.001*[#  17]+0.001*[#  19]
    |psi|^2 = 0.856
==== e(  26) =    22.28521 eV ==== 
     psi = 0.251*[#  20]+0.117*[#   2]+0.117*[#   3]+0.117*[#   4]+0.032*[#   1]
          +0.017*[#  11]+0.012*[#  21]+0.012*[#  22]+0.012*[#  23]+0.005*[#  25]
          +0.005*[#  26]+0.005*[#  28]+0.002*[#  24]+0.002*[#  27]+0.002*[#  16]
          +0.002*[#  17]+0.002*[#  19]+0.001*[#   6]+0.001*[#   7]+0.001*[#   9]
          
    |psi|^2 = 0.712
==== e(  27) =    23.43376 eV ==== 
     psi = 0.095*[#  11]+0.073*[#   2]+0.073*[#   3]+0.073*[#   4]+0.031*[#  21]
          +0.031*[#  22]+0.031*[#  23]+0.023*[#   1]+0.012*[#  20]+0.003*[#  10]
          +0.003*[#  25]+0.003*[#  26]+0.003*[#  28]
    |psi|^2 = 0.457
==== e(  28) =    24.74111 eV ==== 
     psi = 0.112*[#  21]+0.112*[#  22]+0.112*[#  23]+0.061*[#   2]+0.061*[#   3]
          +0.061*[#   4]+0.061*[#  20]+0.016*[#  11]+0.004*[#   1]+0.001*[#  25]
          +0.001*[#  26]+0.001*[#  28]+0.001*[#  16]+0.001*[#  17]+0.001*[#  19]
          
    |psi|^2 = 0.615

 k =  -0.1666666667  0.6666666667 -0.0000000000
==== e(   1) =   -91.24296 eV ==== 
     psi = 0.955*[#  10]+0.009*[#  21]+0.009*[#  22]+0.009*[#  23]+0.006*[#  11]
          +0.003*[#   2]+0.003*[#   3]+0.003*[#   4]
    |psi|^2 = 1.000
==== e(   2) =   -51.63471 eV ==== 
     psi = 0.332*[#  12]+0.332*[#  13]+0.332*[#  14]
    |psi|^2 = 1.000
==== e(   3) =   -51.63446 eV ==== 
     psi = 0.333*[#  12]+0.333*[#  13]+0.333*[#  14]
    |psi|^2 = 1.000
==== e(   4) =   -51.63442 eV ==== 
     psi = 0.333*[#  12]+0.333*[#  13]+0.333*[#  14]
    |psi|^2 = 1.000
==== e(   5) =     5.90127 eV ==== 
     psi = 0.203*[#  20]+0.121*[#   1]+0.098*[#  11]+0.087*[#   2]+0.087*[#   3]
          +0.087*[#   4]+0.075*[#  21]+0.075*[#  22]+0.075*[#  23]+0.012*[#  10]
          +0.007*[#  25]+0.007*[#  26]+0.007*[#  28]+0.006*[#   6]+0.006*[#   7]
          +0.006*[#   9]+0.005*[#  24]+0.005*[#  27]+0.004*[#  16]+0.004*[#  17]
          +0.004*[#  19]+0.004*[#  15]+0.004*[#  18]+0.003*[#   5]+0.003*[#   8]
          
    |psi|^2 = 0.997
==== e(   6) =     7.01290 eV ==== 
     psi = 0.226*[#  25]+0.226*[#  26]+0.226*[#  28]+0.058*[#  11]+0.057*[#   5]
          +0.057*[#   8]+0.050*[#   1]+0.029*[#  15]+0.029*[#  18]+0.007*[#   6]
          +0.007*[#   7]+0.007*[#   9]+0.002*[#   2]+0.002*[#   3]+0.002*[#   4]
          +0.002*[#  16]+0.002*[#  17]+0.002*[#  19]+0.002*[#  21]+0.002*[#  22]
          +0.002*[#  23]+0.001*[#  24]+0.001*[#  27]+0.001*[#  10]
    |psi|^2 = 0.998
==== e(   7) =     7.48102 eV ==== 
     psi = 0.278*[#  24]+0.278*[#  27]+0.055*[#   6]+0.055*[#   7]+0.055*[#   9]
          +0.033*[#  16]+0.033*[#  17]+0.033*[#  19]+0.027*[#  15]+0.027*[#  18]
          +0.026*[#   5]+0.026*[#   8]+0.014*[#   2]+0.014*[#   3]+0.014*[#   4]
          +0.006*[#  25]+0.006*[#  26]+0.006*[#  28]+0.005*[#   1]+0.004*[#  20]
          +0.001*[#  21]+0.001*[#  22]+0.001*[#  23]
    |psi|^2 = 0.998
==== e(   8) =     7.81096 eV ==== 
     psi = 0.188*[#  25]+0.188*[#  26]+0.188*[#  28]+0.079*[#   6]+0.079*[#   7]
          +0.079*[#   9]+0.037*[#  16]+0.037*[#  17]+0.037*[#  19]+0.017*[#  20]
          +0.015*[#   5]+0.015*[#   8]+0.009*[#  15]+0.009*[#  18]+0.005*[#   2]
          +0.005*[#   3]+0.005*[#   4]+0.004*[#  24]+0.004*[#  27]
    |psi|^2 = 0.999
==== e(   9) =     7.85612 eV ==== 
     psi = 0.212*[#  25]+0.212*[#  26]+0.212*[#  28]+0.075*[#   6]+0.075*[#   7]
          +0.075*[#   9]+0.038*[#  16]+0.038*[#  17]+0.038*[#  19]+0.004*[#   2]
          +0.004*[#   3]+0.004*[#   4]+0.003*[#  24]+0.003*[#  27]+0.002*[#  15]
          +0.002*[#  18]+0.001*[#   5]+0.001*[#   8]
    |psi|^2 = 0.999
==== e(  10) =     8.36747 eV ==== 
     psi = 0.220*[#  24]+0.220*[#  27]+0.170*[#   5]+0.170*[#   8]+0.074*[#  15]
          +0.074*[#  18]+0.015*[#   6]+0.015*[#   7]+0.015*[#   9]+0.004*[#  16]
          +0.004*[#  17]+0.004*[#  19]+0.002*[#  25]+0.002*[#  26]+0.002*[#  28]
          +0.001*[#   2]+0.001*[#   3]+0.001*[#   4]+0.001*[#  20]
    |psi|^2 = 0.997
==== e(  11) =     8.67086 eV ==== 
     psi = 0.134*[#   5]+0.134*[#   8]+0.115*[#   6]+0.115*[#   7]+0.115*[#   9]
          +0.044*[#  15]+0.044*[#  18]+0.041*[#  20]+0.029*[#  16]+0.029*[#  17]
          +0.029*[#  19]+0.023*[#  21]+0.023*[#  22]+0.023*[#  23]+0.019*[#  11]
          +0.017*[#   1]+0.010*[#  24]+0.010*[#  27]+0.010*[#  25]+0.010*[#  26]
          +0.010*[#  28]+0.005*[#   2]+0.005*[#   3]+0.005*[#   4]
    |psi|^2 = 0.999
==== e(  12) =     9.67294 eV ==== 
     psi = 0.217*[#   6]+0.217*[#   7]+0.217*[#   9]+0.059*[#  16]+0.059*[#  17]
          +0.059*[#  19]+0.029*[#  25]+0.029*[#  26]+0.029*[#  28]+0.011*[#   5]
          +0.011*[#   8]+0.007*[#  15]+0.007*[#  18]+0.007*[#  21]+0.007*[#  22]
          +0.007*[#  23]+0.005*[#   2]+0.005*[#   3]+0.005*[#   4]+0.004*[#  11]
          
    |psi|^2 = 0.998
==== e(  13) =     9.70994 eV ==== 
     psi = 0.189*[#   6]+0.189*[#   7]+0.189*[#   9]+0.080*[#  16]+0.080*[#  17]
          +0.080*[#  19]+0.033*[#  25]+0.033*[#  26]+0.033*[#  28]+0.018*[#  15]
          +0.018*[#  18]+0.010*[#  21]+0.010*[#  22]+0.010*[#  23]+0.005*[#   1]
          +0.004*[#   2]+0.004*[#   3]+0.004*[#   4]+0.003*[#   5]+0.003*[#   8]
          +0.001*[#  24]+0.001*[#  27]+0.001*[#  11]
    |psi|^2 = 0.998
==== e(  14) =     9.88166 eV ==== 
     psi = 0.257*[#   5]+0.257*[#   8]+0.199*[#  24]+0.199*[#  27]+0.012*[#  16]
          +0.012*[#  17]+0.012*[#  19]+0.006*[#  25]+0.006*[#  26]+0.006*[#  28]
          +0.005*[#   2]+0.005*[#   3]+0.005*[#   4]+0.003*[#  21]+0.003*[#  22]
          +0.003*[#  23]+0.002*[#   6]+0.002*[#   7]+0.002*[#   9]+0.001*[#  15]
          +0.001*[#  18]
    |psi|^2 = 0.998
==== e(  15) =    10.20906 eV ==== 
     psi = 0.178*[#  16]+0.178*[#  17]+0.178*[#  19]+0.099*[#   6]+0.099*[#   7]
          +0.099*[#   9]+0.051*[#  15]+0.051*[#  18]+0.011*[#  20]+0.011*[#   5]
          +0.011*[#   8]+0.005*[#   1]+0.003*[#  21]+0.003*[#  22]+0.003*[#  23]
          +0.003*[#  24]+0.003*[#  27]+0.002*[#  25]+0.002*[#  26]+0.002*[#  28]
          +0.002*[#   2]+0.002*[#   3]+0.002*[#   4]
    |psi|^2 = 0.999
==== e(  16) =    10.39740 eV ==== 
     psi = 0.188*[#   5]+0.188*[#   8]+0.069*[#  15]+0.069*[#  18]+0.053*[#  16]
          +0.053*[#  17]+0.053*[#  19]+0.039*[#  25]+0.039*[#  26]+0.039*[#  28]
          +0.037*[#  24]+0.037*[#  27]+0.027*[#   6]+0.027*[#   7]+0.027*[#   9]
          +0.016*[#  11]+0.006*[#   2]+0.006*[#   3]+0.006*[#   4]+0.006*[#  21]
          +0.006*[#  22]+0.006*[#  23]
    |psi|^2 = 0.999
==== e(  17) =    10.68379 eV ==== 
     psi = 0.202*[#  15]+0.202*[#  18]+0.063*[#  16]+0.063*[#  17]+0.063*[#  19]
          +0.057*[#  24]+0.057*[#  27]+0.044*[#   5]+0.044*[#   8]+0.031*[#   6]
          +0.031*[#   7]+0.031*[#   9]+0.021*[#  25]+0.021*[#  26]+0.021*[#  28]
          +0.009*[#   2]+0.009*[#   3]+0.009*[#   4]+0.006*[#  21]+0.006*[#  22]
          +0.006*[#  23]+0.003*[#   1]+0.002*[#  11]
    |psi|^2 = 0.998
==== e(  18) =    10.87831 eV ==== 
     psi = 0.176*[#  16]+0.176*[#  17]+0.176*[#  19]+0.057*[#  25]+0.057*[#  26]
          +0.057*[#  28]+0.029*[#  15]+0.029*[#  18]+0.026*[#  24]+0.026*[#  27]
          +0.022*[#   5]+0.022*[#   8]+0.018*[#   6]+0.018*[#   7]+0.018*[#   9]
          +0.017*[#   2]+0.017*[#   3]+0.017*[#   4]+0.010*[#  21]+0.010*[#  22]
          +0.010*[#  23]+0.002*[#  11]+0.002*[#   1]+0.001*[#  20]
    |psi|^2 = 0.997
==== e(  19) =    11.00659 eV ==== 
     psi = 0.180*[#  15]+0.180*[#  18]+0.084*[#  16]+0.084*[#  17]+0.084*[#  19]
          +0.045*[#  25]+0.045*[#  26]+0.045*[#  28]+0.039*[#   5]+0.039*[#   8]
          +0.028*[#   6]+0.028*[#   7]+0.028*[#   9]+0.027*[#  24]+0.027*[#  27]
          +0.006*[#   2]+0.006*[#   3]+0.006*[#   4]+0.004*[#  21]+0.004*[#  22]
          +0.004*[#  23]+0.003*[#   1]
    |psi|^2 = 0.997
==== e(  20) =    11.40705 eV ==== 
     psi = 0.221*[#  15]+0.221*[#  18]+0.097*[#  24]+0.097*[#  27]+0.081*[#  16]
          +0.081*[#  17]+0.081*[#  19]+0.023*[#  25]+0.023*[#  26]+0.023*[#  28]
          +0.009*[#   1]+0.005*[#   5]+0.005*[#   8]+0.004*[#   2]+0.004*[#   3]
          +0.004*[#   4]+0.004*[#  21]+0.004*[#  22]+0.004*[#  23]+0.002*[#   6]
          +0.002*[#   7]+0.002*[#   9]+0.002*[#  11]
    |psi|^2 = 0.999
==== e(  21) =    14.02554 eV ==== 
     psi = 0.195*[#  20]+0.089*[#   2]+0.089*[#   3]+0.089*[#   4]+0.069*[#  21]
          +0.069*[#  22]+0.069*[#  23]+0.047*[#  11]+0.036*[#   1]+0.031*[#  16]
          +0.031*[#  17]+0.031*[#  19]+0.016*[#  15]+0.016*[#  18]+0.014*[#   6]
          +0.014*[#   7]+0.014*[#   9]+0.009*[#  25]+0.009*[#  26]+0.009*[#  28]
          +0.007*[#  24]+0.007*[#  27]+0.006*[#   5]+0.006*[#   8]
    |psi|^2 = 0.973
==== e(  22) =    14.66283 eV ==== 
     psi = 0.127*[#  21]+0.127*[#  22]+0.127*[#  23]+0.099*[#   2]+0.099*[#   3]
          +0.099*[#   4]+0.055*[#   1]+0.046*[#  11]+0.033*[#  25]+0.033*[#  26]
          +0.033*[#  28]+0.018*[#  16]+0.018*[#  17]+0.018*[#  19]+0.008*[#   6]
          +0.008*[#   7]+0.008*[#   9]+0.003*[#  15]+0.003*[#  18]+0.001*[#   5]
          +0.001*[#   8]+0.001*[#  20]
    |psi|^2 = 0.970
==== e(  23) =    15.29805 eV ==== 
     psi = 0.117*[#   2]+0.117*[#   3]+0.117*[#   4]+0.105*[#  21]+0.105*[#  22]
          +0.105*[#  23]+0.072*[#  11]+0.064*[#   1]+0.020*[#  20]+0.018*[#  24]
          +0.018*[#  27]+0.014*[#  25]+0.014*[#  26]+0.014*[#  28]+0.010*[#  16]
          +0.010*[#  17]+0.010*[#  19]+0.009*[#  15]+0.009*[#  18]+0.005*[#   6]
          +0.005*[#   7]+0.005*[#   9]+0.004*[#   5]+0.004*[#   8]+0.001*[#  10]
          
    |psi|^2 = 0.970
==== e(  24) =    19.49135 eV ==== 
     psi = 0.368*[#   1]+0.314*[#  11]+0.037*[#   2]+0.037*[#   3]+0.037*[#   4]
          +0.029*[#  25]+0.029*[#  26]+0.029*[#  28]+0.017*[#  21]+0.017*[#  22]
          +0.017*[#  23]+0.010*[#  20]+0.003*[#  10]+0.002*[#  15]+0.002*[#  18]
          +0.001*[#   5]+0.001*[#   8]
    |psi|^2 = 0.953
==== e(  25) =    19.89978 eV ==== 
     psi = 0.348*[#  20]+0.085*[#   2]+0.085*[#   3]+0.085*[#   4]+0.077*[#  11]
          +0.029*[#  21]+0.029*[#  22]+0.029*[#  23]+0.009*[#  10]+0.006*[#  16]
          +0.006*[#  17]+0.006*[#  19]+0.006*[#   1]+0.004*[#  24]+0.004*[#  27]
          +0.003*[#   6]+0.003*[#   7]+0.003*[#   9]
    |psi|^2 = 0.819
==== e(  26) =    24.38691 eV ==== 
     psi = 0.103*[#   2]+0.103*[#   3]+0.103*[#   4]+0.058*[#  21]+0.058*[#  22]
          +0.058*[#  23]+0.043*[#   1]+0.036*[#  11]+0.024*[#  20]+0.003*[#  25]
          +0.003*[#  26]+0.003*[#  28]+0.002*[#  10]
    |psi|^2 = 0.603
==== e(  27) =    25.56864 eV ==== 
     psi = 0.059*[#   2]+0.059*[#   3]+0.059*[#   4]+0.021*[#  20]+0.015*[#  21]
          +0.015*[#  22]+0.015*[#  23]+0.005*[#  11]
    |psi|^2 = 0.252
==== e(  28) =    26.71032 eV ==== 
     psi = 0.074*[#  21]+0.074*[#  22]+0.074*[#  23]+0.067*[#   2]+0.067*[#   3]
          +0.067*[#   4]+0.026*[#   1]+0.020*[#  11]+0.006*[#  20]+0.001*[#  25]
          +0.001*[#  26]+0.001*[#  28]
    |psi|^2 = 0.484

 k =   0.7500000000 -0.2500000000  0.9166666667
==== e(   1) =   -91.24282 eV ==== 
     psi = 0.957*[#  10]+0.009*[#  21]+0.009*[#  22]+0.009*[#  23]+0.006*[#  11]
          +0.002*[#   2]+0.002*[#   3]+0.002*[#   4]
    |psi|^2 = 1.000
==== e(   2) =   -51.63465 eV ==== 
     psi = 0.332*[#  12]+0.332*[#  13]+0.332*[#  14]
    |psi|^2 = 1.000
==== e(   3) =   -51.63438 eV ==== 
     psi = 0.333*[#  12]+0.333*[#  13]+0.333*[#  14]
    |psi|^2 = 1.000
==== e(   4) =   -51.63435 eV ==== 
     psi = 0.332*[#  12]+0.332*[#  13]+0.332*[#  14]
    |psi|^2 = 1.000
==== e(   5) =     6.42121 eV ==== 
     psi = 0.190*[#  20]+0.113*[#   1]+0.079*[#   2]+0.079*[#   3]+0.079*[#   4]
          +0.076*[#  11]+0.062*[#  21]+0.062*[#  22]+0.062*[#  23]+0.030*[#  25]
          +0.030*[#  26]+0.030*[#  28]+0.010*[#   6]+0.010*[#   7]+0.010*[#   9]
          +0.008*[#  10]+0.008*[#  15]+0.008*[#  18]+0.008*[#  16]+0.008*[#  17]
          +0.008*[#  19]+0.007*[#  24]+0.007*[#  27]+0.005*[#   5]+0.005*[#   8]
          
    |psi|^2 = 0.997
==== e(   6) =     6.96006 eV ==== 
     psi = 0.211*[#  25]+0.211*[#  26]+0.211*[#  28]+0.067*[#  11]+0.057*[#   5]
          +0.057*[#   8]+0.052*[#   1]+0.031*[#  15]+0.031*[#  18]+0.009*[#   6]
          +0.009*[#   7]+0.009*[#   9]+0.006*[#  21]+0.006*[#  22]+0.006*[#  23]
          +0.003*[#   2]+0.003*[#   3]+0.003*[#   4]+0.003*[#  16]+0.003*[#  17]
          +0.003*[#  19]+0.002*[#  10]+0.001*[#  20]
    |psi|^2 = 0.999
==== e(   7) =     7.49473 eV ==== 
     psi = 0.278*[#  24]+0.278*[#  27]+0.063*[#   6]+0.063*[#   7]+0.063*[#   9]
          +0.031*[#  16]+0.031*[#  17]+0.031*[#  19]+0.018*[#   2]+0.018*[#   3]
          +0.018*[#   4]+0.017*[#   5]+0.017*[#   8]+0.015*[#  15]+0.015*[#  18]
          +0.008*[#  25]+0.008*[#  26]+0.008*[#  28]+0.004*[#   1]+0.004*[#  20]
          +0.003*[#  21]+0.003*[#  22]+0.003*[#  23]
    |psi|^2 = 0.998
==== e(   8) =     7.77008 eV ==== 
     psi = 0.158*[#  25]+0.158*[#  26]+0.158*[#  28]+0.081*[#   6]+0.081*[#   7]
          +0.081*[#   9]+0.052*[#  20]+0.039*[#  16]+0.039*[#  17]+0.039*[#  19]
          +0.023*[#   5]+0.023*[#   8]+0.014*[#  15]+0.014*[#  18]+0.010*[#   2]
          +0.010*[#   3]+0.010*[#   4]+0.004*[#  24]+0.004*[#  27]+0.002*[#   1]
          
    |psi|^2 = 0.998
==== e(   9) =     7.87072 eV ==== 
     psi = 0.198*[#  25]+0.198*[#  26]+0.198*[#  28]+0.072*[#   6]+0.072*[#   7]
          +0.072*[#   9]+0.042*[#  16]+0.042*[#  17]+0.042*[#  19]+0.009*[#  20]
          +0.007*[#  24]+0.007*[#  27]+0.005*[#   5]+0.005*[#   8]+0.005*[#   2]
          +0.005*[#   3]+0.005*[#   4]+0.004*[#  15]+0.004*[#  18]
    |psi|^2 = 0.999
==== e(  10) =     8.52322 eV ==== 
     psi = 0.240*[#  24]+0.240*[#  27]+0.142*[#   5]+0.142*[#   8]+0.051*[#  15]
          +0.051*[#  18]+0.027*[#   6]+0.027*[#   7]+0.027*[#   9]+0.008*[#  16]
          +0.008*[#  17]+0.008*[#  19]+0.003*[#   2]+0.003*[#   3]+0.003*[#   4]
          +0.002*[#  20]+0.002*[#  25]+0.002*[#  26]+0.002*[#  28]+0.001*[#  21]
          +0.001*[#  22]+0.001*[#  23]
    |psi|^2 = 0.998
==== e(  11) =     8.72908 eV ==== 
     psi = 0.133*[#   5]+0.133*[#   8]+0.107*[#   6]+0.107*[#   7]+0.107*[#   9]
          +0.037*[#  15]+0.037*[#  18]+0.029*[#  21]+0.029*[#  22]+0.029*[#  23]
          +0.028*[#  11]+0.028*[#  20]+0.024*[#   1]+0.022*[#  16]+0.022*[#  17]
          +0.022*[#  19]+0.020*[#  25]+0.020*[#  26]+0.020*[#  28]+0.010*[#  24]
          +0.010*[#  27]+0.007*[#   2]+0.007*[#   3]+0.007*[#   4]
    |psi|^2 = 0.999
==== e(  12) =     9.58305 eV ==== 
     psi = 0.193*[#   5]+0.193*[#   8]+0.105*[#  24]+0.105*[#  27]+0.066*[#   6]
          +0.066*[#   7]+0.066*[#   9]+0.046*[#  16]+0.046*[#  17]+0.046*[#  19]
          +0.016*[#  15]+0.016*[#  18]+0.006*[#  25]+0.006*[#  26]+0.006*[#  28]
          +0.002*[#   2]+0.002*[#   3]+0.002*[#   4]+0.002*[#   1]+0.001*[#  20]
          +0.001*[#  21]+0.001*[#  22]+0.001*[#  23]
    |psi|^2 = 0.998
==== e(  13) =     9.73781 eV ==== 
     psi = 0.154*[#   6]+0.154*[#   7]+0.154*[#   9]+0.068*[#  16]+0.068*[#  17]
          +0.068*[#  19]+0.039*[#  15]+0.039*[#  18]+0.035*[#   5]+0.035*[#   8]
          +0.027*[#  25]+0.027*[#  26]+0.027*[#  28]+0.014*[#  21]+0.014*[#  22]
          +0.014*[#  23]+0.010*[#  24]+0.010*[#  27]+0.010*[#   1]+0.007*[#  11]
          +0.007*[#   2]+0.007*[#   3]+0.007*[#   4]+0.003*[#  20]
    |psi|^2 = 0.998
==== e(  14) =     9.80074 eV ==== 
     psi = 0.128*[#   6]+0.128*[#   7]+0.128*[#   9]+0.078*[#   5]+0.078*[#   8]
          +0.062*[#  24]+0.062*[#  27]+0.050*[#  16]+0.050*[#  17]+0.050*[#  19]
          +0.029*[#  15]+0.029*[#  18]+0.023*[#  25]+0.023*[#  26]+0.023*[#  28]
          +0.009*[#  21]+0.009*[#  22]+0.009*[#  23]+0.008*[#   2]+0.008*[#   3]
          +0.008*[#   4]+0.003*[#  11]+0.002*[#   1]
    |psi|^2 = 0.998
==== e(  15) =    10.14613 eV ==== 
     psi = 0.177*[#  16]+0.177*[#  17]+0.177*[#  19]+0.118*[#   6]+0.118*[#   7]
          +0.118*[#   9]+0.018*[#  15]+0.018*[#  18]+0.012*[#  20]+0.010*[#  24]
          +0.010*[#  27]+0.006*[#   1]+0.005*[#  21]+0.005*[#  22]+0.005*[#  23]
          +0.003*[#   2]+0.003*[#   3]+0.003*[#   4]+0.003*[#   5]+0.003*[#   8]
          +0.002*[#  25]+0.002*[#  26]+0.002*[#  28]
    |psi|^2 = 0.998
==== e(  16) =    10.33227 eV ==== 
     psi = 0.167*[#   5]+0.167*[#   8]+0.097*[#  15]+0.097*[#  18]+0.044*[#  16]
          +0.044*[#  17]+0.044*[#  19]+0.041*[#  25]+0.041*[#  26]+0.041*[#  28]
          +0.033*[#   6]+0.033*[#   7]+0.033*[#   9]+0.024*[#  24]+0.024*[#  27]
          +0.020*[#  11]+0.009*[#  21]+0.009*[#  22]+0.009*[#  23]+0.008*[#   2]
          +0.008*[#   3]+0.008*[#   4]
    |psi|^2 = 0.999
==== e(  17) =    10.60944 eV ==== 
     psi = 0.258*[#  15]+0.258*[#  18]+0.064*[#   5]+0.064*[#   8]+0.058*[#  24]
          +0.058*[#  27]+0.028*[#   6]+0.028*[#   7]+0.028*[#   9]+0.026*[#  16]
          +0.026*[#  17]+0.026*[#  19]+0.014*[#  25]+0.014*[#  26]+0.014*[#  28]
          +0.005*[#   2]+0.005*[#   3]+0.005*[#   4]+0.005*[#  21]+0.005*[#  22]
          +0.005*[#  23]+0.003*[#   1]+0.002*[#  11]
    |psi|^2 = 0.998
==== e(  18) =    11.03879 eV ==== 
     psi = 0.120*[#  16]+0.120*[#  17]+0.120*[#  19]+0.105*[#  15]+0.105*[#  18]
          +0.053*[#  25]+0.053*[#  26]+0.053*[#  28]+0.028*[#  24]+0.028*[#  27]
          +0.026*[#   5]+0.026*[#   8]+0.022*[#   6]+0.022*[#   7]+0.022*[#   9]
          +0.013*[#  21]+0.013*[#  22]+0.013*[#  23]+0.013*[#   2]+0.013*[#   3]
          +0.013*[#   4]+0.010*[#   1]+0.004*[#  20]+0.004*[#  11]
    |psi|^2 = 0.997
==== e(  19) =    11.19882 eV ==== 
     psi = 0.130*[#  16]+0.130*[#  17]+0.130*[#  19]+0.072*[#  25]+0.072*[#  26]
          +0.072*[#  28]+0.066*[#  15]+0.066*[#  18]+0.036*[#   6]+0.036*[#   7]
          +0.036*[#   9]+0.029*[#  24]+0.029*[#  27]+0.021*[#   5]+0.021*[#   8]
          +0.008*[#   2]+0.008*[#   3]+0.008*[#   4]+0.007*[#  21]+0.007*[#  22]
          +0.007*[#  23]+0.004*[#   1]
    |psi|^2 = 0.997
==== e(  20) =    11.46014 eV ==== 
     psi = 0.157*[#  15]+0.157*[#  18]+0.101*[#  16]+0.101*[#  17]+0.101*[#  19]
          +0.083*[#  24]+0.083*[#  27]+0.038*[#  25]+0.038*[#  26]+0.038*[#  28]
          +0.009*[#   2]+0.009*[#   3]+0.009*[#   4]+0.009*[#   6]+0.009*[#   7]
          +0.009*[#   9]+0.007*[#   5]+0.007*[#   8]+0.007*[#  21]+0.007*[#  22]
          +0.007*[#  23]+0.006*[#  11]+0.006*[#   1]+0.001*[#  20]
    |psi|^2 = 0.999
==== e(  21) =    12.90247 eV ==== 
     psi = 0.137*[#  20]+0.078*[#   2]+0.078*[#   3]+0.078*[#   4]+0.064*[#  21]
          +0.064*[#  22]+0.064*[#  23]+0.051*[#  16]+0.051*[#  17]+0.051*[#  19]
          +0.040*[#  11]+0.033*[#   1]+0.023*[#  25]+0.023*[#  26]+0.023*[#  28]
          +0.021*[#  15]+0.021*[#  18]+0.020*[#   6]+0.020*[#   7]+0.020*[#   9]
          +0.008*[#   5]+0.008*[#   8]+0.006*[#  24]+0.006*[#  27]
    |psi|^2 = 0.986
==== e(  22) =    14.10513 eV ==== 
     psi = 0.108*[#  21]+0.108*[#  22]+0.108*[#  23]+0.079*[#  11]+0.078*[#   2]
          +0.078*[#   3]+0.078*[#   4]+0.077*[#   1]+0.042*[#  20]+0.027*[#  25]
          +0.027*[#  26]+0.027*[#  28]+0.017*[#  16]+0.017*[#  17]+0.017*[#  19]
          +0.016*[#  15]+0.016*[#  18]+0.011*[#  24]+0.011*[#  27]+0.008*[#   6]
          +0.008*[#   7]+0.008*[#   9]+0.007*[#   5]+0.007*[#   8]
    |psi|^2 = 0.981
==== e(  23) =    14.77350 eV ==== 
     psi = 0.126*[#   2]+0.126*[#   3]+0.126*[#   4]+0.116*[#  21]+0.116*[#  22]
          +0.116*[#  23]+0.045*[#  11]+0.039*[#   1]+0.022*[#  24]+0.022*[#  27]
          +0.014*[#  25]+0.014*[#  26]+0.014*[#  28]+0.011*[#  15]+0.011*[#  18]
          +0.009*[#  16]+0.009*[#  17]+0.009*[#  19]+0.005*[#   6]+0.005*[#   7]
          +0.005*[#   9]+0.004*[#   5]+0.004*[#   8]+0.004*[#  20]
    |psi|^2 = 0.971
==== e(  24) =    19.65298 eV ==== 
     psi = 0.245*[#   1]+0.228*[#  11]+0.113*[#  20]+0.061*[#   2]+0.061*[#   3]
          +0.061*[#   4]+0.023*[#  21]+0.023*[#  22]+0.023*[#  23]+0.019*[#  25]
          +0.019*[#  26]+0.019*[#  28]+0.005*[#  10]+0.002*[#  16]+0.002*[#  17]
          +0.002*[#  19]+0.002*[#  24]+0.002*[#  27]+0.002*[#  15]+0.002*[#  18]
          +0.001*[#   6]+0.001*[#   7]+0.001*[#   9]
    |psi|^2 = 0.918
==== e(  25) =    20.82803 eV ==== 
     psi = 0.232*[#  20]+0.105*[#  11]+0.101*[#   1]+0.083*[#   2]+0.083*[#   3]
          +0.083*[#   4]+0.032*[#  21]+0.032*[#  22]+0.032*[#  23]+0.006*[#  25]
          +0.006*[#  26]+0.006*[#  28]+0.004*[#  10]+0.003*[#  16]+0.003*[#  17]
          +0.003*[#  19]+0.002*[#   6]+0.002*[#   7]+0.002*[#   9]+0.001*[#  24]
          +0.001*[#  27]
    |psi|^2 = 0.825
==== e(  26) =    23.93604 eV ==== 
     psi = 0.103*[#   2]+0.103*[#   3]+0.103*[#   4]+0.080*[#   1]+0.069*[#  11]
          +0.060*[#  21]+0.060*[#  22]+0.060*[#  23]+0.045*[#  20]+0.003*[#  25]
          +0.003*[#  26]+0.003*[#  28]+0.003*[#  10]+0.001*[#  15]+0.001*[#  18]
          +0.001*[#  24]+0.001*[#  27]
    |psi|^2 = 0.703
==== e(  27) =    25.87958 eV ==== 
     psi = 0.060*[#   2]+0.060*[#   3]+0.060*[#   4]+0.029*[#  20]+0.024*[#  21]
          +0.024*[#  22]+0.024*[#  23]+0.010*[#  11]+0.010*[#   1]
    |psi|^2 = 0.305
==== e(  28) =    26.92509 eV ==== 
     psi = 0.069*[#  21]+0.069*[#  22]+0.069*[#  23]+0.040*[#   2]+0.040*[#   3]
          +0.040*[#   4]+0.038*[#  11]+0.023*[#   1]+0.022*[#  20]+0.002*[#  10]
          
    |psi|^2 = 0.416

 k =   0.6666666667 -0.1666666667  0.8333333333
==== e(   1) =   -91.24293 eV ==== 
     psi = 0.959*[#  10]+0.008*[#  21]+0.008*[#  22]+0.008*[#  23]+0.006*[#  11]
          +0.002*[#   2]+0.002*[#   3]+0.002*[#   4]
    |psi|^2 = 1.000
==== e(   2) =   -51.63477 eV ==== 
     psi = 0.332*[#  12]+0.332*[#  13]+0.332*[#  14]+0.001*[#  20]
    |psi|^2 = 1.000
==== e(   3) =   -51.63448 eV ==== 
     psi = 0.332*[#  12]+0.332*[#  13]+0.332*[#  14]
    |psi|^2 = 1.000
==== e(   4) =   -51.63439 eV ==== 
     psi = 0.333*[#  12]+0.333*[#  13]+0.333*[#  14]
    |psi|^2 = 1.000
==== e(   5) =     6.71977 eV ==== 
     psi = 0.123*[#  20]+0.120*[#  25]+0.120*[#  26]+0.120*[#  28]+0.105*[#   1]
          +0.064*[#  11]+0.042*[#   2]+0.042*[#   3]+0.042*[#   4]+0.025*[#  21]
          +0.025*[#  22]+0.025*[#  23]+0.021*[#  15]+0.021*[#  18]+0.020*[#   5]
          +0.020*[#   8]+0.010*[#   6]+0.010*[#   7]+0.010*[#   9]+0.008*[#  16]
          +0.008*[#  17]+0.008*[#  19]+0.003*[#  10]+0.002*[#  24]+0.002*[#  27]
          
    |psi|^2 = 0.998
==== e(   6) =     7.04987 eV ==== 
     psi = 0.153*[#  25]+0.153*[#  26]+0.153*[#  28]+0.068*[#  11]+0.055*[#   1]
          +0.047*[#   5]+0.047*[#   8]+0.031*[#  20]+0.029*[#  21]+0.029*[#  22]
          +0.029*[#  23]+0.024*[#  15]+0.024*[#  18]+0.022*[#   6]+0.022*[#   7]
          +0.022*[#   9]+0.018*[#   2]+0.018*[#   3]+0.018*[#   4]+0.010*[#  16]
          +0.010*[#  17]+0.010*[#  19]+0.004*[#  10]+0.003*[#  24]+0.003*[#  27]
          
    |psi|^2 = 0.998
==== e(   7) =     7.54400 eV ==== 
     psi = 0.278*[#  24]+0.278*[#  27]+0.065*[#   6]+0.065*[#   7]+0.065*[#   9]
          +0.026*[#  16]+0.026*[#  17]+0.026*[#  19]+0.024*[#   2]+0.024*[#   3]
          +0.024*[#   4]+0.012*[#   5]+0.012*[#   8]+0.009*[#  25]+0.009*[#  26]
          +0.009*[#  28]+0.008*[#  15]+0.008*[#  18]+0.008*[#  21]+0.008*[#  22]
          +0.008*[#  23]+0.002*[#  20]+0.002*[#   1]
    |psi|^2 = 0.998
==== e(   8) =     7.71059 eV ==== 
     psi = 0.117*[#  20]+0.116*[#  25]+0.116*[#  26]+0.116*[#  28]+0.082*[#   6]
          +0.082*[#   7]+0.082*[#   9]+0.040*[#  16]+0.040*[#  17]+0.040*[#  19]
          +0.025*[#   2]+0.025*[#   3]+0.025*[#   4]+0.024*[#   5]+0.024*[#   8]
          +0.015*[#  15]+0.015*[#  18]+0.003*[#  24]+0.003*[#  27]+0.003*[#   1]
          +0.001*[#  11]
    |psi|^2 = 0.998
==== e(   9) =     7.85848 eV ==== 
     psi = 0.182*[#  25]+0.182*[#  26]+0.182*[#  28]+0.063*[#   6]+0.063*[#   7]
          +0.063*[#   9]+0.044*[#  16]+0.044*[#  17]+0.044*[#  19]+0.025*[#  20]
          +0.015*[#   5]+0.015*[#   8]+0.013*[#  24]+0.013*[#  27]+0.009*[#   2]
          +0.009*[#   3]+0.009*[#   4]+0.007*[#  15]+0.007*[#  18]+0.002*[#   1]
          +0.001*[#  11]+0.001*[#  21]+0.001*[#  22]+0.001*[#  23]
    |psi|^2 = 0.999
==== e(  10) =     8.59955 eV ==== 
     psi = 0.288*[#  24]+0.288*[#  27]+0.077*[#   5]+0.077*[#   8]+0.045*[#   6]
          +0.045*[#   7]+0.045*[#   9]+0.021*[#  15]+0.021*[#  18]+0.017*[#  16]
          +0.017*[#  17]+0.017*[#  19]+0.006*[#   2]+0.006*[#   3]+0.006*[#   4]
          +0.003*[#  25]+0.003*[#  26]+0.003*[#  28]+0.002*[#  20]+0.001*[#  21]
          +0.001*[#  22]+0.001*[#  23]
    |psi|^2 = 0.998
==== e(  11) =     8.87978 eV ==== 
     psi = 0.142*[#   5]+0.142*[#   8]+0.096*[#   6]+0.096*[#   7]+0.096*[#   9]
          +0.035*[#  21]+0.035*[#  22]+0.035*[#  23]+0.034*[#  11]+0.030*[#  15]
          +0.030*[#  18]+0.029*[#   1]+0.025*[#  25]+0.025*[#  26]+0.025*[#  28]
          +0.020*[#  16]+0.020*[#  17]+0.020*[#  19]+0.013*[#  24]+0.013*[#  27]
          +0.009*[#   2]+0.009*[#   3]+0.009*[#   4]+0.008*[#  20]+0.001*[#  10]
          
    |psi|^2 = 0.998
==== e(  12) =     9.36068 eV ==== 
     psi = 0.284*[#   5]+0.284*[#   8]+0.066*[#  24]+0.066*[#  27]+0.051*[#   6]
          +0.051*[#   7]+0.051*[#   9]+0.022*[#  15]+0.022*[#  18]+0.021*[#  16]
          +0.021*[#  17]+0.021*[#  19]+0.005*[#  21]+0.005*[#  22]+0.005*[#  23]
          +0.004*[#   1]+0.003*[#  25]+0.003*[#  26]+0.003*[#  28]+0.003*[#   2]
          +0.003*[#   3]+0.003*[#   4]
    |psi|^2 = 0.997
==== e(  13) =     9.77498 eV ==== 
     psi = 0.112*[#   6]+0.112*[#   7]+0.112*[#   9]+0.078*[#  15]+0.078*[#  18]
          +0.066*[#  16]+0.066*[#  17]+0.066*[#  19]+0.054*[#   5]+0.054*[#   8]
          +0.018*[#  25]+0.018*[#  26]+0.018*[#  28]+0.018*[#  21]+0.018*[#  22]
          +0.018*[#  23]+0.016*[#   1]+0.014*[#   2]+0.014*[#   3]+0.014*[#   4]
          +0.012*[#  20]+0.009*[#  11]+0.005*[#  24]+0.005*[#  27]
    |psi|^2 = 0.998
==== e(  14) =     9.85785 eV ==== 
     psi = 0.111*[#   6]+0.111*[#   7]+0.111*[#   9]+0.083*[#  16]+0.083*[#  17]
          +0.083*[#  19]+0.080*[#  15]+0.080*[#  18]+0.034*[#   5]+0.034*[#   8]
          +0.034*[#  24]+0.034*[#  27]+0.018*[#  25]+0.018*[#  26]+0.018*[#  28]
          +0.010*[#  21]+0.010*[#  22]+0.010*[#  23]+0.008*[#   2]+0.008*[#   3]
          +0.008*[#   4]+0.005*[#  11]+0.005*[#   1]
    |psi|^2 = 0.998
==== e(  15) =    10.08440 eV ==== 
     psi = 0.145*[#  16]+0.145*[#  17]+0.145*[#  19]+0.126*[#   6]+0.126*[#   7]
          +0.126*[#   9]+0.027*[#  24]+0.027*[#  27]+0.013*[#  21]+0.013*[#  22]
          +0.013*[#  23]+0.012*[#  15]+0.012*[#  18]+0.011*[#   1]+0.008*[#  20]
          +0.008*[#  25]+0.008*[#  26]+0.008*[#  28]+0.006*[#   2]+0.006*[#   3]
          +0.006*[#   4]+0.005*[#   5]+0.005*[#   8]+0.001*[#  11]
    |psi|^2 = 0.998
==== e(  16) =    10.24519 eV ==== 
     psi = 0.123*[#   5]+0.123*[#   8]+0.093*[#  15]+0.093*[#  18]+0.058*[#   6]
          +0.058*[#   7]+0.058*[#   9]+0.051*[#  16]+0.051*[#  17]+0.051*[#  19]
          +0.035*[#  25]+0.035*[#  26]+0.035*[#  28]+0.026*[#  11]+0.018*[#  24]
          +0.018*[#  27]+0.013*[#  21]+0.013*[#  22]+0.013*[#  23]+0.009*[#   2]
          +0.009*[#   3]+0.009*[#   4]+0.002*[#   1]+0.001*[#  20]
    |psi|^2 = 0.998
==== e(  17) =    10.53272 eV ==== 
     psi = 0.214*[#  15]+0.214*[#  18]+0.086*[#   5]+0.086*[#   8]+0.063*[#  24]
          +0.063*[#  27]+0.048*[#   6]+0.048*[#   7]+0.048*[#   9]+0.022*[#  25]
          +0.022*[#  26]+0.022*[#  28]+0.013*[#  16]+0.013*[#  17]+0.013*[#  19]
          +0.004*[#   2]+0.004*[#   3]+0.004*[#   4]+0.003*[#  21]+0.003*[#  22]
          +0.003*[#  23]+0.003*[#  11]+0.002*[#   1]
    |psi|^2 = 0.999
==== e(  18) =    11.13899 eV ==== 
     psi = 0.176*[#  15]+0.176*[#  18]+0.095*[#  16]+0.095*[#  17]+0.095*[#  19]
          +0.039*[#  25]+0.039*[#  26]+0.039*[#  28]+0.025*[#   1]+0.024*[#   5]
          +0.024*[#   8]+0.018*[#  21]+0.018*[#  22]+0.018*[#  23]+0.016*[#  24]
          +0.016*[#  27]+0.013*[#   6]+0.013*[#   7]+0.013*[#   9]+0.011*[#   2]
          +0.011*[#   3]+0.011*[#   4]+0.007*[#  20]+0.003*[#  11]
    |psi|^2 = 0.997
==== e(  19) =    11.38730 eV ==== 
     psi = 0.146*[#  16]+0.146*[#  17]+0.146*[#  19]+0.091*[#  25]+0.091*[#  26]
          +0.091*[#  28]+0.038*[#   6]+0.038*[#   7]+0.038*[#   9]+0.029*[#  15]
          +0.029*[#  18]+0.017*[#  24]+0.017*[#  27]+0.011*[#   5]+0.011*[#   8]
          +0.009*[#  21]+0.009*[#  22]+0.009*[#  23]+0.006*[#   2]+0.006*[#   3]
          +0.006*[#   4]+0.004*[#   1]+0.001*[#  11]+0.001*[#  20]
    |psi|^2 = 0.997
==== e(  20) =    11.59355 eV ==== 
     psi = 0.094*[#  15]+0.094*[#  18]+0.094*[#  24]+0.094*[#  27]+0.077*[#  16]
          +0.077*[#  17]+0.077*[#  19]+0.040*[#  25]+0.040*[#  26]+0.040*[#  28]
          +0.029*[#  21]+0.029*[#  22]+0.029*[#  23]+0.024*[#   2]+0.024*[#   3]
          +0.024*[#   4]+0.023*[#  11]+0.016*[#   5]+0.016*[#   8]+0.014*[#   6]
          +0.014*[#   7]+0.014*[#   9]+0.011*[#   1]+0.003*[#  20]+0.001*[#  10]
          
    |psi|^2 = 0.998
==== e(  21) =    11.94118 eV ==== 
     psi = 0.105*[#  16]+0.105*[#  17]+0.105*[#  19]+0.079*[#  20]+0.053*[#  25]
          +0.053*[#  26]+0.053*[#  28]+0.052*[#   2]+0.052*[#   3]+0.052*[#   4]
          +0.030*[#  21]+0.030*[#  22]+0.030*[#  23]+0.029*[#   6]+0.029*[#   7]
          +0.029*[#   9]+0.024*[#  15]+0.024*[#  18]+0.019*[#  11]+0.014*[#   1]
          +0.009*[#  24]+0.009*[#  27]+0.004*[#   5]+0.004*[#   8]
    |psi|^2 = 0.994
==== e(  22) =    13.65153 eV ==== 
     psi = 0.089*[#  21]+0.089*[#  22]+0.089*[#  23]+0.089*[#  11]+0.083*[#   1]
          +0.064*[#   2]+0.064*[#   3]+0.064*[#   4]+0.063*[#  20]+0.030*[#  15]
          +0.030*[#  18]+0.028*[#  24]+0.028*[#  27]+0.023*[#  25]+0.023*[#  26]
          +0.023*[#  28]+0.019*[#  16]+0.019*[#  17]+0.019*[#  19]+0.013*[#   5]
          +0.013*[#   8]+0.009*[#   6]+0.009*[#   7]+0.009*[#   9]
    |psi|^2 = 0.989
==== e(  23) =    14.73174 eV ==== 
     psi = 0.132*[#  21]+0.132*[#  22]+0.132*[#  23]+0.129*[#   2]+0.129*[#   3]
          +0.129*[#   4]+0.023*[#  11]+0.020*[#   1]+0.016*[#  24]+0.016*[#  27]
          +0.014*[#  15]+0.014*[#  18]+0.009*[#  25]+0.009*[#  26]+0.009*[#  28]
          +0.006*[#  16]+0.006*[#  17]+0.006*[#  19]+0.006*[#   5]+0.006*[#   8]
          +0.003*[#   6]+0.003*[#   7]+0.003*[#   9]+0.002*[#  20]
    |psi|^2 = 0.956
==== e(  24) =    19.74648 eV ==== 
     psi = 0.225*[#   1]+0.197*[#  11]+0.104*[#  20]+0.073*[#   2]+0.073*[#   3]
          +0.073*[#   4]+0.029*[#  21]+0.029*[#  22]+0.029*[#  23]+0.016*[#  25]
          +0.016*[#  26]+0.016*[#  28]+0.004*[#  10]+0.003*[#  16]+0.003*[#  17]
          +0.003*[#  19]+0.002*[#  24]+0.002*[#  27]+0.002*[#  15]+0.002*[#  18]
          +0.001*[#   6]+0.001*[#   7]+0.001*[#   9]
    |psi|^2 = 0.904
==== e(  25) =    22.23833 eV ==== 
     psi = 0.195*[#  20]+0.102*[#   1]+0.087*[#  11]+0.082*[#   2]+0.082*[#   3]
          +0.082*[#   4]+0.033*[#  21]+0.033*[#  22]+0.033*[#  23]+0.005*[#  25]
          +0.005*[#  26]+0.005*[#  28]+0.003*[#  10]+0.002*[#  16]+0.002*[#  17]
          +0.002*[#  19]+0.001*[#   6]+0.001*[#   7]+0.001*[#   9]
    |psi|^2 = 0.758
==== e(  26) =    23.47686 eV ==== 
     psi = 0.102*[#   1]+0.100*[#   2]+0.100*[#   3]+0.100*[#   4]+0.095*[#  11]
          +0.069*[#  20]+0.053*[#  21]+0.053*[#  22]+0.053*[#  23]+0.004*[#  25]
          +0.004*[#  26]+0.004*[#  28]+0.004*[#  10]+0.002*[#  15]+0.002*[#  18]
          +0.001*[#  24]+0.001*[#  27]
    |psi|^2 = 0.751
==== e(  27) =    25.56744 eV ==== 
     psi = 0.075*[#   2]+0.075*[#   3]+0.075*[#   4]+0.057*[#  20]+0.034*[#  21]
          +0.034*[#  22]+0.034*[#  23]+0.014*[#   1]+0.009*[#  11]+0.001*[#  15]
          +0.001*[#  18]
    |psi|^2 = 0.415
==== e(  28) =    26.25480 eV ==== 
     psi = 0.053*[#  21]+0.053*[#  22]+0.053*[#  23]+0.048*[#  11]+0.039*[#   2]
          +0.039*[#   3]+0.039*[#   4]+0.028*[#  20]+0.019*[#   1]+0.003*[#  10]
          
    |psi|^2 = 0.376

 k =   0.5833333333 -0.0833333333  0.7500000000
==== e(   1) =   -91.24290 eV ==== 
     psi = 0.959*[#  10]+0.008*[#  21]+0.008*[#  22]+0.008*[#  23]+0.005*[#  11]
          +0.003*[#   2]+0.003*[#   3]+0.003*[#   4]
    |psi|^2 = 1.000
==== e(   2) =   -51.63475 eV ==== 
     psi = 0.332*[#  12]+0.332*[#  13]+0.332*[#  14]+0.001*[#  20]
    |psi|^2 = 1.000
==== e(   3) =   -51.63445 eV ==== 
     psi = 0.332*[#  12]+0.332*[#  13]+0.332*[#  14]
    |psi|^2 = 1.000
==== e(   4) =   -51.63437 eV ==== 
     psi = 0.333*[#  12]+0.333*[#  13]+0.333*[#  14]
    |psi|^2 = 1.000
==== e(   5) =     6.66533 eV ==== 
     psi = 0.123*[#  25]+0.123*[#  26]+0.123*[#  28]+0.115*[#  20]+0.101*[#   1]
          +0.068*[#  11]+0.039*[#   2]+0.039*[#   3]+0.039*[#   4]+0.024*[#  21]
          +0.024*[#  22]+0.024*[#  23]+0.022*[#   5]+0.022*[#   8]+0.021*[#  15]
          +0.021*[#  18]+0.012*[#   6]+0.012*[#   7]+0.012*[#   9]+0.009*[#  16]
          +0.009*[#  17]+0.009*[#  19]+0.003*[#  10]
    |psi|^2 = 0.998
==== e(   6) =     7.19947 eV ==== 
     psi = 0.179*[#  25]+0.179*[#  26]+0.179*[#  28]+0.064*[#   1]+0.064*[#  11]
          +0.042*[#   5]+0.042*[#   8]+0.025*[#  21]+0.025*[#  22]+0.025*[#  23]
          +0.024*[#   6]+0.024*[#   7]+0.024*[#   9]+0.022*[#  15]+0.022*[#  18]
          +0.011*[#  16]+0.011*[#  17]+0.011*[#  19]+0.008*[#  20]+0.006*[#   2]
          +0.006*[#   3]+0.006*[#   4]+0.002*[#  10]
    |psi|^2 = 0.999
==== e(   7) =     7.60821 eV ==== 
     psi = 0.218*[#  24]+0.218*[#  27]+0.071*[#   6]+0.071*[#   7]+0.071*[#   9]
          +0.030*[#  25]+0.030*[#  26]+0.030*[#  28]+0.025*[#   5]+0.025*[#   8]
          +0.024*[#  20]+0.023*[#  16]+0.023*[#  17]+0.023*[#  19]+0.021*[#   2]
          +0.021*[#   3]+0.021*[#   4]+0.012*[#  15]+0.012*[#  18]+0.009*[#  21]
          +0.009*[#  22]+0.009*[#  23]
    |psi|^2 = 0.998
==== e(   8) =     7.67534 eV ==== 
     psi = 0.145*[#  20]+0.087*[#   6]+0.087*[#   7]+0.087*[#   9]+0.069*[#  25]
          +0.069*[#  26]+0.069*[#  28]+0.049*[#  24]+0.049*[#  27]+0.041*[#   2]
          +0.041*[#   3]+0.041*[#   4]+0.038*[#  16]+0.038*[#  17]+0.038*[#  19]
          +0.013*[#   5]+0.013*[#   8]+0.010*[#  15]+0.010*[#  18]+0.001*[#  21]
          +0.001*[#  22]+0.001*[#  23]
    |psi|^2 = 0.998
==== e(   9) =     7.82292 eV ==== 
     psi = 0.179*[#  25]+0.179*[#  26]+0.179*[#  28]+0.046*[#   6]+0.046*[#   7]
          +0.046*[#   9]+0.044*[#  16]+0.044*[#  17]+0.044*[#  19]+0.030*[#  24]
          +0.030*[#  27]+0.024*[#   5]+0.024*[#   8]+0.016*[#  20]+0.011*[#   2]
          +0.011*[#   3]+0.011*[#   4]+0.010*[#  15]+0.010*[#  18]+0.003*[#   1]
          +0.002*[#  21]+0.002*[#  22]+0.002*[#  23]+0.002*[#  11]
    |psi|^2 = 0.998
==== e(  10) =     8.51347 eV ==== 
     psi = 0.323*[#  24]+0.323*[#  27]+0.039*[#   5]+0.039*[#   8]+0.038*[#   6]
          +0.038*[#   7]+0.038*[#   9]+0.024*[#  16]+0.024*[#  17]+0.024*[#  19]
          +0.018*[#  15]+0.018*[#  18]+0.010*[#   2]+0.010*[#   3]+0.010*[#   4]
          +0.005*[#  25]+0.005*[#  26]+0.005*[#  28]+0.003*[#  20]
    |psi|^2 = 0.997
==== e(  11) =     9.08962 eV ==== 
     psi = 0.150*[#   5]+0.150*[#   8]+0.108*[#   6]+0.108*[#   7]+0.108*[#   9]
          +0.034*[#  11]+0.028*[#  21]+0.028*[#  22]+0.028*[#  23]+0.023*[#  24]
          +0.023*[#  27]+0.022*[#  16]+0.022*[#  17]+0.022*[#  19]+0.018*[#  25]
          +0.018*[#  26]+0.018*[#  28]+0.017*[#  15]+0.017*[#  18]+0.017*[#   1]
          +0.013*[#   2]+0.013*[#   3]+0.013*[#   4]+0.002*[#  20]+0.001*[#  10]
          
    |psi|^2 = 0.999
==== e(  12) =     9.24804 eV ==== 
     psi = 0.316*[#   5]+0.316*[#   8]+0.073*[#   6]+0.073*[#   7]+0.073*[#   9]
          +0.014*[#  15]+0.014*[#  18]+0.013*[#  21]+0.013*[#  22]+0.013*[#  23]
          +0.013*[#   1]+0.012*[#  24]+0.012*[#  27]+0.011*[#  16]+0.011*[#  17]
          +0.011*[#  19]+0.001*[#  25]+0.001*[#  26]+0.001*[#  28]
    |psi|^2 = 0.997
==== e(  13) =     9.75986 eV ==== 
     psi = 0.156*[#   6]+0.156*[#   7]+0.156*[#   9]+0.070*[#  15]+0.070*[#  18]
          +0.067*[#   5]+0.067*[#   8]+0.031*[#  16]+0.031*[#  17]+0.031*[#  19]
          +0.023*[#   2]+0.023*[#   3]+0.023*[#   4]+0.019*[#  11]+0.018*[#  20]
          +0.013*[#  21]+0.013*[#  22]+0.013*[#  23]+0.005*[#   1]+0.003*[#  25]
          +0.003*[#  26]+0.003*[#  28]+0.001*[#  10]+0.001*[#  24]+0.001*[#  27]
          
    |psi|^2 = 0.998
==== e(  14) =     9.87359 eV ==== 
     psi = 0.139*[#  15]+0.139*[#  18]+0.114*[#  16]+0.114*[#  17]+0.114*[#  19]
          +0.035*[#   5]+0.035*[#   8]+0.029*[#   6]+0.029*[#   7]+0.029*[#   9]
          +0.025*[#   1]+0.024*[#  25]+0.024*[#  26]+0.024*[#  28]+0.022*[#  21]
          +0.022*[#  22]+0.022*[#  23]+0.019*[#  24]+0.019*[#  27]+0.007*[#   2]
          +0.007*[#   3]+0.007*[#   4]+0.002*[#  11]
    |psi|^2 = 0.997
==== e(  15) =    10.07011 eV ==== 
     psi = 0.091*[#  16]+0.091*[#  17]+0.091*[#  19]+0.090*[#   6]+0.090*[#   7]
          +0.090*[#   9]+0.062*[#  15]+0.062*[#  18]+0.046*[#  24]+0.046*[#  27]
          +0.028*[#  21]+0.028*[#  22]+0.028*[#  23]+0.022*[#  25]+0.022*[#  26]
          +0.022*[#  28]+0.018*[#   1]+0.016*[#   5]+0.016*[#   8]+0.012*[#   2]
          +0.012*[#   3]+0.012*[#   4]+0.002*[#  20]
    |psi|^2 = 0.997
==== e(  16) =    10.15546 eV ==== 
     psi = 0.114*[#  16]+0.114*[#  17]+0.114*[#  19]+0.077*[#   6]+0.077*[#   7]
          +0.077*[#   9]+0.076*[#   5]+0.076*[#   8]+0.062*[#  15]+0.062*[#  18]
          +0.023*[#  11]+0.023*[#  25]+0.023*[#  26]+0.023*[#  28]+0.008*[#  21]
          +0.008*[#  22]+0.008*[#  23]+0.006*[#  24]+0.006*[#  27]+0.005*[#   2]
          +0.005*[#   3]+0.005*[#   4]+0.003*[#  20]+0.001*[#   1]
    |psi|^2 = 0.998
==== e(  17) =    10.50355 eV ==== 
     psi = 0.153*[#  15]+0.153*[#  18]+0.094*[#   5]+0.094*[#   8]+0.079*[#  24]
          +0.079*[#  27]+0.075*[#   6]+0.075*[#   7]+0.075*[#   9]+0.030*[#  25]
          +0.030*[#  26]+0.030*[#  28]+0.007*[#  16]+0.007*[#  17]+0.007*[#  19]
          +0.003*[#  11]+0.002*[#   2]+0.002*[#   3]+0.002*[#   4]
    |psi|^2 = 0.999
==== e(  18) =    11.06274 eV ==== 
     psi = 0.153*[#  15]+0.153*[#  18]+0.076*[#  16]+0.076*[#  17]+0.076*[#  19]
          +0.034*[#  25]+0.034*[#  26]+0.034*[#  28]+0.032*[#   5]+0.032*[#   8]
          +0.030*[#  24]+0.030*[#  27]+0.029*[#   6]+0.029*[#   7]+0.029*[#   9]
          +0.027*[#   1]+0.021*[#  21]+0.021*[#  22]+0.021*[#  23]+0.015*[#   2]
          +0.015*[#   3]+0.015*[#   4]+0.010*[#  20]+0.002*[#  11]
    |psi|^2 = 0.997
==== e(  19) =    11.34767 eV ==== 
     psi = 0.123*[#  16]+0.123*[#  17]+0.123*[#  19]+0.085*[#  15]+0.085*[#  18]
          +0.072*[#  25]+0.072*[#  26]+0.072*[#  28]+0.037*[#  24]+0.037*[#  27]
          +0.017*[#   2]+0.017*[#   3]+0.017*[#   4]+0.016*[#  21]+0.016*[#  22]
          +0.016*[#  23]+0.013*[#   6]+0.013*[#   7]+0.013*[#   9]+0.010*[#  11]
          +0.009*[#   5]+0.009*[#   8]+0.004*[#  20]+0.003*[#   1]
    |psi|^2 = 0.998
==== e(  20) =    11.50983 eV ==== 
     psi = 0.145*[#  16]+0.145*[#  17]+0.145*[#  19]+0.084*[#  25]+0.084*[#  26]
          +0.084*[#  28]+0.068*[#  15]+0.068*[#  18]+0.028*[#   6]+0.028*[#   7]
          +0.028*[#   9]+0.021*[#  24]+0.021*[#  27]+0.007*[#   2]+0.007*[#   3]
          +0.007*[#   4]+0.005*[#  11]+0.004*[#   5]+0.004*[#   8]+0.004*[#  21]
          +0.004*[#  22]+0.004*[#  23]+0.002*[#  20]
    |psi|^2 = 0.998
==== e(  21) =    12.10363 eV ==== 
     psi = 0.077*[#  16]+0.077*[#  17]+0.077*[#  19]+0.074*[#  20]+0.061*[#  24]
          +0.061*[#  27]+0.050*[#   2]+0.050*[#   3]+0.050*[#   4]+0.037*[#  25]
          +0.037*[#  26]+0.037*[#  28]+0.035*[#  21]+0.035*[#  22]+0.035*[#  23]
          +0.027*[#   6]+0.027*[#   7]+0.027*[#   9]+0.026*[#  11]+0.025*[#  15]
          +0.025*[#  18]+0.016*[#   1]+0.013*[#   5]+0.013*[#   8]
    |psi|^2 = 0.996
==== e(  22) =    13.28719 eV ==== 
     psi = 0.088*[#  21]+0.088*[#  22]+0.088*[#  23]+0.082*[#   1]+0.079*[#  11]
          +0.056*[#  20]+0.049*[#   2]+0.049*[#   3]+0.049*[#   4]+0.036*[#  15]
          +0.036*[#  18]+0.034*[#  25]+0.034*[#  26]+0.034*[#  28]+0.027*[#  16]
          +0.027*[#  17]+0.027*[#  19]+0.022*[#  24]+0.022*[#  27]+0.015*[#   5]
          +0.015*[#   8]+0.011*[#   6]+0.011*[#   7]+0.011*[#   9]
    |psi|^2 = 0.992
==== e(  23) =    15.19139 eV ==== 
     psi = 0.130*[#  21]+0.130*[#  22]+0.130*[#  23]+0.122*[#   2]+0.122*[#   3]
          +0.122*[#   4]+0.029*[#  11]+0.025*[#   1]+0.016*[#  15]+0.016*[#  18]
          +0.016*[#  24]+0.016*[#  27]+0.008*[#  20]+0.006*[#   5]+0.006*[#   8]
          +0.006*[#  25]+0.006*[#  26]+0.006*[#  28]+0.004*[#  16]+0.004*[#  17]
          +0.004*[#  19]+0.002*[#   6]+0.002*[#   7]+0.002*[#   9]
    |psi|^2 = 0.934
==== e(  24) =    19.91848 eV ==== 
     psi = 0.219*[#   1]+0.178*[#  11]+0.082*[#   2]+0.082*[#   3]+0.082*[#   4]
          +0.059*[#  20]+0.037*[#  21]+0.037*[#  22]+0.037*[#  23]+0.014*[#  25]
          +0.014*[#  26]+0.014*[#  28]+0.004*[#  10]+0.003*[#  16]+0.003*[#  17]
          +0.003*[#  19]+0.002*[#  24]+0.002*[#  27]+0.002*[#  15]+0.002*[#  18]
          +0.001*[#   6]+0.001*[#   7]+0.001*[#   9]
    |psi|^2 = 0.880
==== e(  25) =    23.04475 eV ==== 
     psi = 0.129*[#  11]+0.116*[#   1]+0.098*[#   2]+0.098*[#   3]+0.098*[#   4]
          +0.047*[#  21]+0.047*[#  22]+0.047*[#  23]+0.043*[#  20]+0.006*[#  25]
          +0.006*[#  26]+0.006*[#  28]+0.004*[#  10]+0.002*[#  15]+0.002*[#  18]
          
    |psi|^2 = 0.753
==== e(  26) =    23.77676 eV ==== 
     psi = 0.260*[#  20]+0.094*[#   2]+0.094*[#   3]+0.094*[#   4]+0.051*[#   1]
          +0.045*[#  11]+0.016*[#  21]+0.016*[#  22]+0.016*[#  23]+0.002*[#  10]
          +0.002*[#  16]+0.002*[#  17]+0.002*[#  19]+0.002*[#  25]+0.002*[#  26]
          +0.002*[#  28]+0.001*[#   6]+0.001*[#   7]+0.001*[#   9]
    |psi|^2 = 0.707
==== e(  27) =    24.58012 eV ==== 
     psi = 0.065*[#  20]+0.057*[#   2]+0.057*[#   3]+0.057*[#   4]+0.040*[#  21]
          +0.040*[#  22]+0.040*[#  23]+0.026*[#   1]+0.016*[#  11]+0.002*[#  25]
          +0.002*[#  26]+0.002*[#  28]
    |psi|^2 = 0.409
==== e(  28) =    25.43166 eV ==== 
     psi = 0.085*[#  11]+0.052*[#  21]+0.052*[#  22]+0.052*[#  23]+0.052*[#   1]
          +0.044*[#   2]+0.044*[#   3]+0.044*[#   4]+0.011*[#  20]+0.005*[#  10]
          
    |psi|^2 = 0.447

 k =   0.5000000000  0.0000000000  0.6666666667
==== e(   1) =   -91.24290 eV ==== 
     psi = 0.958*[#  10]+0.007*[#  21]+0.007*[#  22]+0.007*[#  23]+0.006*[#  11]
          +0.004*[#   2]+0.004*[#   3]+0.004*[#   4]
    |psi|^2 = 1.000
==== e(   2) =   -51.63469 eV ==== 
     psi = 0.332*[#  12]+0.332*[#  13]+0.332*[#  14]+0.001*[#  20]
    |psi|^2 = 1.000
==== e(   3) =   -51.63444 eV ==== 
     psi = 0.332*[#  12]+0.332*[#  13]+0.332*[#  14]
    |psi|^2 = 1.000
==== e(   4) =   -51.63440 eV ==== 
     psi = 0.332*[#  12]+0.332*[#  13]+0.332*[#  14]
    |psi|^2 = 1.000
==== e(   5) =     6.38087 eV ==== 
     psi = 0.168*[#  20]+0.112*[#   1]+0.078*[#  11]+0.068*[#  25]+0.068*[#  26]
          +0.068*[#  28]+0.061*[#   2]+0.061*[#   3]+0.061*[#   4]+0.045*[#  21]
          +0.045*[#  22]+0.045*[#  23]+0.013*[#   6]+0.013*[#   7]+0.013*[#   9]
          +0.011*[#  15]+0.011*[#  18]+0.010*[#   5]+0.010*[#   8]+0.009*[#  16]
          +0.009*[#  17]+0.009*[#  19]+0.007*[#  10]
    |psi|^2 = 0.998
==== e(   6) =     7.22564 eV ==== 
     psi = 0.207*[#  25]+0.207*[#  26]+0.207*[#  28]+0.063*[#   1]+0.061*[#  11]
          +0.039*[#   5]+0.039*[#   8]+0.019*[#  15]+0.019*[#  18]+0.019*[#   6]
          +0.019*[#   7]+0.019*[#   9]+0.015*[#  21]+0.015*[#  22]+0.015*[#  23]
          +0.008*[#  16]+0.008*[#  17]+0.008*[#  19]+0.003*[#   2]+0.003*[#   3]
          +0.003*[#   4]+0.002*[#  10]
    |psi|^2 = 0.999
==== e(   7) =     7.63811 eV ==== 
     psi = 0.118*[#  24]+0.118*[#  27]+0.090*[#  25]+0.090*[#  26]+0.090*[#  28]
          +0.051*[#  20]+0.050*[#   6]+0.050*[#   7]+0.050*[#   9]+0.047*[#   5]
          +0.047*[#   8]+0.032*[#  15]+0.032*[#  18]+0.022*[#   2]+0.022*[#   3]
          +0.022*[#   4]+0.017*[#  16]+0.017*[#  17]+0.017*[#  19]+0.004*[#  21]
          +0.004*[#  22]+0.004*[#  23]+0.002*[#   1]
    |psi|^2 = 0.998
==== e(   8) =     7.71362 eV ==== 
     psi = 0.108*[#   6]+0.108*[#   7]+0.108*[#   9]+0.107*[#  25]+0.107*[#  26]
          +0.107*[#  28]+0.069*[#  24]+0.069*[#  27]+0.050*[#  20]+0.025*[#  16]
          +0.025*[#  17]+0.025*[#  19]+0.022*[#   5]+0.022*[#   8]+0.011*[#   2]
          +0.011*[#   3]+0.011*[#   4]+0.002*[#  15]+0.002*[#  18]+0.002*[#  21]
          +0.002*[#  22]+0.002*[#  23]
    |psi|^2 = 0.997
==== e(   9) =     7.81371 eV ==== 
     psi = 0.124*[#  25]+0.124*[#  26]+0.124*[#  28]+0.106*[#  24]+0.106*[#  27]
          +0.055*[#  16]+0.055*[#  17]+0.055*[#  19]+0.035*[#   6]+0.035*[#   7]
          +0.035*[#   9]+0.019*[#  20]+0.017*[#   5]+0.017*[#   8]+0.017*[#   2]
          +0.017*[#   3]+0.017*[#   4]+0.012*[#  15]+0.012*[#  18]+0.005*[#  21]
          +0.005*[#  22]+0.005*[#  23]+0.002*[#  11]+0.002*[#   1]
    |psi|^2 = 0.999
==== e(  10) =     8.32731 eV ==== 
     psi = 0.307*[#  24]+0.307*[#  27]+0.052*[#   5]+0.052*[#   8]+0.033*[#  15]
          +0.033*[#  18]+0.030*[#   6]+0.030*[#   7]+0.030*[#   9]+0.023*[#  16]
          +0.023*[#  17]+0.023*[#  19]+0.010*[#   2]+0.010*[#   3]+0.010*[#   4]
          +0.006*[#  25]+0.006*[#  26]+0.006*[#  28]+0.003*[#  20]
    |psi|^2 = 0.997
==== e(  11) =     9.11912 eV ==== 
     psi = 0.185*[#   5]+0.185*[#   8]+0.153*[#   6]+0.153*[#   7]+0.153*[#   9]
          +0.022*[#  11]+0.017*[#  21]+0.017*[#  22]+0.017*[#  23]+0.010*[#   2]
          +0.010*[#   3]+0.010*[#   4]+0.010*[#  25]+0.010*[#  26]+0.010*[#  28]
          +0.006*[#  16]+0.006*[#  17]+0.006*[#  19]+0.004*[#  15]+0.004*[#  18]
          +0.004*[#  24]+0.004*[#  27]+0.003*[#  20]
    |psi|^2 = 0.998
==== e(  12) =     9.33226 eV ==== 
     psi = 0.204*[#   5]+0.204*[#   8]+0.081*[#   6]+0.081*[#   7]+0.081*[#   9]
          +0.034*[#  16]+0.034*[#  17]+0.034*[#  19]+0.032*[#  24]+0.032*[#  27]
          +0.022*[#  21]+0.022*[#  22]+0.022*[#  23]+0.019*[#   1]+0.019*[#  15]
          +0.019*[#  18]+0.015*[#  11]+0.010*[#   2]+0.010*[#   3]+0.010*[#   4]
          +0.004*[#  25]+0.004*[#  26]+0.004*[#  28]
    |psi|^2 = 0.998
==== e(  13) =     9.63974 eV ==== 
     psi = 0.181*[#   6]+0.181*[#   7]+0.181*[#   9]+0.091*[#   5]+0.091*[#   8]
          +0.028*[#  16]+0.028*[#  17]+0.028*[#  19]+0.022*[#  15]+0.022*[#  18]
          +0.014*[#  11]+0.014*[#  21]+0.014*[#  22]+0.014*[#  23]+0.012*[#   2]
          +0.012*[#   3]+0.012*[#   4]+0.010*[#   1]+0.008*[#  25]+0.008*[#  26]
          +0.008*[#  28]+0.006*[#  20]+0.005*[#  24]+0.005*[#  27]+0.001*[#  10]
          
    |psi|^2 = 0.997
==== e(  14) =     9.84076 eV ==== 
     psi = 0.127*[#  15]+0.127*[#  18]+0.084*[#  16]+0.084*[#  17]+0.084*[#  19]
          +0.077*[#   5]+0.077*[#   8]+0.042*[#  25]+0.042*[#  26]+0.042*[#  28]
          +0.030*[#   1]+0.029*[#  21]+0.029*[#  22]+0.029*[#  23]+0.011*[#   2]
          +0.011*[#   3]+0.011*[#   4]+0.011*[#  24]+0.011*[#  27]+0.010*[#   6]
          +0.010*[#   7]+0.010*[#   9]+0.006*[#  20]
    |psi|^2 = 0.997
==== e(  15) =    10.07635 eV ==== 
     psi = 0.126*[#  16]+0.126*[#  17]+0.126*[#  19]+0.104*[#  15]+0.104*[#  18]
          +0.045*[#   6]+0.045*[#   7]+0.045*[#   9]+0.037*[#   5]+0.037*[#   8]
          +0.029*[#  24]+0.029*[#  27]+0.018*[#  21]+0.018*[#  22]+0.018*[#  23]
          +0.015*[#  25]+0.015*[#  26]+0.015*[#  28]+0.011*[#   2]+0.011*[#   3]
          +0.011*[#   4]+0.008*[#   1]+0.003*[#  20]
    |psi|^2 = 0.998
==== e(  16) =    10.12276 eV ==== 
     psi = 0.145*[#  16]+0.145*[#  17]+0.145*[#  19]+0.087*[#   6]+0.087*[#   7]
          +0.087*[#   9]+0.057*[#  15]+0.057*[#  18]+0.052*[#   5]+0.052*[#   8]
          +0.018*[#  25]+0.018*[#  26]+0.018*[#  28]+0.013*[#  11]+0.005*[#  20]
          +0.003*[#  21]+0.003*[#  22]+0.003*[#  23]+0.002*[#   2]+0.002*[#   3]
          +0.002*[#   4]
    |psi|^2 = 0.998
==== e(  17) =    10.55371 eV ==== 
     psi = 0.145*[#  15]+0.145*[#  18]+0.107*[#  24]+0.107*[#  27]+0.084*[#   5]
          +0.084*[#   8]+0.074*[#   6]+0.074*[#   7]+0.074*[#   9]+0.025*[#  25]
          +0.025*[#  26]+0.025*[#  28]+0.007*[#  16]+0.007*[#  17]+0.007*[#  19]
          +0.002*[#  11]+0.002*[#   2]+0.002*[#   3]+0.002*[#   4]+0.001*[#   1]
          
    |psi|^2 = 0.999
==== e(  18) =    10.96424 eV ==== 
     psi = 0.170*[#  15]+0.170*[#  18]+0.067*[#  24]+0.067*[#  27]+0.054*[#  16]
          +0.054*[#  17]+0.054*[#  19]+0.044*[#   6]+0.044*[#   7]+0.044*[#   9]
          +0.037*[#  25]+0.037*[#  26]+0.037*[#  28]+0.029*[#   5]+0.029*[#   8]
          +0.010*[#   1]+0.008*[#   2]+0.008*[#   3]+0.008*[#   4]+0.008*[#  21]
          +0.008*[#  22]+0.008*[#  23]+0.004*[#  20]
    |psi|^2 = 0.997
==== e(  19) =    11.18024 eV ==== 
     psi = 0.138*[#  16]+0.138*[#  17]+0.138*[#  19]+0.083*[#  15]+0.083*[#  18]
          +0.063*[#  24]+0.063*[#  27]+0.055*[#  25]+0.055*[#  26]+0.055*[#  28]
          +0.019*[#   5]+0.019*[#   8]+0.011*[#   2]+0.011*[#   3]+0.011*[#   4]
          +0.009*[#  21]+0.009*[#  22]+0.009*[#  23]+0.007*[#  11]+0.006*[#   6]
          +0.006*[#   7]+0.006*[#   9]+0.005*[#   1]
    |psi|^2 = 0.998
==== e(  20) =    11.48407 eV ==== 
     psi = 0.145*[#  16]+0.145*[#  17]+0.145*[#  19]+0.093*[#  15]+0.093*[#  18]
          +0.080*[#  25]+0.080*[#  26]+0.080*[#  28]+0.024*[#   6]+0.024*[#   7]
          +0.024*[#   9]+0.022*[#  24]+0.022*[#  27]+0.004*[#   5]+0.004*[#   8]
          +0.003*[#   2]+0.003*[#   3]+0.003*[#   4]
    |psi|^2 = 0.998
==== e(  21) =    12.81847 eV ==== 
     psi = 0.177*[#  20]+0.091*[#   2]+0.091*[#   3]+0.091*[#   4]+0.052*[#  16]
          +0.052*[#  17]+0.052*[#  19]+0.043*[#  21]+0.043*[#  22]+0.043*[#  23]
          +0.040*[#  24]+0.040*[#  27]+0.021*[#   6]+0.021*[#   7]+0.021*[#   9]
          +0.020*[#  11]+0.019*[#  15]+0.019*[#  18]+0.010*[#   5]+0.010*[#   8]
          +0.008*[#  25]+0.008*[#  26]+0.008*[#  28]+0.006*[#   1]
    |psi|^2 = 0.989
==== e(  22) =    13.38624 eV ==== 
     psi = 0.117*[#   1]+0.102*[#  21]+0.102*[#  22]+0.102*[#  23]+0.098*[#  11]
          +0.063*[#  25]+0.063*[#  26]+0.063*[#  28]+0.032*[#  16]+0.032*[#  17]
          +0.032*[#  19]+0.029*[#  15]+0.029*[#  18]+0.021*[#   2]+0.021*[#   3]
          +0.021*[#   4]+0.013*[#   6]+0.013*[#   7]+0.013*[#   9]+0.012*[#   5]
          +0.012*[#   8]
    |psi|^2 = 0.993
==== e(  23) =    15.92704 eV ==== 
     psi = 0.123*[#  21]+0.123*[#  22]+0.123*[#  23]+0.114*[#   2]+0.114*[#   3]
          +0.114*[#   4]+0.042*[#  11]+0.037*[#   1]+0.014*[#  15]+0.014*[#  18]
          +0.014*[#  24]+0.014*[#  27]+0.010*[#  20]+0.006*[#   5]+0.006*[#   8]
          +0.005*[#  25]+0.005*[#  26]+0.005*[#  28]+0.004*[#  16]+0.004*[#  17]
          +0.004*[#  19]+0.002*[#   6]+0.002*[#   7]+0.002*[#   9]
    |psi|^2 = 0.908
==== e(  24) =    20.16888 eV ==== 
     psi = 0.207*[#   1]+0.166*[#  11]+0.084*[#   2]+0.084*[#   3]+0.084*[#   4]
          +0.048*[#  21]+0.048*[#  22]+0.048*[#  23]+0.017*[#  20]+0.011*[#  25]
          +0.011*[#  26]+0.011*[#  28]+0.005*[#  10]+0.002*[#  16]+0.002*[#  17]
          +0.002*[#  19]+0.002*[#  24]+0.002*[#  27]+0.002*[#  15]+0.002*[#  18]
          +0.001*[#   6]+0.001*[#   7]+0.001*[#   9]
    |psi|^2 = 0.844
==== e(  25) =    22.49347 eV ==== 
     psi = 0.173*[#  11]+0.134*[#   1]+0.102*[#   2]+0.102*[#   3]+0.102*[#   4]
          +0.041*[#  21]+0.041*[#  22]+0.041*[#  23]+0.009*[#  25]+0.009*[#  26]
          +0.009*[#  28]+0.005*[#  10]+0.005*[#  20]+0.002*[#  15]+0.002*[#  18]
          
    |psi|^2 = 0.780
==== e(  26) =    23.33762 eV ==== 
     psi = 0.313*[#  20]+0.096*[#   2]+0.096*[#   3]+0.096*[#   4]+0.023*[#  21]
          +0.023*[#  22]+0.023*[#  23]+0.003*[#   1]+0.002*[#  16]+0.002*[#  17]
          +0.002*[#  19]+0.001*[#  24]+0.001*[#  27]+0.001*[#   6]+0.001*[#   7]
          +0.001*[#   9]
    |psi|^2 = 0.688
==== e(  27) =    24.72269 eV ==== 
     psi = 0.092*[#  11]+0.054*[#   2]+0.054*[#   3]+0.054*[#   4]+0.037*[#  21]
          +0.037*[#  22]+0.037*[#  23]+0.036*[#   1]+0.018*[#  20]+0.004*[#  10]
          +0.002*[#  25]+0.002*[#  26]+0.002*[#  28]+0.001*[#  15]+0.001*[#  18]
          
    |psi|^2 = 0.432
==== e(  28) =    25.48383 eV ==== 
     psi = 0.066*[#  20]+0.045*[#   2]+0.045*[#   3]+0.045*[#   4]+0.044*[#  21]
          +0.044*[#  22]+0.044*[#  23]+0.023*[#   1]+0.011*[#  11]
    |psi|^2 = 0.374

 k =   0.8333333333 -0.1666666667  1.0000000000
==== e(   1) =   -91.24281 eV ==== 
     psi = 0.957*[#  10]+0.010*[#  21]+0.010*[#  22]+0.010*[#  23]+0.006*[#  11]
          +0.001*[#   2]+0.001*[#   3]+0.001*[#   4]+0.001*[#  25]+0.001*[#  26]
          +0.001*[#  28]
    |psi|^2 = 1.000
==== e(   2) =   -51.63472 eV ==== 
     psi = 0.332*[#  12]+0.332*[#  13]+0.332*[#  14]
    |psi|^2 = 1.000
==== e(   3) =   -51.63439 eV ==== 
     psi = 0.333*[#  12]+0.333*[#  13]+0.333*[#  14]
    |psi|^2 = 1.000
==== e(   4) =   -51.63433 eV ==== 
     psi = 0.332*[#  12]+0.332*[#  13]+0.332*[#  14]
    |psi|^2 = 1.000
==== e(   5) =     6.78499 eV ==== 
     psi = 0.149*[#   1]+0.108*[#  20]+0.108*[#  25]+0.108*[#  26]+0.108*[#  28]
          +0.045*[#   2]+0.045*[#   3]+0.045*[#   4]+0.040*[#  21]+0.040*[#  22]
          +0.040*[#  23]+0.039*[#  15]+0.039*[#  18]+0.016*[#  24]+0.016*[#  27]
          +0.007*[#   5]+0.007*[#   8]+0.007*[#  16]+0.007*[#  17]+0.007*[#  19]
          +0.003*[#   6]+0.003*[#   7]+0.003*[#   9]+0.002*[#  10]+0.001*[#  11]
          
    |psi|^2 = 0.997
==== e(   6) =     6.85395 eV ==== 
     psi = 0.133*[#  11]+0.125*[#  25]+0.125*[#  26]+0.125*[#  28]+0.079*[#  20]
          +0.063*[#   5]+0.063*[#   8]+0.044*[#   2]+0.044*[#   3]+0.044*[#   4]
          +0.023*[#  21]+0.023*[#  22]+0.023*[#  23]+0.011*[#   6]+0.011*[#   7]
          +0.011*[#   9]+0.009*[#  24]+0.009*[#  27]+0.009*[#  15]+0.009*[#  18]
          +0.006*[#  10]+0.002*[#  16]+0.002*[#  17]+0.002*[#  19]
    |psi|^2 = 0.998
==== e(   7) =     7.38782 eV ==== 
     psi = 0.266*[#  24]+0.266*[#  27]+0.073*[#   6]+0.073*[#   7]+0.073*[#   9]
          +0.041*[#  16]+0.041*[#  17]+0.041*[#  19]+0.015*[#   2]+0.015*[#   3]
          +0.015*[#   4]+0.011*[#   5]+0.011*[#   8]+0.011*[#  20]+0.009*[#  15]
          +0.009*[#  18]+0.006*[#   1]+0.004*[#  25]+0.004*[#  26]+0.004*[#  28]
          +0.003*[#  11]+0.002*[#  21]+0.002*[#  22]+0.002*[#  23]
    |psi|^2 = 0.998
==== e(   8) =     7.80483 eV ==== 
     psi = 0.157*[#  25]+0.157*[#  26]+0.157*[#  28]+0.084*[#   6]+0.084*[#   7]
          +0.084*[#   9]+0.056*[#  20]+0.040*[#  16]+0.040*[#  17]+0.040*[#  19]
          +0.014*[#   5]+0.014*[#   8]+0.012*[#   2]+0.012*[#   3]+0.012*[#   4]
          +0.009*[#  15]+0.009*[#  18]+0.004*[#   1]+0.002*[#  11]+0.002*[#  24]
          +0.002*[#  27]
    |psi|^2 = 0.999
==== e(   9) =     7.89711 eV ==== 
     psi = 0.203*[#  25]+0.203*[#  26]+0.203*[#  28]+0.085*[#   6]+0.085*[#   7]
          +0.085*[#   9]+0.041*[#  16]+0.041*[#  17]+0.041*[#  19]+0.002*[#  24]
          +0.002*[#  27]+0.002*[#   2]+0.002*[#   3]+0.002*[#   4]
    |psi|^2 = 0.999
==== e(  10) =     8.49385 eV ==== 
     psi = 0.123*[#   5]+0.123*[#   8]+0.074*[#   6]+0.074*[#   7]+0.074*[#   9]
          +0.049*[#  15]+0.049*[#  18]+0.045*[#  20]+0.043*[#   1]+0.041*[#  21]
          +0.041*[#  22]+0.041*[#  23]+0.040*[#  11]+0.021*[#  25]+0.021*[#  26]
          +0.021*[#  28]+0.021*[#  16]+0.021*[#  17]+0.021*[#  19]+0.011*[#  24]
          +0.011*[#  27]+0.010*[#   2]+0.010*[#   3]+0.010*[#   4]+0.001*[#  10]
          
    |psi|^2 = 0.998
==== e(  11) =     8.74226 eV ==== 
     psi = 0.198*[#  24]+0.198*[#  27]+0.197*[#   5]+0.197*[#   8]+0.067*[#  15]
          +0.067*[#  18]+0.017*[#   6]+0.017*[#   7]+0.017*[#   9]+0.005*[#  16]
          +0.005*[#  17]+0.005*[#  19]+0.002*[#  25]+0.002*[#  26]+0.002*[#  28]
          +0.001*[#   2]+0.001*[#   3]+0.001*[#   4]
    |psi|^2 = 0.997
==== e(  12) =     9.51686 eV ==== 
     psi = 0.187*[#  24]+0.187*[#  27]+0.166*[#   5]+0.166*[#   8]+0.046*[#   6]
          +0.046*[#   7]+0.046*[#   9]+0.030*[#  16]+0.030*[#  17]+0.030*[#  19]
          +0.021*[#  15]+0.021*[#  18]+0.005*[#  25]+0.005*[#  26]+0.005*[#  28]
          +0.002*[#   2]+0.002*[#   3]+0.002*[#   4]+0.001*[#  20]
    |psi|^2 = 0.998
==== e(  13) =     9.76043 eV ==== 
     psi = 0.167*[#   6]+0.167*[#   7]+0.167*[#   9]+0.110*[#  16]+0.110*[#  17]
          +0.110*[#  19]+0.025*[#  25]+0.025*[#  26]+0.025*[#  28]+0.021*[#  15]
          +0.021*[#  18]+0.013*[#   5]+0.013*[#   8]+0.005*[#  21]+0.005*[#  22]
          +0.005*[#  23]+0.005*[#   1]+0.001*[#  24]+0.001*[#  27]
    |psi|^2 = 0.998
==== e(  14) =     9.85974 eV ==== 
     psi = 0.157*[#   6]+0.157*[#   7]+0.157*[#   9]+0.090*[#  24]+0.090*[#  27]
          +0.060*[#  16]+0.060*[#  17]+0.060*[#  19]+0.036*[#   5]+0.036*[#   8]
          +0.020*[#  25]+0.020*[#  26]+0.020*[#  28]+0.005*[#  21]+0.005*[#  22]
          +0.005*[#  23]+0.004*[#   2]+0.004*[#   3]+0.004*[#   4]+0.002*[#  11]
          +0.001*[#  20]+0.001*[#  15]+0.001*[#  18]
    |psi|^2 = 0.998
==== e(  15) =    10.19658 eV ==== 
     psi = 0.162*[#  16]+0.162*[#  17]+0.162*[#  19]+0.141*[#   6]+0.141*[#   7]
          +0.141*[#   9]+0.019*[#  15]+0.019*[#  18]+0.016*[#  20]+0.009*[#  24]
          +0.009*[#  27]+0.002*[#   2]+0.002*[#   3]+0.002*[#   4]+0.002*[#   1]
          +0.002*[#   5]+0.002*[#   8]+0.002*[#  21]+0.002*[#  22]+0.002*[#  23]
          +0.001*[#  25]+0.001*[#  26]+0.001*[#  28]
    |psi|^2 = 0.999
==== e(  16) =    10.42476 eV ==== 
     psi = 0.229*[#   5]+0.229*[#   8]+0.083*[#  15]+0.083*[#  18]+0.056*[#  25]
          +0.056*[#  26]+0.056*[#  28]+0.031*[#  11]+0.026*[#   6]+0.026*[#   7]
          +0.026*[#   9]+0.019*[#  24]+0.019*[#  27]+0.009*[#  16]+0.009*[#  17]
          +0.009*[#  19]+0.009*[#  21]+0.009*[#  22]+0.009*[#  23]+0.003*[#   2]
          +0.003*[#   3]+0.003*[#   4]
    |psi|^2 = 0.999
==== e(  17) =    10.65833 eV ==== 
     psi = 0.339*[#  15]+0.339*[#  18]+0.082*[#   5]+0.082*[#   8]+0.016*[#  16]
          +0.016*[#  17]+0.016*[#  19]+0.015*[#  24]+0.015*[#  27]+0.008*[#   6]
          +0.008*[#   7]+0.008*[#   9]+0.007*[#   2]+0.007*[#   3]+0.007*[#   4]
          +0.006*[#  25]+0.006*[#  26]+0.006*[#  28]+0.005*[#  21]+0.005*[#  22]
          +0.005*[#  23]+0.002*[#   1]
    |psi|^2 = 0.998
==== e(  18) =    11.19965 eV ==== 
     psi = 0.153*[#  16]+0.153*[#  17]+0.153*[#  19]+0.081*[#  15]+0.081*[#  18]
          +0.073*[#  25]+0.073*[#  26]+0.073*[#  28]+0.024*[#   6]+0.024*[#   7]
          +0.024*[#   9]+0.013*[#   2]+0.013*[#   3]+0.013*[#   4]+0.008*[#  21]
          +0.008*[#  22]+0.008*[#  23]+0.007*[#  24]+0.007*[#  27]+0.006*[#   1]
          +0.002*[#   5]+0.002*[#   8]+0.002*[#  20]
    |psi|^2 = 0.997
==== e(  19) =    11.28027 eV ==== 
     psi = 0.150*[#  16]+0.150*[#  17]+0.150*[#  19]+0.088*[#  25]+0.088*[#  26]
          +0.088*[#  28]+0.043*[#   6]+0.043*[#   7]+0.043*[#   9]+0.021*[#  15]
          +0.021*[#  18]+0.014*[#   5]+0.014*[#   8]+0.011*[#   2]+0.011*[#   3]
          +0.011*[#   4]+0.011*[#  21]+0.011*[#  22]+0.011*[#  23]+0.007*[#  24]
          +0.007*[#  27]+0.004*[#   1]+0.001*[#  20]
    |psi|^2 = 0.997
==== e(  20) =    11.54316 eV ==== 
     psi = 0.172*[#  15]+0.172*[#  18]+0.087*[#  24]+0.087*[#  27]+0.074*[#  16]
          +0.074*[#  17]+0.074*[#  19]+0.025*[#  25]+0.025*[#  26]+0.025*[#  28]
          +0.018*[#   1]+0.018*[#   5]+0.018*[#   8]+0.017*[#  11]+0.016*[#  21]
          +0.016*[#  22]+0.016*[#  23]+0.010*[#   2]+0.010*[#   3]+0.010*[#   4]
          +0.010*[#   6]+0.010*[#   7]+0.010*[#   9]+0.004*[#  20]
    |psi|^2 = 0.999
==== e(  21) =    12.81015 eV ==== 
     psi = 0.142*[#  20]+0.073*[#   2]+0.073*[#   3]+0.073*[#   4]+0.053*[#  11]
          +0.051*[#  21]+0.051*[#  22]+0.051*[#  23]+0.045*[#  16]+0.045*[#  17]
          +0.045*[#  19]+0.045*[#   1]+0.042*[#  15]+0.042*[#  18]+0.037*[#  24]
          +0.037*[#  27]+0.017*[#   6]+0.017*[#   7]+0.017*[#   9]+0.015*[#   5]
          +0.015*[#   8]
    |psi|^2 = 0.990
==== e(  22) =    13.69796 eV ==== 
     psi = 0.135*[#  21]+0.135*[#  22]+0.135*[#  23]+0.113*[#   2]+0.113*[#   3]
          +0.113*[#   4]+0.037*[#  11]+0.034*[#   1]+0.026*[#  25]+0.026*[#  26]
          +0.026*[#  28]+0.014*[#  16]+0.014*[#  17]+0.014*[#  19]+0.007*[#  15]
          +0.007*[#  18]+0.006*[#   6]+0.006*[#   7]+0.006*[#   9]+0.003*[#   5]
          +0.003*[#   8]
    |psi|^2 = 0.977
==== e(  23) =    13.95236 eV ==== 
     psi = 0.140*[#   2]+0.140*[#   3]+0.140*[#   4]+0.121*[#  21]+0.121*[#  22]
          +0.121*[#  23]+0.027*[#  24]+0.027*[#  27]+0.021*[#  11]+0.018*[#   1]
          +0.014*[#  25]+0.014*[#  26]+0.014*[#  28]+0.010*[#  16]+0.010*[#  17]
          +0.010*[#  19]+0.005*[#  15]+0.005*[#  18]+0.005*[#   6]+0.005*[#   7]
          +0.005*[#   9]+0.002*[#   5]+0.002*[#   8]
    |psi|^2 = 0.977
==== e(  24) =    19.38856 eV ==== 
     psi = 0.393*[#   1]+0.342*[#  11]+0.034*[#  25]+0.034*[#  26]+0.034*[#  28]
          +0.026*[#   2]+0.026*[#   3]+0.026*[#   4]+0.012*[#  21]+0.012*[#  22]
          +0.012*[#  23]+0.004*[#  20]+0.003*[#  10]+0.003*[#  15]+0.003*[#  18]
          +0.002*[#   5]+0.002*[#   8]
    |psi|^2 = 0.966
==== e(  25) =    19.75397 eV ==== 
     psi = 0.431*[#  20]+0.108*[#   2]+0.108*[#   3]+0.108*[#   4]+0.029*[#  11]
          +0.015*[#  21]+0.015*[#  22]+0.015*[#  23]+0.007*[#  16]+0.007*[#  17]
          +0.007*[#  19]+0.005*[#  24]+0.005*[#  27]+0.003*[#  10]+0.003*[#   6]
          +0.003*[#   7]+0.003*[#   9]+0.002*[#   1]
    |psi|^2 = 0.876
==== e(  26) =    25.56962 eV ==== 
     psi = 0.093*[#   2]+0.093*[#   3]+0.093*[#   4]+0.071*[#  21]+0.071*[#  22]
          +0.071*[#  23]+0.062*[#   1]+0.051*[#  11]+0.016*[#  20]+0.003*[#  10]
          +0.002*[#  25]+0.002*[#  26]+0.002*[#  28]+0.001*[#  15]+0.001*[#  18]
          
    |psi|^2 = 0.637
==== e(  27) =    27.10426 eV ==== 
     psi = 0.064*[#   2]+0.064*[#   3]+0.064*[#   4]+0.034*[#  21]+0.034*[#  22]
          +0.034*[#  23]+0.014*[#  20]
    |psi|^2 = 0.312
==== e(  28) =    28.09987 eV ==== 
     psi = 0.022*[#  20]+0.017*[#  21]+0.017*[#  22]+0.017*[#  23]+0.009*[#   1]
          +0.008*[#   2]+0.008*[#   3]+0.008*[#   4]+0.004*[#  11]
    |psi|^2 = 0.116

 k =   0.7500000000 -0.0833333333  0.9166666667
==== e(   1) =   -91.24288 eV ==== 
     psi = 0.959*[#  10]+0.010*[#  21]+0.010*[#  22]+0.010*[#  23]+0.005*[#  11]
          +0.001*[#  25]+0.001*[#  26]+0.001*[#  28]
    |psi|^2 = 1.000
==== e(   2) =   -51.63482 eV ==== 
     psi = 0.332*[#  12]+0.332*[#  13]+0.332*[#  14]+0.001*[#   2]+0.001*[#   3]
          +0.001*[#   4]
    |psi|^2 = 1.000
==== e(   3) =   -51.63442 eV ==== 
     psi = 0.332*[#  12]+0.332*[#  13]+0.332*[#  14]
    |psi|^2 = 1.000
==== e(   4) =   -51.63433 eV ==== 
     psi = 0.332*[#  12]+0.332*[#  13]+0.332*[#  14]
    |psi|^2 = 1.000
==== e(   5) =     6.80412 eV ==== 
     psi = 0.204*[#  25]+0.204*[#  26]+0.204*[#  28]+0.080*[#   1]+0.058*[#  11]
          +0.052*[#   5]+0.052*[#   8]+0.042*[#  15]+0.042*[#  18]+0.009*[#  20]
          +0.006*[#  21]+0.006*[#  22]+0.006*[#  23]+0.004*[#   6]+0.004*[#   7]
          +0.004*[#   9]+0.003*[#   2]+0.003*[#   3]+0.003*[#   4]+0.003*[#  16]
          +0.003*[#  17]+0.003*[#  19]+0.001*[#  10]
    |psi|^2 = 0.999
==== e(   6) =     7.19583 eV ==== 
     psi = 0.110*[#  20]+0.075*[#  25]+0.075*[#  26]+0.075*[#  28]+0.063*[#  11]
          +0.060*[#   1]+0.054*[#   2]+0.054*[#   3]+0.054*[#   4]+0.041*[#  21]
          +0.041*[#  22]+0.041*[#  23]+0.032*[#  24]+0.032*[#  27]+0.026*[#   5]
          +0.026*[#   8]+0.023*[#   6]+0.023*[#   7]+0.023*[#   9]+0.013*[#  15]
          +0.013*[#  18]+0.011*[#  16]+0.011*[#  17]+0.011*[#  19]+0.004*[#  10]
          
    |psi|^2 = 0.998
==== e(   7) =     7.41843 eV ==== 
     psi = 0.263*[#  24]+0.263*[#  27]+0.067*[#   6]+0.067*[#   7]+0.067*[#   9]
          +0.035*[#  16]+0.035*[#  17]+0.035*[#  19]+0.022*[#   2]+0.022*[#   3]
          +0.022*[#   4]+0.013*[#  25]+0.013*[#  26]+0.013*[#  28]+0.008*[#   5]
          +0.008*[#   8]+0.007*[#   1]+0.006*[#  15]+0.006*[#  18]+0.006*[#  21]
          +0.006*[#  22]+0.006*[#  23]+0.005*[#  20]+0.005*[#  11]
    |psi|^2 = 0.998
==== e(   8) =     7.68732 eV ==== 
     psi = 0.180*[#  20]+0.086*[#   6]+0.086*[#   7]+0.086*[#   9]+0.078*[#  25]
          +0.078*[#  26]+0.078*[#  28]+0.045*[#  16]+0.045*[#  17]+0.045*[#  19]
          +0.041*[#   2]+0.041*[#   3]+0.041*[#   4]+0.014*[#   5]+0.014*[#   8]
          +0.009*[#  15]+0.009*[#  18]+0.006*[#   1]+0.005*[#  11]+0.002*[#  21]
          +0.002*[#  22]+0.002*[#  23]+0.002*[#  24]+0.002*[#  27]
    |psi|^2 = 0.998
==== e(   9) =     7.89487 eV ==== 
     psi = 0.198*[#  25]+0.198*[#  26]+0.198*[#  28]+0.078*[#   6]+0.078*[#   7]
          +0.078*[#   9]+0.042*[#  16]+0.042*[#  17]+0.042*[#  19]+0.007*[#   5]
          +0.007*[#   8]+0.005*[#  24]+0.005*[#  27]+0.004*[#  15]+0.004*[#  18]
          +0.003*[#   2]+0.003*[#   3]+0.003*[#   4]+0.003*[#  20]
    |psi|^2 = 0.999
==== e(  10) =     8.60252 eV ==== 
     psi = 0.124*[#   5]+0.124*[#   8]+0.076*[#   6]+0.076*[#   7]+0.076*[#   9]
          +0.048*[#  21]+0.048*[#  22]+0.048*[#  23]+0.048*[#   1]+0.046*[#  11]
          +0.039*[#  15]+0.039*[#  18]+0.037*[#  25]+0.037*[#  26]+0.037*[#  28]
          +0.018*[#  16]+0.018*[#  17]+0.018*[#  19]+0.009*[#  20]+0.007*[#   2]
          +0.007*[#   3]+0.007*[#   4]+0.004*[#  24]+0.004*[#  27]+0.002*[#  10]
          
    |psi|^2 = 0.998
==== e(  11) =     8.88162 eV ==== 
     psi = 0.267*[#  24]+0.267*[#  27]+0.118*[#   5]+0.118*[#   8]+0.032*[#   6]
          +0.032*[#   7]+0.032*[#   9]+0.032*[#  15]+0.032*[#  18]+0.014*[#  16]
          +0.014*[#  17]+0.014*[#  19]+0.005*[#   2]+0.005*[#   3]+0.005*[#   4]
          +0.003*[#  25]+0.003*[#  26]+0.003*[#  28]+0.002*[#  20]
    |psi|^2 = 0.998
==== e(  12) =     9.26570 eV ==== 
     psi = 0.250*[#   5]+0.250*[#   8]+0.120*[#  24]+0.120*[#  27]+0.038*[#  15]
          +0.038*[#  18]+0.037*[#   6]+0.037*[#   7]+0.037*[#   9]+0.015*[#  16]
          +0.015*[#  17]+0.015*[#  19]+0.003*[#  25]+0.003*[#  26]+0.003*[#  28]
          +0.003*[#   2]+0.003*[#   3]+0.003*[#   4]+0.001*[#  20]+0.001*[#  21]
          +0.001*[#  22]+0.001*[#  23]
    |psi|^2 = 0.998
==== e(  13) =     9.78239 eV ==== 
     psi = 0.120*[#   6]+0.120*[#   7]+0.120*[#   9]+0.116*[#  16]+0.116*[#  17]
          +0.116*[#  19]+0.052*[#  15]+0.052*[#  18]+0.026*[#   5]+0.026*[#   8]
          +0.023*[#  25]+0.023*[#  26]+0.023*[#  28]+0.013*[#   1]+0.009*[#  21]
          +0.009*[#  22]+0.009*[#  23]+0.007*[#  24]+0.007*[#  27]+0.003*[#  20]
          +0.002*[#   2]+0.002*[#   3]+0.002*[#   4]
    |psi|^2 = 0.998
==== e(  14) =     9.95023 eV ==== 
     psi = 0.155*[#   6]+0.155*[#   7]+0.155*[#   9]+0.079*[#  24]+0.079*[#  27]
          +0.072*[#  16]+0.072*[#  17]+0.072*[#  19]+0.018*[#  25]+0.018*[#  26]
          +0.018*[#  28]+0.016*[#  15]+0.016*[#  18]+0.013*[#   5]+0.013*[#   8]
          +0.007*[#   2]+0.007*[#   3]+0.007*[#   4]+0.006*[#  21]+0.006*[#  22]
          +0.006*[#  23]+0.005*[#  20]+0.002*[#  11]
    |psi|^2 = 0.998
==== e(  15) =    10.14914 eV ==== 
     psi = 0.152*[#   6]+0.152*[#   7]+0.152*[#   9]+0.152*[#  16]+0.152*[#  17]
          +0.152*[#  19]+0.019*[#  24]+0.019*[#  27]+0.014*[#  20]+0.004*[#  15]
          +0.004*[#  18]+0.003*[#   2]+0.003*[#   3]+0.003*[#   4]+0.003*[#  21]
          +0.003*[#  22]+0.003*[#  23]+0.002*[#   1]+0.001*[#  25]+0.001*[#  26]
          +0.001*[#  28]
    |psi|^2 = 0.999
==== e(  16) =    10.36457 eV ==== 
     psi = 0.183*[#   5]+0.183*[#   8]+0.134*[#  15]+0.134*[#  18]+0.043*[#  25]
          +0.043*[#  26]+0.043*[#  28]+0.037*[#  11]+0.031*[#   6]+0.031*[#   7]
          +0.031*[#   9]+0.011*[#  21]+0.011*[#  22]+0.011*[#  23]+0.010*[#  16]
          +0.010*[#  17]+0.010*[#  19]+0.009*[#  24]+0.009*[#  27]+0.007*[#   2]
          +0.007*[#   3]+0.007*[#   4]
    |psi|^2 = 0.998
==== e(  17) =    10.53365 eV ==== 
     psi = 0.267*[#  15]+0.267*[#  18]+0.115*[#   5]+0.115*[#   8]+0.025*[#   6]
          +0.025*[#   7]+0.025*[#   9]+0.022*[#  25]+0.022*[#  26]+0.022*[#  28]
          +0.014*[#  24]+0.014*[#  27]+0.007*[#  16]+0.007*[#  17]+0.007*[#  19]
          +0.006*[#   2]+0.006*[#   3]+0.006*[#   4]+0.006*[#  21]+0.006*[#  22]
          +0.006*[#  23]+0.003*[#   1]+0.002*[#  11]
    |psi|^2 = 0.998
==== e(  18) =    11.29802 eV ==== 
     psi = 0.162*[#  15]+0.162*[#  18]+0.125*[#  16]+0.125*[#  17]+0.125*[#  19]
          +0.058*[#  25]+0.058*[#  26]+0.058*[#  28]+0.017*[#   1]+0.015*[#   6]
          +0.015*[#   7]+0.015*[#   9]+0.007*[#  24]+0.007*[#  27]+0.006*[#  21]
          +0.006*[#  22]+0.006*[#  23]+0.005*[#   2]+0.005*[#   3]+0.005*[#   4]
          +0.005*[#   5]+0.005*[#   8]+0.003*[#  20]
    |psi|^2 = 0.998
==== e(  19) =    11.48321 eV ==== 
     psi = 0.163*[#  16]+0.163*[#  17]+0.163*[#  19]+0.102*[#  25]+0.102*[#  26]
          +0.102*[#  28]+0.045*[#   6]+0.045*[#   7]+0.045*[#   9]+0.012*[#  15]
          +0.012*[#  18]+0.005*[#   5]+0.005*[#   8]+0.004*[#  21]+0.004*[#  22]
          +0.004*[#  23]+0.004*[#   2]+0.004*[#   3]+0.004*[#   4]+0.002*[#   1]
          +0.002*[#  20]+0.002*[#  24]+0.002*[#  27]
    |psi|^2 = 0.997
==== e(  20) =    11.78551 eV ==== 
     psi = 0.091*[#  16]+0.091*[#  17]+0.091*[#  19]+0.078*[#  24]+0.078*[#  27]
          +0.067*[#  15]+0.067*[#  18]+0.041*[#  25]+0.041*[#  26]+0.041*[#  28]
          +0.028*[#  20]+0.024*[#   6]+0.024*[#   7]+0.024*[#   9]+0.022*[#  21]
          +0.022*[#  22]+0.022*[#  23]+0.022*[#   2]+0.022*[#   3]+0.022*[#   4]
          +0.021*[#  11]+0.019*[#   1]+0.018*[#   5]+0.018*[#   8]
    |psi|^2 = 0.998
==== e(  21) =    12.14928 eV ==== 
     psi = 0.085*[#  20]+0.068*[#   2]+0.068*[#   3]+0.068*[#   4]+0.065*[#  15]
          +0.065*[#  18]+0.061*[#  21]+0.061*[#  22]+0.061*[#  23]+0.051*[#  16]
          +0.051*[#  17]+0.051*[#  19]+0.046*[#  11]+0.036*[#   1]+0.019*[#   5]
          +0.019*[#   8]+0.016*[#  24]+0.016*[#  27]+0.015*[#   6]+0.015*[#   7]
          +0.015*[#   9]+0.012*[#  25]+0.012*[#  26]+0.012*[#  28]
    |psi|^2 = 0.992
==== e(  22) =    13.00148 eV ==== 
     psi = 0.104*[#  21]+0.104*[#  22]+0.104*[#  23]+0.090*[#   2]+0.090*[#   3]
          +0.090*[#   4]+0.053*[#  11]+0.050*[#   1]+0.048*[#  24]+0.048*[#  27]
          +0.025*[#  25]+0.025*[#  26]+0.025*[#  28]+0.020*[#  15]+0.020*[#  18]
          +0.016*[#  16]+0.016*[#  17]+0.016*[#  19]+0.012*[#  20]+0.009*[#   5]
          +0.009*[#   8]+0.006*[#   6]+0.006*[#   7]+0.006*[#   9]
    |psi|^2 = 0.992
==== e(  23) =    13.88335 eV ==== 
     psi = 0.139*[#   2]+0.139*[#   3]+0.139*[#   4]+0.134*[#  21]+0.134*[#  22]
          +0.134*[#  23]+0.020*[#  24]+0.020*[#  27]+0.016*[#  11]+0.013*[#   1]
          +0.011*[#  15]+0.011*[#  18]+0.008*[#  25]+0.008*[#  26]+0.008*[#  28]
          +0.005*[#   5]+0.005*[#   8]+0.005*[#  16]+0.005*[#  17]+0.005*[#  19]
          +0.002*[#  20]+0.002*[#   6]+0.002*[#   7]+0.002*[#   9]
    |psi|^2 = 0.969
==== e(  24) =    19.58688 eV ==== 
     psi = 0.263*[#   1]+0.222*[#  11]+0.125*[#  20]+0.062*[#   2]+0.062*[#   3]
          +0.062*[#   4]+0.021*[#  25]+0.021*[#  26]+0.021*[#  28]+0.016*[#  21]
          +0.016*[#  22]+0.016*[#  23]+0.003*[#  10]+0.002*[#  16]+0.002*[#  17]
          +0.002*[#  19]+0.002*[#  15]+0.002*[#  18]+0.002*[#  24]+0.002*[#  27]
          +0.001*[#   6]+0.001*[#   7]+0.001*[#   9]
    |psi|^2 = 0.933
==== e(  25) =    20.72819 eV ==== 
     psi = 0.276*[#  20]+0.105*[#   1]+0.091*[#  11]+0.091*[#   2]+0.091*[#   3]
          +0.091*[#   4]+0.026*[#  21]+0.026*[#  22]+0.026*[#  23]+0.007*[#  25]
          +0.007*[#  26]+0.007*[#  28]+0.004*[#  16]+0.004*[#  17]+0.004*[#  19]
          +0.002*[#  10]+0.002*[#   6]+0.002*[#   7]+0.002*[#   9]+0.002*[#  24]
          +0.002*[#  27]
    |psi|^2 = 0.867
==== e(  26) =    25.00573 eV ==== 
     psi = 0.095*[#   1]+0.094*[#   2]+0.094*[#   3]+0.094*[#   4]+0.082*[#  11]
          +0.065*[#  21]+0.065*[#  22]+0.065*[#  23]+0.017*[#  20]+0.004*[#  10]
          +0.003*[#  25]+0.003*[#  26]+0.003*[#  28]+0.002*[#  15]+0.002*[#  18]
          
    |psi|^2 = 0.691
==== e(  27) =    26.55710 eV ==== 
     psi = 0.059*[#   2]+0.059*[#   3]+0.059*[#   4]+0.058*[#  20]+0.048*[#  21]
          +0.048*[#  22]+0.048*[#  23]+0.002*[#   1]+0.001*[#  11]
    |psi|^2 = 0.392
==== e(  28) =    27.27517 eV ==== 
     psi = 0.034*[#  11]+0.031*[#   2]+0.031*[#   3]+0.031*[#   4]+0.028*[#   1]
          +0.027*[#  21]+0.027*[#  22]+0.027*[#  23]+0.007*[#  20]+0.003*[#  10]
          
    |psi|^2 = 0.252

 k =   0.6666666667  0.0000000000  0.8333333333
==== e(   1) =   -91.24294 eV ==== 
     psi = 0.960*[#  10]+0.009*[#  21]+0.009*[#  22]+0.009*[#  23]+0.005*[#  11]
          +0.001*[#   2]+0.001*[#   3]+0.001*[#   4]+0.001*[#  25]+0.001*[#  26]
          +0.001*[#  28]
    |psi|^2 = 1.000
==== e(   2) =   -51.63483 eV ==== 
     psi = 0.332*[#  12]+0.332*[#  13]+0.332*[#  14]+0.001*[#  20]
    |psi|^2 = 1.000
==== e(   3) =   -51.63448 eV ==== 
     psi = 0.332*[#  12]+0.332*[#  13]+0.332*[#  14]
    |psi|^2 = 1.000
==== e(   4) =   -51.63437 eV ==== 
     psi = 0.333*[#  12]+0.333*[#  13]+0.333*[#  14]
    |psi|^2 = 1.000
==== e(   5) =     6.79444 eV ==== 
     psi = 0.180*[#  25]+0.180*[#  26]+0.180*[#  28]+0.085*[#   1]+0.063*[#  11]
          +0.044*[#   5]+0.044*[#   8]+0.036*[#  15]+0.036*[#  18]+0.035*[#  20]
          +0.012*[#   2]+0.012*[#   3]+0.012*[#   4]+0.012*[#  21]+0.012*[#  22]
          +0.012*[#  23]+0.008*[#   6]+0.008*[#   7]+0.008*[#   9]+0.006*[#  16]
          +0.006*[#  17]+0.006*[#  19]+0.002*[#  10]
    |psi|^2 = 0.999
==== e(   6) =     7.28204 eV ==== 
     psi = 0.169*[#  25]+0.169*[#  26]+0.169*[#  28]+0.072*[#   1]+0.066*[#  11]
          +0.042*[#   5]+0.042*[#   8]+0.031*[#  21]+0.031*[#  22]+0.031*[#  23]
          +0.027*[#   6]+0.027*[#   7]+0.027*[#   9]+0.025*[#  15]+0.025*[#  18]
          +0.012*[#  16]+0.012*[#  17]+0.012*[#  19]+0.003*[#  10]+0.001*[#   2]
          +0.001*[#   3]+0.001*[#   4]
    |psi|^2 = 0.999
==== e(   7) =     7.50046 eV ==== 
     psi = 0.288*[#  24]+0.288*[#  27]+0.061*[#   6]+0.061*[#   7]+0.061*[#   9]
          +0.033*[#   2]+0.033*[#   3]+0.033*[#   4]+0.027*[#  16]+0.027*[#  17]
          +0.027*[#  19]+0.010*[#  21]+0.010*[#  22]+0.010*[#  23]+0.006*[#   5]
          +0.006*[#   8]+0.004*[#  25]+0.004*[#  26]+0.004*[#  28]+0.001*[#  15]
          +0.001*[#  18]
    |psi|^2 = 0.998
==== e(   8) =     7.62304 eV ==== 
     psi = 0.279*[#  20]+0.093*[#   6]+0.093*[#   7]+0.093*[#   9]+0.069*[#   2]
          +0.069*[#   3]+0.069*[#   4]+0.049*[#  16]+0.049*[#  17]+0.049*[#  19]
          +0.019*[#  25]+0.019*[#  26]+0.019*[#  28]+0.005*[#   5]+0.005*[#   8]
          +0.005*[#  15]+0.005*[#  18]+0.002*[#  24]+0.002*[#  27]
    |psi|^2 = 0.998
==== e(   9) =     7.85627 eV ==== 
     psi = 0.197*[#  25]+0.197*[#  26]+0.197*[#  28]+0.064*[#   6]+0.064*[#   7]
          +0.064*[#   9]+0.040*[#  16]+0.040*[#  17]+0.040*[#  19]+0.019*[#   5]
          +0.019*[#   8]+0.009*[#  24]+0.009*[#  27]+0.009*[#  15]+0.009*[#  18]
          +0.004*[#   2]+0.004*[#   3]+0.004*[#   4]+0.002*[#   1]+0.002*[#  11]
          +0.002*[#  21]+0.002*[#  22]+0.002*[#  23]
    |psi|^2 = 0.999
==== e(  10) =     8.76547 eV ==== 
     psi = 0.299*[#  24]+0.299*[#  27]+0.049*[#   6]+0.049*[#   7]+0.049*[#   9]
          +0.040*[#   5]+0.040*[#   8]+0.024*[#  16]+0.024*[#  17]+0.024*[#  19]
          +0.009*[#   2]+0.009*[#   3]+0.009*[#   4]+0.008*[#  25]+0.008*[#  26]
          +0.008*[#  28]+0.007*[#  15]+0.007*[#  18]+0.006*[#  21]+0.006*[#  22]
          +0.006*[#  23]+0.006*[#  11]+0.006*[#   1]+0.002*[#  20]
    |psi|^2 = 0.998
==== e(  11) =     8.87320 eV ==== 
     psi = 0.114*[#   5]+0.114*[#   8]+0.074*[#  24]+0.074*[#  27]+0.070*[#   6]
          +0.070*[#   7]+0.070*[#   9]+0.035*[#  21]+0.035*[#  22]+0.035*[#  23]
          +0.034*[#  11]+0.032*[#   1]+0.029*[#  15]+0.029*[#  18]+0.025*[#  25]
          +0.025*[#  26]+0.025*[#  28]+0.024*[#  16]+0.024*[#  17]+0.024*[#  19]
          +0.010*[#   2]+0.010*[#   3]+0.010*[#   4]+0.002*[#  20]+0.001*[#  10]
          
    |psi|^2 = 0.998
==== e(  12) =     9.19052 eV ==== 
     psi = 0.356*[#   5]+0.356*[#   8]+0.063*[#   6]+0.063*[#   7]+0.063*[#   9]
          +0.036*[#  15]+0.036*[#  18]+0.005*[#  21]+0.005*[#  22]+0.005*[#  23]
          +0.003*[#   1]+0.001*[#  25]+0.001*[#  26]+0.001*[#  28]
    |psi|^2 = 0.997
==== e(  13) =     9.82820 eV ==== 
     psi = 0.105*[#  16]+0.105*[#  17]+0.105*[#  19]+0.095*[#  15]+0.095*[#  18]
          +0.075*[#   6]+0.075*[#   7]+0.075*[#   9]+0.044*[#   5]+0.044*[#   8]
          +0.020*[#  25]+0.020*[#  26]+0.020*[#  28]+0.018*[#   1]+0.014*[#  24]
          +0.014*[#  27]+0.012*[#  21]+0.012*[#  22]+0.012*[#  23]+0.011*[#  20]
          +0.008*[#   2]+0.008*[#   3]+0.008*[#   4]+0.001*[#  11]
    |psi|^2 = 0.998
==== e(  14) =     9.97969 eV ==== 
     psi = 0.133*[#   6]+0.133*[#   7]+0.133*[#   9]+0.091*[#  16]+0.091*[#  17]
          +0.091*[#  19]+0.076*[#  15]+0.076*[#  18]+0.033*[#  24]+0.033*[#  27]
          +0.013*[#  20]+0.011*[#   2]+0.011*[#   3]+0.011*[#   4]+0.008*[#   5]
          +0.008*[#   8]+0.008*[#  25]+0.008*[#  26]+0.008*[#  28]+0.006*[#  21]
          +0.006*[#  22]+0.006*[#  23]+0.005*[#  11]+0.002*[#   1]
    |psi|^2 = 0.998
==== e(  15) =    10.10152 eV ==== 
     psi = 0.133*[#   6]+0.133*[#   7]+0.133*[#   9]+0.110*[#  16]+0.110*[#  17]
          +0.110*[#  19]+0.055*[#  24]+0.055*[#  27]+0.016*[#  21]+0.016*[#  22]
          +0.016*[#  23]+0.015*[#  15]+0.015*[#  18]+0.013*[#  25]+0.013*[#  26]
          +0.013*[#  28]+0.009*[#   1]+0.007*[#   2]+0.007*[#   3]+0.007*[#   4]
          +0.003*[#  20]+0.002*[#   5]+0.002*[#   8]+0.001*[#  11]
    |psi|^2 = 0.997
==== e(  16) =    10.25581 eV ==== 
     psi = 0.139*[#  15]+0.139*[#  18]+0.115*[#   5]+0.115*[#   8]+0.053*[#   6]
          +0.053*[#   7]+0.053*[#   9]+0.041*[#  16]+0.041*[#  17]+0.041*[#  19]
          +0.036*[#  11]+0.024*[#  25]+0.024*[#  26]+0.024*[#  28]+0.014*[#  21]
          +0.014*[#  22]+0.014*[#  23]+0.014*[#  24]+0.014*[#  27]+0.010*[#   2]
          +0.010*[#   3]+0.010*[#   4]+0.001*[#   1]+0.001*[#  10]
    |psi|^2 = 0.998
==== e(  17) =    10.46677 eV ==== 
     psi = 0.161*[#  15]+0.161*[#  18]+0.135*[#   5]+0.135*[#   8]+0.064*[#   6]
          +0.064*[#   7]+0.064*[#   9]+0.040*[#  25]+0.040*[#  26]+0.040*[#  28]
          +0.033*[#  24]+0.033*[#  27]+0.007*[#  11]+0.003*[#   2]+0.003*[#   3]
          +0.003*[#   4]+0.003*[#  21]+0.003*[#  22]+0.003*[#  23]+0.001*[#   1]
          +0.001*[#  16]+0.001*[#  17]+0.001*[#  19]
    |psi|^2 = 0.999
==== e(  18) =    11.26423 eV ==== 
     psi = 0.190*[#  15]+0.190*[#  18]+0.107*[#  16]+0.107*[#  17]+0.107*[#  19]
          +0.034*[#  25]+0.034*[#  26]+0.034*[#  28]+0.033*[#   1]+0.015*[#  21]
          +0.015*[#  22]+0.015*[#  23]+0.014*[#   5]+0.014*[#   8]+0.012*[#   6]
          +0.012*[#   7]+0.012*[#   9]+0.010*[#  24]+0.010*[#  27]+0.009*[#   2]
          +0.009*[#   3]+0.009*[#   4]+0.006*[#  20]
    |psi|^2 = 0.997
==== e(  19) =    11.50537 eV ==== 
     psi = 0.154*[#  16]+0.154*[#  17]+0.154*[#  19]+0.094*[#  25]+0.094*[#  26]
          +0.094*[#  28]+0.036*[#   6]+0.036*[#   7]+0.036*[#   9]+0.016*[#   2]
          +0.016*[#   3]+0.016*[#   4]+0.015*[#  21]+0.015*[#  22]+0.015*[#  23]
          +0.011*[#  20]+0.010*[#  15]+0.010*[#  18]+0.006*[#   5]+0.006*[#   8]
          +0.005*[#   1]+0.002*[#  11]
    |psi|^2 = 0.997
==== e(  20) =    11.58605 eV ==== 
     psi = 0.124*[#  16]+0.124*[#  17]+0.124*[#  19]+0.063*[#  25]+0.063*[#  26]
          +0.063*[#  28]+0.048*[#  15]+0.048*[#  18]+0.046*[#  20]+0.040*[#   2]
          +0.040*[#   3]+0.040*[#   4]+0.024*[#   6]+0.024*[#   7]+0.024*[#   9]
          +0.018*[#  21]+0.018*[#  22]+0.018*[#  23]+0.014*[#  24]+0.014*[#  27]
          +0.011*[#  11]+0.002*[#   1]+0.001*[#   5]+0.001*[#   8]
    |psi|^2 = 0.996
==== e(  21) =    12.32342 eV ==== 
     psi = 0.104*[#  11]+0.066*[#  21]+0.066*[#  22]+0.066*[#  23]+0.053*[#   2]
          +0.053*[#   3]+0.053*[#   4]+0.044*[#  15]+0.044*[#  18]+0.042*[#  24]
          +0.042*[#  27]+0.040*[#  25]+0.040*[#  26]+0.040*[#  28]+0.034*[#   5]
          +0.034*[#   8]+0.025*[#  20]+0.022*[#  16]+0.022*[#  17]+0.022*[#  19]
          +0.022*[#   6]+0.022*[#   7]+0.022*[#   9]+0.016*[#   1]+0.002*[#  10]
          
    |psi|^2 = 0.997
==== e(  22) =    12.44686 eV ==== 
     psi = 0.085*[#  24]+0.085*[#  27]+0.074*[#   1]+0.073*[#  21]+0.073*[#  22]
          +0.073*[#  23]+0.050*[#  15]+0.050*[#  18]+0.049*[#  16]+0.049*[#  17]
          +0.049*[#  19]+0.047*[#   2]+0.047*[#   3]+0.047*[#   4]+0.034*[#  20]
          +0.025*[#  25]+0.025*[#  26]+0.025*[#  28]+0.007*[#   6]+0.007*[#   7]
          +0.007*[#   9]+0.006*[#   5]+0.006*[#   8]+0.002*[#  11]
    |psi|^2 = 0.996
==== e(  23) =    14.39557 eV ==== 
     psi = 0.134*[#  21]+0.134*[#  22]+0.134*[#  23]+0.131*[#   2]+0.131*[#   3]
          +0.131*[#   4]+0.020*[#  11]+0.018*[#  24]+0.018*[#  27]+0.017*[#   1]
          +0.016*[#  15]+0.016*[#  18]+0.007*[#   5]+0.007*[#   8]+0.007*[#  20]
          +0.005*[#  25]+0.005*[#  26]+0.005*[#  28]+0.003*[#  16]+0.003*[#  17]
          +0.003*[#  19]+0.002*[#   6]+0.002*[#   7]+0.002*[#   9]
    |psi|^2 = 0.955
==== e(  24) =    19.72663 eV ==== 
     psi = 0.233*[#   1]+0.183*[#  11]+0.110*[#  20]+0.079*[#   2]+0.079*[#   3]
          +0.079*[#   4]+0.024*[#  21]+0.024*[#  22]+0.024*[#  23]+0.017*[#  25]
          +0.017*[#  26]+0.017*[#  28]+0.003*[#  16]+0.003*[#  17]+0.003*[#  19]
          +0.002*[#  24]+0.002*[#  27]+0.002*[#  10]+0.002*[#  15]+0.002*[#  18]
          +0.001*[#   6]+0.001*[#   7]+0.001*[#   9]
    |psi|^2 = 0.910
==== e(  25) =    22.19500 eV ==== 
     psi = 0.225*[#  20]+0.101*[#   1]+0.086*[#  11]+0.086*[#   2]+0.086*[#   3]
          +0.086*[#   4]+0.029*[#  21]+0.029*[#  22]+0.029*[#  23]+0.005*[#  25]
          +0.005*[#  26]+0.005*[#  28]+0.002*[#  10]+0.002*[#  16]+0.002*[#  17]
          +0.002*[#  19]+0.001*[#   6]+0.001*[#   7]+0.001*[#   9]
    |psi|^2 = 0.786
==== e(  26) =    24.26366 eV ==== 
     psi = 0.124*[#   1]+0.113*[#  11]+0.099*[#   2]+0.099*[#   3]+0.099*[#   4]
          +0.054*[#  21]+0.054*[#  22]+0.054*[#  23]+0.005*[#  10]+0.005*[#  25]
          +0.005*[#  26]+0.005*[#  28]+0.002*[#  15]+0.002*[#  18]+0.001*[#  20]
          
    |psi|^2 = 0.722
==== e(  27) =    25.20624 eV ==== 
     psi = 0.121*[#  20]+0.066*[#   2]+0.066*[#   3]+0.066*[#   4]+0.055*[#  21]
          +0.055*[#  22]+0.055*[#  23]+0.006*[#  11]+0.003*[#   1]+0.001*[#  16]
          +0.001*[#  17]+0.001*[#  19]+0.001*[#  24]+0.001*[#  27]
    |psi|^2 = 0.504
==== e(  28) =    26.48839 eV ==== 
     psi = 0.070*[#  11]+0.050*[#   1]+0.037*[#   2]+0.037*[#   3]+0.037*[#   4]
          +0.037*[#  21]+0.037*[#  22]+0.037*[#  23]+0.011*[#  20]+0.005*[#  10]
          
    |psi|^2 = 0.365

 k =  -0.1666666667 -1.0000000000 -0.0000000000
==== e(   1) =   -91.24282 eV ==== 
     psi = 0.957*[#  10]+0.011*[#  21]+0.011*[#  22]+0.011*[#  23]+0.006*[#  11]
          +0.001*[#  25]+0.001*[#  26]+0.001*[#  28]
    |psi|^2 = 1.000
==== e(   2) =   -51.63488 eV ==== 
     psi = 0.332*[#  12]+0.332*[#  13]+0.332*[#  14]+0.001*[#   2]+0.001*[#   3]
          +0.001*[#   4]
    |psi|^2 = 1.000
==== e(   3) =   -51.63436 eV ==== 
     psi = 0.332*[#  12]+0.332*[#  13]+0.332*[#  14]
    |psi|^2 = 1.000
==== e(   4) =   -51.63429 eV ==== 
     psi = 0.332*[#  12]+0.332*[#  13]+0.332*[#  14]
    |psi|^2 = 1.000
==== e(   5) =     6.75467 eV ==== 
     psi = 0.213*[#  25]+0.213*[#  26]+0.213*[#  28]+0.074*[#   1]+0.062*[#  11]
          +0.058*[#   5]+0.058*[#   8]+0.045*[#  15]+0.045*[#  18]+0.002*[#  21]
          +0.002*[#  22]+0.002*[#  23]+0.002*[#   6]+0.002*[#   7]+0.002*[#   9]
          +0.001*[#  16]+0.001*[#  17]+0.001*[#  19]+0.001*[#  10]
    |psi|^2 = 0.999
==== e(   6) =     7.30787 eV ==== 
     psi = 0.304*[#  24]+0.304*[#  27]+0.062*[#   2]+0.062*[#   3]+0.062*[#   4]
          +0.039*[#   6]+0.039*[#   7]+0.039*[#   9]+0.021*[#  16]+0.021*[#  17]
          +0.021*[#  19]+0.014*[#  20]+0.003*[#  21]+0.003*[#  22]+0.003*[#  23]
          
    |psi|^2 = 0.997
==== e(   7) =     7.55240 eV ==== 
     psi = 0.136*[#  25]+0.136*[#  26]+0.136*[#  28]+0.071*[#   1]+0.064*[#  11]
          +0.048*[#   5]+0.048*[#   8]+0.046*[#  21]+0.046*[#  22]+0.046*[#  23]
          +0.036*[#   6]+0.036*[#   7]+0.036*[#   9]+0.029*[#  15]+0.029*[#  18]
          +0.018*[#  16]+0.018*[#  17]+0.018*[#  19]+0.003*[#  10]
    |psi|^2 = 0.999
==== e(   8) =     7.60657 eV ==== 
     psi = 0.308*[#  20]+0.104*[#   6]+0.104*[#   7]+0.104*[#   9]+0.069*[#   2]
          +0.069*[#   3]+0.069*[#   4]+0.056*[#  16]+0.056*[#  17]+0.056*[#  19]
          
    |psi|^2 = 0.997
==== e(   9) =     7.91271 eV ==== 
     psi = 0.199*[#  25]+0.199*[#  26]+0.199*[#  28]+0.089*[#   6]+0.089*[#   7]
          +0.089*[#   9]+0.042*[#  16]+0.042*[#  17]+0.042*[#  19]+0.002*[#  24]
          +0.002*[#  27]+0.001*[#   2]+0.001*[#   3]+0.001*[#   4]
    |psi|^2 = 0.999
==== e(  10) =     8.31574 eV ==== 
     psi = 0.097*[#   5]+0.097*[#   8]+0.063*[#   1]+0.060*[#   6]+0.060*[#   7]
          +0.060*[#   9]+0.060*[#  25]+0.060*[#  26]+0.060*[#  28]+0.059*[#  21]
          +0.059*[#  22]+0.059*[#  23]+0.058*[#  11]+0.041*[#  15]+0.041*[#  18]
          +0.018*[#  16]+0.018*[#  17]+0.018*[#  19]+0.003*[#   2]+0.003*[#   3]
          +0.003*[#   4]+0.003*[#  10]
    |psi|^2 = 0.998
==== e(  11) =     9.08685 eV ==== 
     psi = 0.378*[#   5]+0.378*[#   8]+0.093*[#  15]+0.093*[#  18]+0.016*[#   6]
          +0.016*[#   7]+0.016*[#   9]+0.001*[#  25]+0.001*[#  26]+0.001*[#  28]
          
    |psi|^2 = 0.997
==== e(  12) =     9.19827 eV ==== 
     psi = 0.418*[#  24]+0.418*[#  27]+0.026*[#   6]+0.026*[#   7]+0.026*[#   9]
          +0.021*[#  16]+0.021*[#  17]+0.021*[#  19]+0.004*[#   2]+0.004*[#   3]
          +0.004*[#   4]+0.003*[#  25]+0.003*[#  26]+0.003*[#  28]+0.002*[#  20]
          
    |psi|^2 = 0.999
==== e(  13) =     9.75896 eV ==== 
     psi = 0.159*[#   6]+0.159*[#   7]+0.159*[#   9]+0.123*[#  16]+0.123*[#  17]
          +0.123*[#  19]+0.022*[#  25]+0.022*[#  26]+0.022*[#  28]+0.021*[#  15]
          +0.021*[#  18]+0.012*[#   5]+0.012*[#   8]+0.005*[#   1]+0.004*[#  21]
          +0.004*[#  22]+0.004*[#  23]
    |psi|^2 = 0.998
==== e(  14) =     9.89402 eV ==== 
     psi = 0.166*[#   6]+0.166*[#   7]+0.166*[#   9]+0.087*[#  16]+0.087*[#  17]
          +0.087*[#  19]+0.080*[#  24]+0.080*[#  27]+0.019*[#  25]+0.019*[#  26]
          +0.019*[#  28]+0.003*[#  21]+0.003*[#  22]+0.003*[#  23]+0.003*[#   2]
          +0.003*[#   3]+0.003*[#   4]+0.003*[#  20]
    |psi|^2 = 0.998
==== e(  15) =    10.19543 eV ==== 
     psi = 0.163*[#   6]+0.163*[#   7]+0.163*[#   9]+0.153*[#  16]+0.153*[#  17]
          +0.153*[#  19]+0.018*[#  20]+0.013*[#  24]+0.013*[#  27]+0.003*[#   2]
          +0.003*[#   3]+0.003*[#   4]
    |psi|^2 = 0.999
==== e(  16) =    10.42774 eV ==== 
     psi = 0.242*[#   5]+0.242*[#   8]+0.096*[#  15]+0.096*[#  18]+0.063*[#  25]
          +0.063*[#  26]+0.063*[#  28]+0.040*[#  11]+0.017*[#   6]+0.017*[#   7]
          +0.017*[#   9]+0.012*[#  21]+0.012*[#  22]+0.012*[#  23]+0.002*[#   1]
          +0.002*[#   2]+0.002*[#   3]+0.002*[#   4]+0.001*[#  10]
    |psi|^2 = 0.999
==== e(  17) =    10.64214 eV ==== 
     psi = 0.359*[#  15]+0.359*[#  18]+0.106*[#   5]+0.106*[#   8]+0.006*[#   2]
          +0.006*[#   3]+0.006*[#   4]+0.005*[#  25]+0.005*[#  26]+0.005*[#  28]
          +0.005*[#  21]+0.005*[#  22]+0.005*[#  23]+0.004*[#   6]+0.004*[#   7]
          +0.004*[#   9]+0.003*[#  16]+0.003*[#  17]+0.003*[#  19]+0.001*[#   1]
          
    |psi|^2 = 0.998
==== e(  18) =    11.40763 eV ==== 
     psi = 0.139*[#  16]+0.139*[#  17]+0.139*[#  19]+0.110*[#  15]+0.110*[#  18]
          +0.080*[#  25]+0.080*[#  26]+0.080*[#  28]+0.028*[#   6]+0.028*[#   7]
          +0.028*[#   9]+0.013*[#   1]+0.004*[#   5]+0.004*[#   8]+0.004*[#  11]
          +0.003*[#  21]+0.003*[#  22]+0.003*[#  23]
    |psi|^2 = 0.998
==== e(  19) =    11.52682 eV ==== 
     psi = 0.171*[#  16]+0.171*[#  17]+0.171*[#  19]+0.110*[#  25]+0.110*[#  26]
          +0.110*[#  28]+0.049*[#   6]+0.049*[#   7]+0.049*[#   9]+0.002*[#   2]
          +0.002*[#   3]+0.002*[#   4]+0.001*[#  20]
    |psi|^2 = 0.998
==== e(  20) =    11.89265 eV ==== 
     psi = 0.188*[#  15]+0.188*[#  18]+0.067*[#  11]+0.065*[#   1]+0.058*[#  21]
          +0.058*[#  22]+0.058*[#  23]+0.047*[#   5]+0.047*[#   8]+0.033*[#  25]
          +0.033*[#  26]+0.033*[#  28]+0.027*[#  16]+0.027*[#  17]+0.027*[#  19]
          +0.011*[#   6]+0.011*[#   7]+0.011*[#   9]+0.002*[#   2]+0.002*[#   3]
          +0.002*[#   4]+0.002*[#  10]
    |psi|^2 = 0.998
==== e(  21) =    12.07065 eV ==== 
     psi = 0.141*[#  24]+0.141*[#  27]+0.110*[#  20]+0.105*[#  16]+0.105*[#  17]
          +0.105*[#  19]+0.066*[#   2]+0.066*[#   3]+0.066*[#   4]+0.027*[#   6]
          +0.027*[#   7]+0.027*[#   9]+0.003*[#  21]+0.003*[#  22]+0.003*[#  23]
          
    |psi|^2 = 0.996
==== e(  22) =    13.24704 eV ==== 
     psi = 0.146*[#  21]+0.146*[#  22]+0.146*[#  23]+0.128*[#   2]+0.128*[#   3]
          +0.128*[#   4]+0.036*[#  11]+0.029*[#   1]+0.014*[#  25]+0.014*[#  26]
          +0.014*[#  28]+0.012*[#  15]+0.012*[#  18]+0.005*[#   5]+0.005*[#   8]
          +0.003*[#  16]+0.003*[#  17]+0.003*[#  19]
    |psi|^2 = 0.977
==== e(  23) =    13.35935 eV ==== 
     psi = 0.165*[#   2]+0.165*[#   3]+0.165*[#   4]+0.134*[#  21]+0.134*[#  22]
          +0.134*[#  23]+0.032*[#  24]+0.032*[#  27]+0.002*[#  20]+0.002*[#  16]
          +0.002*[#  17]+0.002*[#  19]
    |psi|^2 = 0.975
==== e(  24) =    19.36045 eV ==== 
     psi = 0.400*[#   1]+0.356*[#  11]+0.035*[#  25]+0.035*[#  26]+0.035*[#  28]
          +0.021*[#   2]+0.021*[#   3]+0.021*[#   4]+0.011*[#  21]+0.011*[#  22]
          +0.011*[#  23]+0.004*[#  10]+0.003*[#  15]+0.003*[#  18]+0.002*[#   5]
          +0.002*[#   8]
    |psi|^2 = 0.970
==== e(  25) =    19.71414 eV ==== 
     psi = 0.463*[#  20]+0.117*[#   2]+0.117*[#   3]+0.117*[#   4]+0.011*[#  21]
          +0.011*[#  22]+0.011*[#  23]+0.007*[#  16]+0.007*[#  17]+0.007*[#  19]
          +0.006*[#  24]+0.006*[#  27]+0.003*[#   6]+0.003*[#   7]+0.003*[#   9]
          
    |psi|^2 = 0.894
==== e(  26) =    26.38615 eV ==== 
     psi = 0.083*[#   2]+0.083*[#   3]+0.083*[#   4]+0.066*[#   1]+0.057*[#  21]
          +0.057*[#  22]+0.057*[#  23]+0.056*[#  11]+0.004*[#  10]+0.002*[#  25]
          +0.002*[#  26]+0.002*[#  28]+0.002*[#  15]+0.002*[#  18]
    |psi|^2 = 0.558
==== e(  27) =    27.55676 eV ==== 
     psi = 0.055*[#  21]+0.055*[#  22]+0.055*[#  23]+0.046*[#   2]+0.046*[#   3]
          +0.046*[#   4]+0.039*[#  20]+0.001*[#  24]+0.001*[#  27]
    |psi|^2 = 0.346
==== e(  28) =    28.21403 eV ==== 
     psi = 0.037*[#   2]+0.037*[#   3]+0.037*[#   4]+0.014*[#  21]+0.014*[#  22]
          +0.014*[#  23]+0.003*[#  20]
    |psi|^2 = 0.158

 k =   0.6666666667 -0.3333333333  1.0000000000
==== e(   1) =   -91.24287 eV ==== 
     psi = 0.956*[#  10]+0.008*[#  21]+0.008*[#  22]+0.008*[#  23]+0.006*[#  11]
          +0.004*[#   2]+0.004*[#   3]+0.004*[#   4]
    |psi|^2 = 1.000
==== e(   2) =   -51.63464 eV ==== 
     psi = 0.332*[#  12]+0.332*[#  13]+0.332*[#  14]+0.001*[#  20]
    |psi|^2 = 1.000
==== e(   3) =   -51.63442 eV ==== 
     psi = 0.332*[#  12]+0.332*[#  13]+0.332*[#  14]
    |psi|^2 = 1.000
==== e(   4) =   -51.63437 eV ==== 
     psi = 0.333*[#  12]+0.333*[#  13]+0.333*[#  14]
    |psi|^2 = 1.000
==== e(   5) =     6.10979 eV ==== 
     psi = 0.197*[#  20]+0.119*[#   1]+0.089*[#  11]+0.078*[#   2]+0.078*[#   3]
          +0.078*[#   4]+0.065*[#  21]+0.065*[#  22]+0.065*[#  23]+0.027*[#  25]
          +0.027*[#  26]+0.027*[#  28]+0.010*[#  10]+0.009*[#   6]+0.009*[#   7]
          +0.009*[#   9]+0.007*[#  16]+0.007*[#  17]+0.007*[#  19]+0.005*[#  15]
          +0.005*[#  18]+0.004*[#   5]+0.004*[#   8]+0.003*[#  24]+0.003*[#  27]
          
    |psi|^2 = 0.997
==== e(   6) =     7.10122 eV ==== 
     psi = 0.219*[#  25]+0.219*[#  26]+0.219*[#  28]+0.058*[#  11]+0.055*[#   1]
          +0.050*[#   5]+0.050*[#   8]+0.025*[#  15]+0.025*[#  18]+0.012*[#   6]
          +0.012*[#   7]+0.012*[#   9]+0.006*[#  21]+0.006*[#  22]+0.006*[#  23]
          +0.005*[#  16]+0.005*[#  17]+0.005*[#  19]+0.002*[#   2]+0.002*[#   3]
          +0.002*[#   4]+0.001*[#  10]
    |psi|^2 = 0.998
==== e(   7) =     7.59882 eV ==== 
     psi = 0.263*[#  24]+0.263*[#  27]+0.053*[#   6]+0.053*[#   7]+0.053*[#   9]
          +0.034*[#   5]+0.034*[#   8]+0.027*[#  25]+0.027*[#  26]+0.027*[#  28]
          +0.025*[#  15]+0.025*[#  18]+0.018*[#   2]+0.018*[#   3]+0.018*[#   4]
          +0.014*[#  16]+0.014*[#  17]+0.014*[#  19]+0.005*[#   1]+0.004*[#  21]
          +0.004*[#  22]+0.004*[#  23]
    |psi|^2 = 0.997
==== e(   8) =     7.73462 eV ==== 
     psi = 0.143*[#  25]+0.143*[#  26]+0.143*[#  28]+0.089*[#   6]+0.089*[#   7]
          +0.089*[#   9]+0.057*[#  20]+0.043*[#  16]+0.043*[#  17]+0.043*[#  19]
          +0.026*[#   5]+0.026*[#   8]+0.014*[#  15]+0.014*[#  18]+0.009*[#  24]
          +0.009*[#  27]+0.007*[#   2]+0.007*[#   3]+0.007*[#   4]
    |psi|^2 = 0.998
==== e(   9) =     7.84651 eV ==== 
     psi = 0.202*[#  25]+0.202*[#  26]+0.202*[#  28]+0.050*[#   6]+0.050*[#   7]
          +0.050*[#   9]+0.046*[#  16]+0.046*[#  17]+0.046*[#  19]+0.021*[#  24]
          +0.021*[#  27]+0.009*[#  15]+0.009*[#  18]+0.007*[#   5]+0.007*[#   8]
          +0.007*[#   2]+0.007*[#   3]+0.007*[#   4]+0.002*[#  20]+0.001*[#  11]
          +0.001*[#   1]
    |psi|^2 = 0.999
==== e(  10) =     8.33137 eV ==== 
     psi = 0.259*[#  24]+0.259*[#  27]+0.110*[#   5]+0.110*[#   8]+0.047*[#  15]
          +0.047*[#  18]+0.033*[#   6]+0.033*[#   7]+0.033*[#   9]+0.011*[#  16]
          +0.011*[#  17]+0.011*[#  19]+0.006*[#   2]+0.006*[#   3]+0.006*[#   4]
          +0.004*[#  20]+0.002*[#  25]+0.002*[#  26]+0.002*[#  28]+0.001*[#  21]
          +0.001*[#  22]+0.001*[#  23]
    |psi|^2 = 0.997
==== e(  11) =     8.88276 eV ==== 
     psi = 0.143*[#   5]+0.143*[#   8]+0.138*[#   6]+0.138*[#   7]+0.138*[#   9]
          +0.024*[#  15]+0.024*[#  18]+0.023*[#  21]+0.023*[#  22]+0.023*[#  23]
          +0.021*[#  11]+0.018*[#  16]+0.018*[#  17]+0.018*[#  19]+0.018*[#  20]
          +0.016*[#  25]+0.016*[#  26]+0.016*[#  28]+0.010*[#   1]+0.007*[#   2]
          +0.007*[#   3]+0.007*[#   4]+0.004*[#  24]+0.004*[#  27]
    |psi|^2 = 0.998
==== e(  12) =     9.57715 eV ==== 
     psi = 0.165*[#   6]+0.165*[#   7]+0.165*[#   9]+0.080*[#   5]+0.080*[#   8]
          +0.029*[#  24]+0.029*[#  27]+0.026*[#  16]+0.026*[#  17]+0.026*[#  19]
          +0.024*[#  15]+0.024*[#  18]+0.016*[#  21]+0.016*[#  22]+0.016*[#  23]
          +0.016*[#  11]+0.015*[#  25]+0.015*[#  26]+0.015*[#  28]+0.014*[#   2]
          +0.014*[#   3]+0.014*[#   4]+0.005*[#   1]
    |psi|^2 = 0.998
==== e(  13) =     9.65175 eV ==== 
     psi = 0.144*[#   5]+0.144*[#   8]+0.094*[#   6]+0.094*[#   7]+0.094*[#   9]
          +0.078*[#  16]+0.078*[#  17]+0.078*[#  19]+0.059*[#  24]+0.059*[#  27]
          +0.013*[#   1]+0.009*[#  21]+0.009*[#  22]+0.009*[#  23]+0.006*[#  25]
          +0.006*[#  26]+0.006*[#  28]+0.005*[#  15]+0.005*[#  18]+0.001*[#   2]
          +0.001*[#   3]+0.001*[#   4]+0.001*[#  20]
    |psi|^2 = 0.998
==== e(  14) =     9.75744 eV ==== 
     psi = 0.120*[#   5]+0.120*[#   8]+0.077*[#   6]+0.077*[#   7]+0.077*[#   9]
          +0.066*[#  15]+0.066*[#  18]+0.045*[#  16]+0.045*[#  17]+0.045*[#  19]
          +0.043*[#  25]+0.043*[#  26]+0.043*[#  28]+0.024*[#  24]+0.024*[#  27]
          +0.013*[#  21]+0.013*[#  22]+0.013*[#  23]+0.010*[#   1]+0.008*[#   2]
          +0.008*[#   3]+0.008*[#   4]+0.005*[#  20]+0.002*[#  11]
    |psi|^2 = 0.998
==== e(  15) =    10.13275 eV ==== 
     psi = 0.192*[#  16]+0.192*[#  17]+0.192*[#  19]+0.109*[#   6]+0.109*[#   7]
          +0.109*[#   9]+0.011*[#  15]+0.011*[#  18]+0.011*[#  20]+0.009*[#  24]
          +0.009*[#  27]+0.007*[#  21]+0.007*[#  22]+0.007*[#  23]+0.005*[#   1]
          +0.005*[#   2]+0.005*[#   3]+0.005*[#   4]+0.001*[#   5]+0.001*[#   8]
          
    |psi|^2 = 0.998
==== e(  16) =    10.23087 eV ==== 
     psi = 0.142*[#  15]+0.142*[#  18]+0.121*[#   5]+0.121*[#   8]+0.081*[#  16]
          +0.081*[#  17]+0.081*[#  19]+0.029*[#  25]+0.029*[#  26]+0.029*[#  28]
          +0.018*[#  24]+0.018*[#  27]+0.016*[#   6]+0.016*[#   7]+0.016*[#   9]
          +0.010*[#  11]+0.008*[#  21]+0.008*[#  22]+0.008*[#  23]+0.008*[#   2]
          +0.008*[#   3]+0.008*[#   4]
    |psi|^2 = 0.998
==== e(  17) =    10.60258 eV ==== 
     psi = 0.173*[#  15]+0.173*[#  18]+0.093*[#  24]+0.093*[#  27]+0.073*[#   5]
          +0.073*[#   8]+0.056*[#   6]+0.056*[#   7]+0.056*[#   9]+0.022*[#  25]
          +0.022*[#  26]+0.022*[#  28]+0.020*[#  16]+0.020*[#  17]+0.020*[#  19]
          +0.004*[#   1]+0.003*[#  21]+0.003*[#  22]+0.003*[#  23]+0.003*[#   2]
          +0.003*[#   3]+0.003*[#  11]+0.003*[#   4]
    |psi|^2 = 0.998
==== e(  18) =    11.02121 eV ==== 
     psi = 0.151*[#  15]+0.151*[#  18]+0.130*[#  16]+0.130*[#  17]+0.130*[#  19]
          +0.042*[#  25]+0.042*[#  26]+0.042*[#  28]+0.033*[#   5]+0.033*[#   8]
          +0.024*[#  24]+0.024*[#  27]+0.010*[#   1]+0.008*[#   2]+0.008*[#   3]
          +0.008*[#   4]+0.006*[#  21]+0.006*[#  22]+0.006*[#  23]+0.004*[#   6]
          +0.004*[#   7]+0.004*[#   9]+0.003*[#  20]+0.003*[#  11]
    |psi|^2 = 0.998
==== e(  19) =    11.06480 eV ==== 
     psi = 0.096*[#  24]+0.096*[#  27]+0.086*[#  15]+0.086*[#  18]+0.079*[#  16]
          +0.079*[#  17]+0.079*[#  19]+0.049*[#  25]+0.049*[#  26]+0.049*[#  28]
          +0.046*[#   6]+0.046*[#   7]+0.046*[#   9]+0.028*[#   5]+0.028*[#   8]
          +0.008*[#  21]+0.008*[#  22]+0.008*[#  23]+0.008*[#   2]+0.008*[#   3]
          +0.008*[#   4]+0.003*[#   1]+0.002*[#  11]
    |psi|^2 = 0.997
==== e(  20) =    11.44416 eV ==== 
     psi = 0.144*[#  15]+0.144*[#  18]+0.124*[#  16]+0.124*[#  17]+0.124*[#  19]
          +0.055*[#  25]+0.055*[#  26]+0.055*[#  28]+0.053*[#  24]+0.053*[#  27]
          +0.012*[#   6]+0.012*[#   7]+0.012*[#   9]+0.005*[#   2]+0.005*[#   3]
          +0.005*[#   4]+0.003*[#   5]+0.003*[#   8]+0.002*[#  21]+0.002*[#  22]
          +0.002*[#  23]+0.001*[#  11]+0.001*[#   1]
    |psi|^2 = 0.998
==== e(  21) =    13.35841 eV ==== 
     psi = 0.205*[#  20]+0.091*[#   2]+0.091*[#   3]+0.091*[#   4]+0.057*[#  21]
          +0.057*[#  22]+0.057*[#  23]+0.044*[#  16]+0.044*[#  17]+0.044*[#  19]
          +0.025*[#  11]+0.019*[#   6]+0.019*[#   7]+0.019*[#   9]+0.018*[#  15]
          +0.018*[#  18]+0.014*[#   1]+0.011*[#  25]+0.011*[#  26]+0.011*[#  28]
          +0.010*[#  24]+0.010*[#  27]+0.007*[#   5]+0.007*[#   8]
    |psi|^2 = 0.980
==== e(  22) =    14.03410 eV ==== 
     psi = 0.115*[#  21]+0.115*[#  22]+0.115*[#  23]+0.111*[#   1]+0.093*[#  11]
          +0.051*[#  25]+0.051*[#  26]+0.051*[#  28]+0.048*[#   2]+0.048*[#   3]
          +0.048*[#   4]+0.023*[#  16]+0.023*[#  17]+0.023*[#  19]+0.013*[#  15]
          +0.013*[#  18]+0.010*[#   6]+0.010*[#   7]+0.010*[#   9]+0.006*[#   5]
          +0.006*[#   8]+0.002*[#  20]
    |psi|^2 = 0.986
==== e(  23) =    15.68046 eV ==== 
     psi = 0.112*[#   2]+0.112*[#   3]+0.112*[#   4]+0.101*[#  21]+0.101*[#  22]
          +0.101*[#  23]+0.086*[#  11]+0.075*[#   1]+0.020*[#  24]+0.020*[#  27]
          +0.016*[#  20]+0.012*[#  15]+0.012*[#  18]+0.010*[#  25]+0.010*[#  26]
          +0.010*[#  28]+0.006*[#  16]+0.006*[#  17]+0.006*[#  19]+0.005*[#   5]
          +0.005*[#   8]+0.004*[#   6]+0.004*[#   7]+0.004*[#   9]+0.002*[#  10]
          
    |psi|^2 = 0.954
==== e(  24) =    20.77992 eV ==== 
     psi = 0.289*[#   1]+0.165*[#  11]+0.059*[#  21]+0.059*[#  22]+0.059*[#  23]
          +0.059*[#   2]+0.059*[#   3]+0.059*[#   4]+0.016*[#  25]+0.016*[#  26]
          +0.016*[#  28]+0.006*[#  20]+0.002*[#  10]+0.002*[#  15]+0.002*[#  18]
          +0.001*[#   5]+0.001*[#   8]
    |psi|^2 = 0.874
==== e(  25) =    21.01129 eV ==== 
     psi = 0.166*[#  20]+0.147*[#  11]+0.087*[#   2]+0.087*[#   3]+0.087*[#   4]
          +0.053*[#  21]+0.053*[#  22]+0.053*[#  23]+0.009*[#  10]+0.008*[#   1]
          +0.004*[#  16]+0.004*[#  17]+0.004*[#  19]+0.002*[#  25]+0.002*[#  26]
          +0.002*[#  28]+0.001*[#   6]+0.001*[#   7]+0.001*[#   9]+0.001*[#  15]
          +0.001*[#  18]
    |psi|^2 = 0.776
==== e(  26) =    22.55442 eV ==== 
     psi = 0.157*[#  20]+0.118*[#   2]+0.118*[#   3]+0.118*[#   4]+0.066*[#   1]
          +0.058*[#  11]+0.018*[#  21]+0.018*[#  22]+0.018*[#  23]+0.005*[#  25]
          +0.005*[#  26]+0.005*[#  28]+0.002*[#  24]+0.002*[#  27]+0.001*[#  15]
          +0.001*[#  16]+0.001*[#  17]+0.001*[#  18]+0.001*[#  19]+0.001*[#  10]
          
    |psi|^2 = 0.717
==== e(  27) =    25.14652 eV ==== 
     psi = 0.045*[#   2]+0.045*[#   3]+0.045*[#   4]+0.036*[#  11]+0.035*[#  20]
          +0.014*[#  21]+0.014*[#  22]+0.014*[#  23]+0.006*[#   1]+0.002*[#  10]
          
    |psi|^2 = 0.258
==== e(  28) =    26.60265 eV ==== 
     psi = 0.109*[#  21]+0.109*[#  22]+0.109*[#  23]+0.072*[#   2]+0.072*[#   3]
          +0.072*[#   4]+0.051*[#  20]+0.016*[#  11]
    |psi|^2 = 0.618

 k =   0.5833333333 -0.2500000000  0.9166666667
==== e(   1) =   -91.24283 eV ==== 
     psi = 0.959*[#  10]+0.008*[#  21]+0.008*[#  22]+0.008*[#  23]+0.006*[#  11]
          +0.003*[#   2]+0.003*[#   3]+0.003*[#   4]
    |psi|^2 = 1.000
==== e(   2) =   -51.63468 eV ==== 
     psi = 0.332*[#  12]+0.332*[#  13]+0.332*[#  14]+0.001*[#  20]
    |psi|^2 = 1.000
==== e(   3) =   -51.63440 eV ==== 
     psi = 0.332*[#  12]+0.332*[#  13]+0.332*[#  14]
    |psi|^2 = 1.000
==== e(   4) =   -51.63432 eV ==== 
     psi = 0.333*[#  12]+0.333*[#  13]+0.333*[#  14]
    |psi|^2 = 1.000
==== e(   5) =     6.54903 eV ==== 
     psi = 0.162*[#  20]+0.110*[#   1]+0.073*[#  25]+0.073*[#  26]+0.073*[#  28]
          +0.072*[#  11]+0.059*[#   2]+0.059*[#   3]+0.059*[#   4]+0.043*[#  21]
          +0.043*[#  22]+0.043*[#  23]+0.013*[#   6]+0.013*[#   7]+0.013*[#   9]
          +0.012*[#  15]+0.012*[#  18]+0.011*[#   5]+0.011*[#   8]+0.010*[#  16]
          +0.010*[#  17]+0.010*[#  19]+0.006*[#  10]+0.002*[#  24]+0.002*[#  27]
          
    |psi|^2 = 0.998
==== e(   6) =     7.07911 eV ==== 
     psi = 0.199*[#  25]+0.199*[#  26]+0.199*[#  28]+0.065*[#  11]+0.058*[#   1]
          +0.051*[#   5]+0.051*[#   8]+0.027*[#  15]+0.027*[#  18]+0.016*[#   6]
          +0.016*[#   7]+0.016*[#   9]+0.015*[#  21]+0.015*[#  22]+0.015*[#  23]
          +0.007*[#  16]+0.007*[#  17]+0.007*[#  19]+0.003*[#   2]+0.003*[#   3]
          +0.003*[#   4]+0.002*[#  10]
    |psi|^2 = 0.999
==== e(   7) =     7.60648 eV ==== 
     psi = 0.256*[#  24]+0.256*[#  27]+0.060*[#   6]+0.060*[#   7]+0.060*[#   9]
          +0.030*[#  25]+0.030*[#  26]+0.030*[#  28]+0.025*[#   5]+0.025*[#   8]
          +0.024*[#   2]+0.024*[#   3]+0.024*[#   4]+0.015*[#  15]+0.015*[#  18]
          +0.011*[#  16]+0.011*[#  17]+0.011*[#  19]+0.007*[#  21]+0.007*[#  22]
          +0.007*[#  23]+0.002*[#   1]+0.002*[#  20]
    |psi|^2 = 0.997
==== e(   8) =     7.69420 eV ==== 
     psi = 0.115*[#  20]+0.101*[#  25]+0.101*[#  26]+0.101*[#  28]+0.096*[#   6]
          +0.096*[#   7]+0.096*[#   9]+0.047*[#  16]+0.047*[#  17]+0.047*[#  19]
          +0.021*[#   5]+0.021*[#   8]+0.019*[#   2]+0.019*[#   3]+0.019*[#   4]
          +0.014*[#  15]+0.014*[#  18]+0.012*[#  24]+0.012*[#  27]
    |psi|^2 = 0.998
==== e(   9) =     7.87418 eV ==== 
     psi = 0.191*[#  25]+0.191*[#  26]+0.191*[#  28]+0.053*[#  16]+0.053*[#  17]
          +0.053*[#  19]+0.045*[#   6]+0.045*[#   7]+0.045*[#   9]+0.027*[#  24]
          +0.027*[#  27]+0.012*[#   5]+0.012*[#   8]+0.010*[#  20]+0.008*[#   2]
          +0.008*[#   3]+0.008*[#   4]+0.007*[#  15]+0.007*[#  18]+0.002*[#   1]
          +0.002*[#  21]+0.002*[#  22]+0.002*[#  23]+0.001*[#  11]
    |psi|^2 = 0.999
==== e(  10) =     8.45278 eV ==== 
     psi = 0.293*[#  24]+0.293*[#  27]+0.074*[#   5]+0.074*[#   8]+0.043*[#   6]
          +0.043*[#   7]+0.043*[#   9]+0.025*[#  15]+0.025*[#  18]+0.013*[#  16]
          +0.013*[#  17]+0.013*[#  19]+0.009*[#   2]+0.009*[#   3]+0.009*[#   4]
          +0.005*[#  20]+0.002*[#  25]+0.002*[#  26]+0.002*[#  28]+0.002*[#  21]
          +0.002*[#  22]+0.002*[#  23]
    |psi|^2 = 0.997
==== e(  11) =     8.99712 eV ==== 
     psi = 0.170*[#   5]+0.170*[#   8]+0.128*[#   6]+0.128*[#   7]+0.128*[#   9]
          +0.027*[#  11]+0.025*[#  21]+0.025*[#  22]+0.025*[#  23]+0.016*[#  15]
          +0.016*[#  18]+0.015*[#  25]+0.015*[#  26]+0.015*[#  28]+0.012*[#   1]
          +0.010*[#  16]+0.010*[#  17]+0.010*[#  19]+0.010*[#   2]+0.010*[#   3]
          +0.010*[#   4]+0.007*[#  20]+0.006*[#  24]+0.006*[#  27]
    |psi|^2 = 0.998
==== e(  12) =     9.42819 eV ==== 
     psi = 0.267*[#   5]+0.267*[#   8]+0.069*[#  24]+0.069*[#  27]+0.036*[#  16]
          +0.036*[#  17]+0.036*[#  19]+0.033*[#   6]+0.033*[#   7]+0.033*[#   9]
          +0.019*[#   1]+0.017*[#  21]+0.017*[#  22]+0.017*[#  23]+0.007*[#   2]
          +0.007*[#   3]+0.007*[#   4]+0.006*[#  15]+0.006*[#  18]+0.004*[#  11]
          +0.004*[#  25]+0.004*[#  26]+0.004*[#  28]+0.002*[#  20]
    |psi|^2 = 0.998
==== e(  13) =     9.67095 eV ==== 
     psi = 0.184*[#   6]+0.184*[#   7]+0.184*[#   9]+0.063*[#  15]+0.063*[#  18]
          +0.045*[#   5]+0.045*[#   8]+0.022*[#  16]+0.022*[#  17]+0.022*[#  19]
          +0.021*[#  11]+0.018*[#   2]+0.018*[#   3]+0.018*[#   4]+0.015*[#  21]
          +0.015*[#  22]+0.015*[#  23]+0.010*[#  25]+0.010*[#  26]+0.010*[#  28]
          +0.006*[#  20]+0.002*[#   1]+0.002*[#  24]+0.002*[#  27]+0.001*[#  10]
          
    |psi|^2 = 0.998
==== e(  14) =     9.79551 eV ==== 
     psi = 0.115*[#  15]+0.115*[#  18]+0.103*[#  16]+0.103*[#  17]+0.103*[#  19]
          +0.064*[#   5]+0.064*[#   8]+0.041*[#   6]+0.041*[#   7]+0.041*[#   9]
          +0.032*[#  25]+0.032*[#  26]+0.032*[#  28]+0.023*[#   1]+0.017*[#  21]
          +0.017*[#  22]+0.017*[#  23]+0.010*[#  24]+0.010*[#  27]+0.004*[#   2]
          +0.004*[#   3]+0.004*[#   4]+0.003*[#  20]
    |psi|^2 = 0.998
==== e(  15) =    10.09615 eV ==== 
     psi = 0.161*[#  16]+0.161*[#  17]+0.161*[#  19]+0.119*[#   6]+0.119*[#   7]
          +0.119*[#   9]+0.022*[#  24]+0.022*[#  27]+0.012*[#  21]+0.012*[#  22]
          +0.012*[#  23]+0.009*[#  20]+0.008*[#   1]+0.006*[#   2]+0.006*[#   3]
          +0.006*[#   4]+0.006*[#  25]+0.006*[#  26]+0.006*[#  28]+0.005*[#  15]
          +0.005*[#  18]+0.005*[#   5]+0.005*[#   8]+0.003*[#  11]
    |psi|^2 = 0.998
==== e(  16) =    10.18438 eV ==== 
     psi = 0.140*[#  15]+0.140*[#  18]+0.083*[#   5]+0.083*[#   8]+0.073*[#  16]
          +0.073*[#  17]+0.073*[#  19]+0.043*[#   6]+0.043*[#   7]+0.043*[#   9]
          +0.030*[#  25]+0.030*[#  26]+0.030*[#  28]+0.018*[#  24]+0.018*[#  27]
          +0.013*[#  11]+0.012*[#  21]+0.012*[#  22]+0.012*[#  23]+0.009*[#   2]
          +0.009*[#   3]+0.009*[#   4]+0.003*[#   1]
    |psi|^2 = 0.998
==== e(  17) =    10.52252 eV ==== 
     psi = 0.151*[#  15]+0.151*[#  18]+0.092*[#   5]+0.092*[#   8]+0.077*[#  24]
          +0.077*[#  27]+0.070*[#   6]+0.070*[#   7]+0.070*[#   9]+0.031*[#  25]
          +0.031*[#  26]+0.031*[#  28]+0.012*[#  16]+0.012*[#  17]+0.012*[#  19]
          +0.005*[#  11]+0.002*[#   1]+0.002*[#   2]+0.002*[#   3]+0.002*[#   4]
          +0.002*[#  21]+0.002*[#  22]+0.002*[#  23]
    |psi|^2 = 0.999
==== e(  18) =    11.10902 eV ==== 
     psi = 0.226*[#  15]+0.226*[#  18]+0.068*[#  16]+0.068*[#  17]+0.068*[#  19]
          +0.036*[#  24]+0.036*[#  27]+0.033*[#   5]+0.033*[#   8]+0.027*[#  25]
          +0.027*[#  26]+0.027*[#  28]+0.021*[#   1]+0.018*[#   6]+0.018*[#   7]
          +0.018*[#   9]+0.009*[#  21]+0.009*[#  22]+0.009*[#  23]+0.006*[#  20]
          +0.004*[#   2]+0.004*[#   3]+0.004*[#   4]+0.003*[#  11]
    |psi|^2 = 0.997
==== e(  19) =    11.23708 eV ==== 
     psi = 0.135*[#  16]+0.135*[#  17]+0.135*[#  19]+0.076*[#  25]+0.076*[#  26]
          +0.076*[#  28]+0.064*[#  24]+0.064*[#  27]+0.030*[#   6]+0.030*[#   7]
          +0.030*[#   9]+0.015*[#   2]+0.015*[#   3]+0.015*[#   4]+0.014*[#  21]
          +0.014*[#  22]+0.014*[#  23]+0.013*[#   5]+0.013*[#   8]+0.013*[#  15]
          +0.013*[#  18]+0.005*[#  11]
    |psi|^2 = 0.998
==== e(  20) =    11.50273 eV ==== 
     psi = 0.136*[#  16]+0.136*[#  17]+0.136*[#  19]+0.089*[#  15]+0.089*[#  18]
          +0.069*[#  25]+0.069*[#  26]+0.069*[#  28]+0.044*[#  24]+0.044*[#  27]
          +0.020*[#   6]+0.020*[#   7]+0.020*[#   9]+0.009*[#   2]+0.009*[#   3]
          +0.009*[#   4]+0.005*[#   5]+0.005*[#   8]+0.005*[#  11]+0.004*[#  21]
          +0.004*[#  22]+0.004*[#  23]+0.001*[#  20]
    |psi|^2 = 0.998
==== e(  21) =    12.40937 eV ==== 
     psi = 0.111*[#  20]+0.067*[#  16]+0.067*[#  17]+0.067*[#  19]+0.065*[#   2]
          +0.065*[#   3]+0.065*[#   4]+0.048*[#  21]+0.048*[#  22]+0.048*[#  23]
          +0.032*[#  25]+0.032*[#  26]+0.032*[#  28]+0.030*[#  11]+0.025*[#  15]
          +0.025*[#  18]+0.024*[#   1]+0.024*[#   6]+0.024*[#   7]+0.024*[#   9]
          +0.023*[#  24]+0.023*[#  27]+0.009*[#   5]+0.009*[#   8]
    |psi|^2 = 0.992
==== e(  22) =    13.70647 eV ==== 
     psi = 0.101*[#  21]+0.101*[#  22]+0.101*[#  23]+0.089*[#   1]+0.085*[#  11]
          +0.057*[#  20]+0.054*[#   2]+0.054*[#   3]+0.054*[#   4]+0.034*[#  25]
          +0.034*[#  26]+0.034*[#  28]+0.027*[#  15]+0.027*[#  18]+0.022*[#  16]
          +0.022*[#  17]+0.022*[#  19]+0.012*[#   5]+0.012*[#   8]+0.010*[#   6]
          +0.010*[#   7]+0.010*[#   9]+0.007*[#  24]+0.007*[#  27]
    |psi|^2 = 0.985
==== e(  23) =    15.03479 eV ==== 
     psi = 0.120*[#   2]+0.120*[#   3]+0.120*[#   4]+0.108*[#  21]+0.108*[#  22]
          +0.108*[#  23]+0.061*[#  11]+0.053*[#   1]+0.025*[#  24]+0.025*[#  27]
          +0.015*[#  15]+0.015*[#  18]+0.011*[#  25]+0.011*[#  26]+0.011*[#  28]
          +0.009*[#  20]+0.006*[#  16]+0.006*[#  17]+0.006*[#  19]+0.006*[#   5]
          +0.006*[#   8]+0.003*[#   6]+0.003*[#   7]+0.003*[#   9]
    |psi|^2 = 0.964
==== e(  24) =    20.83884 eV ==== 
     psi = 0.188*[#   1]+0.149*[#  11]+0.076*[#  21]+0.076*[#  22]+0.076*[#  23]
          +0.065*[#   2]+0.065*[#   3]+0.065*[#   4]+0.035*[#  20]+0.008*[#  25]
          +0.008*[#  26]+0.008*[#  28]+0.005*[#  10]+0.002*[#  16]+0.002*[#  17]
          +0.002*[#  19]+0.002*[#  15]+0.002*[#  18]
    |psi|^2 = 0.840
==== e(  25) =    21.81594 eV ==== 
     psi = 0.169*[#  11]+0.156*[#   1]+0.100*[#   2]+0.100*[#   3]+0.100*[#   4]
          +0.045*[#  21]+0.045*[#  22]+0.045*[#  23]+0.010*[#  25]+0.010*[#  26]
          +0.010*[#  28]+0.007*[#  20]+0.004*[#  10]+0.002*[#  15]+0.002*[#  18]
          
    |psi|^2 = 0.812
==== e(  26) =    22.72572 eV ==== 
     psi = 0.287*[#  20]+0.104*[#   2]+0.104*[#   3]+0.104*[#   4]+0.038*[#   1]
          +0.032*[#  11]+0.011*[#  21]+0.011*[#  22]+0.011*[#  23]+0.003*[#  25]
          +0.003*[#  26]+0.003*[#  28]+0.002*[#  16]+0.002*[#  17]+0.002*[#  19]
          +0.002*[#  24]+0.002*[#  27]+0.001*[#   6]+0.001*[#   7]+0.001*[#   9]
          
    |psi|^2 = 0.726
==== e(  27) =    25.56018 eV ==== 
     psi = 0.090*[#  20]+0.060*[#   2]+0.060*[#   3]+0.060*[#   4]+0.035*[#  11]
          +0.015*[#  21]+0.015*[#  22]+0.015*[#  23]+0.002*[#  10]+0.002*[#   1]
          
    |psi|^2 = 0.358
==== e(  28) =    25.73741 eV ==== 
     psi = 0.048*[#  21]+0.048*[#  22]+0.048*[#  23]+0.037*[#   2]+0.037*[#   3]
          +0.037*[#   4]+0.022*[#   1]+0.011*[#  11]+0.009*[#  20]
    |psi|^2 = 0.303

 k =   0.5000000000 -0.1666666667  0.8333333333
==== e(   1) =   -91.24287 eV ==== 
     psi = 0.960*[#  10]+0.008*[#  21]+0.008*[#  22]+0.008*[#  23]+0.005*[#  11]
          +0.003*[#   2]+0.003*[#   3]+0.003*[#   4]
    |psi|^2 = 1.000
==== e(   2) =   -51.63474 eV ==== 
     psi = 0.332*[#  12]+0.332*[#  13]+0.332*[#  14]+0.001*[#  20]
    |psi|^2 = 1.000
==== e(   3) =   -51.63444 eV ==== 
     psi = 0.332*[#  12]+0.332*[#  13]+0.332*[#  14]
    |psi|^2 = 1.000
==== e(   4) =   -51.63433 eV ==== 
     psi = 0.333*[#  12]+0.333*[#  13]+0.333*[#  14]
    |psi|^2 = 1.000
==== e(   5) =     6.71339 eV ==== 
     psi = 0.128*[#  20]+0.119*[#  25]+0.119*[#  26]+0.119*[#  28]+0.106*[#   1]
          +0.067*[#  11]+0.042*[#   2]+0.042*[#   3]+0.042*[#   4]+0.024*[#  21]
          +0.024*[#  22]+0.024*[#  23]+0.019*[#  15]+0.019*[#  18]+0.018*[#   5]
          +0.018*[#   8]+0.012*[#   6]+0.012*[#   7]+0.012*[#   9]+0.009*[#  16]
          +0.009*[#  17]+0.009*[#  19]+0.003*[#  10]
    |psi|^2 = 0.998
==== e(   6) =     7.09796 eV ==== 
     psi = 0.178*[#  25]+0.178*[#  26]+0.178*[#  28]+0.064*[#  11]+0.058*[#   1]
          +0.050*[#   5]+0.050*[#   8]+0.027*[#  15]+0.027*[#  18]+0.024*[#  21]
          +0.024*[#  22]+0.024*[#  23]+0.022*[#   6]+0.022*[#   7]+0.022*[#   9]
          +0.010*[#  16]+0.010*[#  17]+0.010*[#  19]+0.004*[#   2]+0.004*[#   3]
          +0.004*[#   4]+0.003*[#  10]
    |psi|^2 = 0.999
==== e(   7) =     7.61114 eV ==== 
     psi = 0.249*[#  24]+0.249*[#  27]+0.075*[#   6]+0.075*[#   7]+0.075*[#   9]
          +0.025*[#   2]+0.025*[#   3]+0.025*[#   4]+0.024*[#  25]+0.024*[#  26]
          +0.024*[#  28]+0.020*[#   5]+0.020*[#   8]+0.015*[#  16]+0.015*[#  17]
          +0.015*[#  19]+0.009*[#  21]+0.009*[#  22]+0.009*[#  23]+0.006*[#  20]
          +0.005*[#  15]+0.005*[#  18]
    |psi|^2 = 0.998
==== e(   8) =     7.67081 eV ==== 
     psi = 0.153*[#  20]+0.086*[#   6]+0.086*[#   7]+0.086*[#   9]+0.079*[#  25]
          +0.079*[#  26]+0.079*[#  28]+0.044*[#  16]+0.044*[#  17]+0.044*[#  19]
          +0.033*[#   2]+0.033*[#   3]+0.033*[#   4]+0.021*[#  24]+0.021*[#  27]
          +0.018*[#  15]+0.018*[#  18]+0.016*[#   5]+0.016*[#   8]+0.002*[#  21]
          +0.002*[#  22]+0.002*[#  23]+0.001*[#   1]
    |psi|^2 = 0.998
==== e(   9) =     7.88761 eV ==== 
     psi = 0.184*[#  25]+0.184*[#  26]+0.184*[#  28]+0.055*[#  16]+0.055*[#  17]
          +0.055*[#  19]+0.043*[#   6]+0.043*[#   7]+0.043*[#   9]+0.029*[#  24]
          +0.029*[#  27]+0.019*[#  20]+0.014*[#   5]+0.014*[#   8]+0.010*[#   2]
          +0.010*[#   3]+0.010*[#   4]+0.005*[#  15]+0.005*[#  18]+0.002*[#   1]
          +0.002*[#  21]+0.002*[#  22]+0.002*[#  23]+0.001*[#  11]
    |psi|^2 = 0.999
==== e(  10) =     8.50621 eV ==== 
     psi = 0.311*[#  24]+0.311*[#  27]+0.052*[#   6]+0.052*[#   7]+0.052*[#   9]
          +0.051*[#   5]+0.051*[#   8]+0.014*[#  16]+0.014*[#  17]+0.014*[#  19]
          +0.012*[#  15]+0.012*[#  18]+0.011*[#   2]+0.011*[#   3]+0.011*[#   4]
          +0.005*[#  20]+0.002*[#  25]+0.002*[#  26]+0.002*[#  28]+0.002*[#  21]
          +0.002*[#  22]+0.002*[#  23]+0.001*[#   1]
    |psi|^2 = 0.997
==== e(  11) =     9.11469 eV ==== 
     psi = 0.161*[#   5]+0.161*[#   8]+0.134*[#   6]+0.134*[#   7]+0.134*[#   9]
          +0.033*[#  11]+0.025*[#  24]+0.025*[#  27]+0.020*[#  21]+0.020*[#  22]
          +0.020*[#  23]+0.015*[#  25]+0.015*[#  26]+0.015*[#  28]+0.014*[#   2]
          +0.014*[#   3]+0.014*[#   4]+0.009*[#  16]+0.009*[#  17]+0.009*[#  19]
          +0.006*[#  15]+0.006*[#  18]+0.003*[#  20]+0.001*[#   1]
    |psi|^2 = 0.999
==== e(  12) =     9.27500 eV ==== 
     psi = 0.312*[#   5]+0.312*[#   8]+0.033*[#   1]+0.030*[#  24]+0.030*[#  27]
          +0.027*[#  21]+0.027*[#  22]+0.027*[#  23]+0.025*[#   6]+0.025*[#   7]
          +0.025*[#   9]+0.025*[#  16]+0.025*[#  17]+0.025*[#  19]+0.015*[#  15]
          +0.015*[#  18]+0.003*[#  25]+0.003*[#  26]+0.003*[#  28]+0.002*[#   2]
          +0.002*[#   3]+0.002*[#   4]
    |psi|^2 = 0.997
==== e(  13) =     9.72206 eV ==== 
     psi = 0.143*[#   6]+0.143*[#   7]+0.143*[#   9]+0.098*[#  15]+0.098*[#  18]
          +0.046*[#   5]+0.046*[#   8]+0.029*[#  16]+0.029*[#  17]+0.029*[#  19]
          +0.025*[#   2]+0.025*[#   3]+0.025*[#   4]+0.023*[#  11]+0.020*[#  21]
          +0.020*[#  22]+0.020*[#  23]+0.013*[#  20]+0.008*[#   1]+0.004*[#  25]
          +0.004*[#  26]+0.004*[#  28]+0.002*[#  10]
    |psi|^2 = 0.997
==== e(  14) =     9.80835 eV ==== 
     psi = 0.141*[#  15]+0.141*[#  18]+0.119*[#  16]+0.119*[#  17]+0.119*[#  19]
          +0.054*[#   5]+0.054*[#   8]+0.025*[#   6]+0.025*[#   7]+0.025*[#   9]
          +0.025*[#  25]+0.025*[#  26]+0.025*[#  28]+0.023*[#   1]+0.015*[#  21]
          +0.015*[#  22]+0.015*[#  23]+0.011*[#  24]+0.011*[#  27]+0.003*[#   2]
          +0.003*[#   3]+0.003*[#   4]+0.001*[#  20]
    |psi|^2 = 0.997
==== e(  15) =    10.08596 eV ==== 
     psi = 0.147*[#   6]+0.147*[#   7]+0.147*[#   9]+0.095*[#  16]+0.095*[#  17]
          +0.095*[#  19]+0.049*[#  24]+0.049*[#  27]+0.023*[#  21]+0.023*[#  22]
          +0.023*[#  23]+0.015*[#   1]+0.014*[#  25]+0.014*[#  26]+0.014*[#  28]
          +0.009*[#   2]+0.009*[#   3]+0.009*[#   4]+0.007*[#  11]+0.006*[#  20]
          +0.002*[#  15]+0.002*[#  18]
    |psi|^2 = 0.997
==== e(  16) =    10.14203 eV ==== 
     psi = 0.128*[#  15]+0.128*[#  18]+0.108*[#  16]+0.108*[#  17]+0.108*[#  19]
          +0.071*[#   5]+0.071*[#   8]+0.041*[#   6]+0.041*[#   7]+0.041*[#   9]
          +0.026*[#  25]+0.026*[#  26]+0.026*[#  28]+0.013*[#  11]+0.008*[#  21]
          +0.008*[#  22]+0.008*[#  23]+0.008*[#  24]+0.008*[#  27]+0.006*[#   2]
          +0.006*[#   3]+0.006*[#   4]+0.002*[#   1]
    |psi|^2 = 0.998
==== e(  17) =    10.48863 eV ==== 
     psi = 0.121*[#  15]+0.121*[#  18]+0.105*[#   5]+0.105*[#   8]+0.086*[#   6]
          +0.086*[#   7]+0.086*[#   9]+0.066*[#  24]+0.066*[#  27]+0.039*[#  25]
          +0.039*[#  26]+0.039*[#  28]+0.009*[#  16]+0.009*[#  17]+0.009*[#  19]
          +0.006*[#  11]+0.002*[#   2]+0.002*[#   3]+0.002*[#   4]
    |psi|^2 = 0.999
==== e(  18) =    11.16898 eV ==== 
     psi = 0.240*[#  15]+0.240*[#  18]+0.082*[#  16]+0.082*[#  17]+0.082*[#  19]
          +0.027*[#   1]+0.026*[#  25]+0.026*[#  26]+0.026*[#  28]+0.025*[#   5]
          +0.025*[#   8]+0.024*[#  24]+0.024*[#  27]+0.010*[#  21]+0.010*[#  22]
          +0.010*[#  23]+0.007*[#   6]+0.007*[#   7]+0.007*[#   9]+0.007*[#  20]
          +0.004*[#   2]+0.004*[#   3]+0.004*[#   4]+0.003*[#  11]
    |psi|^2 = 0.998
==== e(  19) =    11.38630 eV ==== 
     psi = 0.135*[#  16]+0.135*[#  17]+0.135*[#  19]+0.091*[#  25]+0.091*[#  26]
          +0.091*[#  28]+0.038*[#   6]+0.038*[#   7]+0.038*[#   9]+0.025*[#  24]
          +0.025*[#  27]+0.022*[#  21]+0.022*[#  22]+0.022*[#  23]+0.016*[#   5]
          +0.016*[#   8]+0.012*[#   2]+0.012*[#   3]+0.012*[#   4]+0.006*[#   1]
          +0.005*[#  15]+0.005*[#  18]+0.004*[#  11]+0.003*[#  20]
    |psi|^2 = 0.997
==== e(  20) =    11.61063 eV ==== 
     psi = 0.093*[#  15]+0.093*[#  18]+0.087*[#  24]+0.087*[#  27]+0.066*[#  16]
          +0.066*[#  17]+0.066*[#  19]+0.043*[#  25]+0.043*[#  26]+0.043*[#  28]
          +0.037*[#  21]+0.037*[#  22]+0.037*[#  23]+0.030*[#   2]+0.030*[#   3]
          +0.030*[#   4]+0.029*[#  11]+0.016*[#   5]+0.016*[#   8]+0.011*[#   1]
          +0.011*[#   6]+0.011*[#   7]+0.011*[#   9]+0.002*[#  10]
    |psi|^2 = 0.998
==== e(  21) =    11.78992 eV ==== 
     psi = 0.143*[#  16]+0.143*[#  17]+0.143*[#  19]+0.073*[#  20]+0.066*[#  25]
          +0.066*[#  26]+0.066*[#  28]+0.038*[#   6]+0.038*[#   7]+0.038*[#   9]
          +0.035*[#   2]+0.035*[#   3]+0.035*[#   4]+0.020*[#  24]+0.020*[#  27]
          +0.009*[#  15]+0.009*[#  18]+0.004*[#  11]+0.003*[#  21]+0.003*[#  22]
          +0.003*[#  23]+0.001*[#   5]+0.001*[#   8]
    |psi|^2 = 0.995
==== e(  22) =    13.71619 eV ==== 
     psi = 0.095*[#  21]+0.095*[#  22]+0.095*[#  23]+0.092*[#  11]+0.089*[#   1]
          +0.081*[#  20]+0.053*[#   2]+0.053*[#   3]+0.053*[#   4]+0.033*[#  15]
          +0.033*[#  18]+0.024*[#  25]+0.024*[#  26]+0.024*[#  28]+0.019*[#  16]
          +0.019*[#  17]+0.019*[#  19]+0.015*[#   5]+0.015*[#   8]+0.011*[#  24]
          +0.011*[#  27]+0.009*[#   6]+0.009*[#   7]+0.009*[#   9]
    |psi|^2 = 0.984
==== e(  23) =    14.73548 eV ==== 
     psi = 0.127*[#   2]+0.127*[#   3]+0.127*[#   4]+0.115*[#  21]+0.115*[#  22]
          +0.115*[#  23]+0.042*[#  11]+0.038*[#   1]+0.027*[#  24]+0.027*[#  27]
          +0.015*[#  15]+0.015*[#  18]+0.012*[#  25]+0.012*[#  26]+0.012*[#  28]
          +0.007*[#   5]+0.007*[#   8]+0.006*[#  16]+0.006*[#  17]+0.006*[#  19]
          +0.003*[#   6]+0.003*[#   7]+0.003*[#   9]
    |psi|^2 = 0.970
==== e(  24) =    20.82687 eV ==== 
     psi = 0.196*[#   1]+0.154*[#  11]+0.085*[#  21]+0.085*[#  22]+0.085*[#  23]
          +0.064*[#   2]+0.064*[#   3]+0.064*[#   4]+0.008*[#  25]+0.008*[#  26]
          +0.008*[#  28]+0.006*[#  10]+0.005*[#  20]+0.002*[#  15]+0.002*[#  16]
          +0.002*[#  17]+0.002*[#  18]+0.002*[#  19]
    |psi|^2 = 0.844
==== e(  25) =    21.89155 eV ==== 
     psi = 0.143*[#  11]+0.140*[#   1]+0.113*[#   2]+0.113*[#   3]+0.113*[#   4]
          +0.089*[#  20]+0.021*[#  21]+0.021*[#  22]+0.021*[#  23]+0.010*[#  25]
          +0.010*[#  26]+0.010*[#  28]+0.003*[#  10]+0.002*[#  15]+0.002*[#  18]
          +0.002*[#  24]+0.002*[#  27]+0.001*[#  16]+0.001*[#  17]+0.001*[#  19]
          
    |psi|^2 = 0.822
==== e(  26) =    23.88637 eV ==== 
     psi = 0.319*[#  20]+0.114*[#   2]+0.114*[#   3]+0.114*[#   4]+0.030*[#   1]
          +0.027*[#  11]+0.015*[#  21]+0.015*[#  22]+0.015*[#  23]+0.002*[#  16]
          +0.002*[#  17]+0.002*[#  19]+0.001*[#  10]+0.001*[#   6]+0.001*[#   7]
          +0.001*[#   9]+0.001*[#  25]+0.001*[#  26]+0.001*[#  28]
    |psi|^2 = 0.781
==== e(  27) =    24.29494 eV ==== 
     psi = 0.055*[#   1]+0.044*[#  21]+0.044*[#  22]+0.044*[#  23]+0.042*[#   2]
          +0.042*[#   3]+0.042*[#   4]+0.041*[#  11]+0.003*[#  25]+0.003*[#  26]
          +0.003*[#  28]+0.002*[#  20]+0.001*[#  10]
    |psi|^2 = 0.369
==== e(  28) =    25.84064 eV ==== 
     psi = 0.048*[#   2]+0.048*[#   3]+0.048*[#   4]+0.038*[#  21]+0.038*[#  22]
          +0.038*[#  23]+0.032*[#  11]+0.021*[#  20]+0.016*[#   1]+0.003*[#  10]
          
    |psi|^2 = 0.331

 k =   0.6666666667 -0.1666666667  1.0000000000
==== e(   1) =   -91.24292 eV ==== 
     psi = 0.960*[#  10]+0.009*[#  21]+0.009*[#  22]+0.009*[#  23]+0.005*[#  11]
          +0.002*[#   2]+0.002*[#   3]+0.002*[#   4]+0.001*[#  25]+0.001*[#  26]
          +0.001*[#  28]
    |psi|^2 = 1.000
==== e(   2) =   -51.63477 eV ==== 
     psi = 0.332*[#  12]+0.332*[#  13]+0.332*[#  14]+0.001*[#  20]
    |psi|^2 = 1.000
==== e(   3) =   -51.63443 eV ==== 
     psi = 0.332*[#  12]+0.332*[#  13]+0.332*[#  14]
    |psi|^2 = 1.000
==== e(   4) =   -51.63441 eV ==== 
     psi = 0.332*[#  12]+0.332*[#  13]+0.332*[#  14]
    |psi|^2 = 1.000
==== e(   5) =     6.83452 eV ==== 
     psi = 0.134*[#  20]+0.131*[#   1]+0.083*[#  25]+0.083*[#  26]+0.083*[#  28]
          +0.050*[#   2]+0.050*[#   3]+0.050*[#   4]+0.047*[#  21]+0.047*[#  22]
          +0.047*[#  23]+0.032*[#  11]+0.027*[#  15]+0.027*[#  18]+0.014*[#  16]
          +0.014*[#  17]+0.014*[#  19]+0.013*[#   6]+0.013*[#   7]+0.013*[#   9]
          +0.007*[#  24]+0.007*[#  27]+0.005*[#   5]+0.005*[#   8]+0.004*[#  10]
          
    |psi|^2 = 0.998
==== e(   6) =     6.92783 eV ==== 
     psi = 0.192*[#  25]+0.192*[#  26]+0.192*[#  28]+0.101*[#  11]+0.068*[#   5]
          +0.068*[#   8]+0.027*[#   1]+0.023*[#  15]+0.023*[#  18]+0.014*[#   6]
          +0.014*[#   7]+0.014*[#   9]+0.010*[#  20]+0.009*[#   2]+0.009*[#   3]
          +0.009*[#   4]+0.008*[#  21]+0.008*[#  22]+0.008*[#  23]+0.003*[#  10]
          +0.002*[#  16]+0.002*[#  17]+0.002*[#  19]
    |psi|^2 = 0.999
==== e(   7) =     7.49656 eV ==== 
     psi = 0.279*[#  24]+0.279*[#  27]+0.066*[#   6]+0.066*[#   7]+0.066*[#   9]
          +0.026*[#  16]+0.026*[#  17]+0.026*[#  19]+0.025*[#   2]+0.025*[#   3]
          +0.025*[#   4]+0.010*[#   5]+0.010*[#   8]+0.010*[#  25]+0.010*[#  26]
          +0.010*[#  28]+0.008*[#  15]+0.008*[#  18]+0.005*[#  21]+0.005*[#  22]
          +0.005*[#  23]+0.003*[#   1]+0.001*[#  20]
    |psi|^2 = 0.998
==== e(   8) =     7.69758 eV ==== 
     psi = 0.145*[#  20]+0.097*[#  25]+0.097*[#  26]+0.097*[#  28]+0.089*[#   6]
          +0.089*[#   7]+0.089*[#   9]+0.045*[#  16]+0.045*[#  17]+0.045*[#  19]
          +0.029*[#   2]+0.029*[#   3]+0.029*[#   4]+0.020*[#   5]+0.020*[#   8]
          +0.013*[#  15]+0.013*[#  18]+0.003*[#   1]+0.002*[#  11]+0.001*[#  24]
          +0.001*[#  27]
    |psi|^2 = 0.998
==== e(   9) =     7.91499 eV ==== 
     psi = 0.204*[#  25]+0.204*[#  26]+0.204*[#  28]+0.065*[#   6]+0.065*[#   7]
          +0.065*[#   9]+0.049*[#  16]+0.049*[#  17]+0.049*[#  19]+0.011*[#  24]
          +0.011*[#  27]+0.004*[#   2]+0.004*[#   3]+0.004*[#   4]+0.003*[#   5]
          +0.003*[#   8]+0.002*[#  15]+0.002*[#  18]
    |psi|^2 = 0.999
==== e(  10) =     8.66329 eV ==== 
     psi = 0.283*[#  24]+0.283*[#  27]+0.103*[#   5]+0.103*[#   8]+0.033*[#   6]
          +0.033*[#   7]+0.033*[#   9]+0.029*[#  15]+0.029*[#  18]+0.009*[#  16]
          +0.009*[#  17]+0.009*[#  19]+0.008*[#   2]+0.008*[#   3]+0.008*[#   4]
          +0.005*[#  20]+0.002*[#  21]+0.002*[#  22]+0.002*[#  23]+0.001*[#  25]
          +0.001*[#  26]+0.001*[#  28]
    |psi|^2 = 0.998
==== e(  11) =     8.80353 eV ==== 
     psi = 0.152*[#   5]+0.152*[#   8]+0.104*[#   6]+0.104*[#   7]+0.104*[#   9]
          +0.036*[#  21]+0.036*[#  22]+0.036*[#  23]+0.035*[#  11]+0.030*[#   1]
          +0.030*[#  15]+0.030*[#  18]+0.021*[#  25]+0.021*[#  26]+0.021*[#  28]
          +0.014*[#  16]+0.014*[#  17]+0.014*[#  19]+0.012*[#  20]+0.008*[#   2]
          +0.008*[#   3]+0.008*[#   4]+0.004*[#  24]+0.004*[#  27]+0.001*[#  10]
          
    |psi|^2 = 0.998
==== e(  12) =     9.39663 eV ==== 
     psi = 0.260*[#   5]+0.260*[#   8]+0.102*[#  24]+0.102*[#  27]+0.045*[#   6]
          +0.045*[#   7]+0.045*[#   9]+0.020*[#  16]+0.020*[#  17]+0.020*[#  19]
          +0.015*[#  15]+0.015*[#  18]+0.005*[#   1]+0.005*[#   2]+0.005*[#   3]
          +0.005*[#   4]+0.005*[#  21]+0.005*[#  22]+0.005*[#  23]+0.004*[#  20]
          +0.003*[#  25]+0.003*[#  26]+0.003*[#  28]
    |psi|^2 = 0.998
==== e(  13) =     9.77149 eV ==== 
     psi = 0.120*[#  16]+0.120*[#  17]+0.120*[#  19]+0.080*[#  15]+0.080*[#  18]
          +0.076*[#   6]+0.076*[#   7]+0.076*[#   9]+0.046*[#   5]+0.046*[#   8]
          +0.028*[#  25]+0.028*[#  26]+0.028*[#  28]+0.019*[#   1]+0.013*[#  21]
          +0.013*[#  22]+0.013*[#  23]+0.005*[#  24]+0.005*[#  27]+0.001*[#   2]
          +0.001*[#   3]+0.001*[#   4]
    |psi|^2 = 0.998
==== e(  14) =     9.85885 eV ==== 
     psi = 0.162*[#   6]+0.162*[#   7]+0.162*[#   9]+0.050*[#  15]+0.050*[#  18]
          +0.040*[#  16]+0.040*[#  17]+0.040*[#  19]+0.036*[#   5]+0.036*[#   8]
          +0.036*[#  24]+0.036*[#  27]+0.015*[#  11]+0.015*[#  25]+0.015*[#  26]
          +0.015*[#  28]+0.014*[#   2]+0.014*[#   3]+0.014*[#   4]+0.013*[#  21]
          +0.013*[#  22]+0.013*[#  23]+0.005*[#  20]+0.001*[#   1]
    |psi|^2 = 0.998
==== e(  15) =    10.13289 eV ==== 
     psi = 0.155*[#  16]+0.155*[#  17]+0.155*[#  19]+0.139*[#   6]+0.139*[#   7]
          +0.139*[#   9]+0.021*[#  24]+0.021*[#  27]+0.012*[#  20]+0.009*[#  15]
          +0.009*[#  18]+0.005*[#  21]+0.005*[#  22]+0.005*[#  23]+0.004*[#   2]
          +0.004*[#   3]+0.004*[#   4]+0.003*[#  25]+0.003*[#  26]+0.003*[#  28]
          +0.002*[#   1]+0.001*[#   5]+0.001*[#   8]+0.001*[#  11]
    |psi|^2 = 0.998
==== e(  16) =    10.28448 eV ==== 
     psi = 0.189*[#  15]+0.189*[#  18]+0.092*[#   5]+0.092*[#   8]+0.045*[#  16]
          +0.045*[#  17]+0.045*[#  19]+0.028*[#  24]+0.028*[#  27]+0.027*[#   6]
          +0.027*[#   7]+0.027*[#   9]+0.024*[#  25]+0.024*[#  26]+0.024*[#  28]
          +0.021*[#  11]+0.012*[#  21]+0.012*[#  22]+0.012*[#  23]+0.010*[#   2]
          +0.010*[#   3]+0.010*[#   4]+0.001*[#   1]
    |psi|^2 = 0.998
==== e(  17) =    10.48943 eV ==== 
     psi = 0.144*[#  15]+0.144*[#  18]+0.134*[#   5]+0.134*[#   8]+0.062*[#   6]
          +0.062*[#   7]+0.062*[#   9]+0.043*[#  25]+0.043*[#  26]+0.043*[#  28]
          +0.034*[#  24]+0.034*[#  27]+0.009*[#  16]+0.009*[#  17]+0.009*[#  19]
          +0.007*[#  11]+0.004*[#   1]+0.004*[#  21]+0.004*[#  22]+0.004*[#  23]
          +0.003*[#   2]+0.003*[#   3]+0.003*[#   4]
    |psi|^2 = 0.999
==== e(  18) =    11.19997 eV ==== 
     psi = 0.198*[#  15]+0.198*[#  18]+0.118*[#  16]+0.118*[#  17]+0.118*[#  19]
          +0.045*[#  25]+0.045*[#  26]+0.045*[#  28]+0.018*[#  24]+0.018*[#  27]
          +0.015*[#   1]+0.006*[#   5]+0.006*[#   8]+0.006*[#   6]+0.006*[#   7]
          +0.006*[#   9]+0.005*[#   2]+0.005*[#   3]+0.005*[#   4]+0.004*[#  20]
          +0.004*[#  21]+0.004*[#  22]+0.004*[#  23]
    |psi|^2 = 0.998
==== e(  19) =    11.37882 eV ==== 
     psi = 0.133*[#  16]+0.133*[#  17]+0.133*[#  19]+0.088*[#  25]+0.088*[#  26]
          +0.088*[#  28]+0.047*[#   6]+0.047*[#   7]+0.047*[#   9]+0.025*[#  24]
          +0.025*[#  27]+0.020*[#   5]+0.020*[#   8]+0.015*[#  21]+0.015*[#  22]
          +0.015*[#  23]+0.010*[#   2]+0.010*[#   3]+0.010*[#   4]+0.008*[#  15]
          +0.008*[#  18]+0.007*[#   1]+0.005*[#  20]+0.002*[#  11]
    |psi|^2 = 0.997
==== e(  20) =    11.59465 eV ==== 
     psi = 0.115*[#  16]+0.115*[#  17]+0.115*[#  19]+0.086*[#  15]+0.086*[#  18]
          +0.072*[#  24]+0.072*[#  27]+0.054*[#  25]+0.054*[#  26]+0.054*[#  28]
          +0.017*[#   6]+0.017*[#   7]+0.017*[#   9]+0.016*[#   2]+0.016*[#   3]
          +0.016*[#   4]+0.012*[#  11]+0.011*[#  21]+0.011*[#  22]+0.011*[#  23]
          +0.009*[#   5]+0.009*[#   8]+0.007*[#  20]+0.005*[#   1]
    |psi|^2 = 0.998
==== e(  21) =    12.52157 eV ==== 
     psi = 0.144*[#  20]+0.082*[#   2]+0.082*[#   3]+0.082*[#   4]+0.055*[#  21]
          +0.055*[#  22]+0.055*[#  23]+0.049*[#  16]+0.049*[#  17]+0.049*[#  19]
          +0.042*[#  15]+0.042*[#  18]+0.040*[#  11]+0.028*[#   1]+0.023*[#  24]
          +0.023*[#  27]+0.018*[#   6]+0.018*[#   7]+0.018*[#   9]+0.015*[#   5]
          +0.015*[#   8]
    |psi|^2 = 0.989
==== e(  22) =    13.25128 eV ==== 
     psi = 0.118*[#  21]+0.118*[#  22]+0.118*[#  23]+0.080*[#   1]+0.077*[#  11]
          +0.058*[#   2]+0.058*[#   3]+0.058*[#   4]+0.046*[#  25]+0.046*[#  26]
          +0.046*[#  28]+0.026*[#  15]+0.026*[#  18]+0.020*[#  16]+0.020*[#  17]
          +0.020*[#  19]+0.012*[#   5]+0.012*[#   8]+0.008*[#   6]+0.008*[#   7]
          +0.008*[#   9]
    |psi|^2 = 0.989
==== e(  23) =    14.09298 eV ==== 
     psi = 0.128*[#   2]+0.128*[#   3]+0.128*[#   4]+0.104*[#  21]+0.104*[#  22]
          +0.104*[#  23]+0.046*[#  24]+0.046*[#  27]+0.044*[#  11]+0.037*[#   1]
          +0.013*[#  25]+0.013*[#  26]+0.013*[#  28]+0.013*[#  15]+0.013*[#  18]
          +0.008*[#  16]+0.008*[#  17]+0.008*[#  19]+0.006*[#   5]+0.006*[#   8]
          +0.004*[#   6]+0.004*[#   7]+0.004*[#   9]+0.003*[#  20]
    |psi|^2 = 0.985
==== e(  24) =    20.62134 eV ==== 
     psi = 0.320*[#   1]+0.246*[#  11]+0.059*[#   2]+0.059*[#   3]+0.059*[#   4]
          +0.036*[#  21]+0.036*[#  22]+0.036*[#  23]+0.020*[#  25]+0.020*[#  26]
          +0.020*[#  28]+0.004*[#  10]+0.003*[#  15]+0.003*[#  18]+0.001*[#   5]
          +0.001*[#   8]
    |psi|^2 = 0.924
==== e(  25) =    21.02712 eV ==== 
     psi = 0.297*[#  20]+0.098*[#   2]+0.098*[#   3]+0.098*[#   4]+0.045*[#  21]
          +0.045*[#  22]+0.045*[#  23]+0.031*[#  11]+0.006*[#   1]+0.004*[#  16]
          +0.004*[#  17]+0.004*[#  19]+0.003*[#  10]+0.002*[#   6]+0.002*[#   7]
          +0.002*[#   9]+0.002*[#  24]+0.002*[#  27]
    |psi|^2 = 0.789
==== e(  26) =    23.41165 eV ==== 
     psi = 0.111*[#   1]+0.107*[#   2]+0.107*[#   3]+0.107*[#   4]+0.095*[#  11]
          +0.073*[#  20]+0.053*[#  21]+0.053*[#  22]+0.053*[#  23]+0.005*[#  25]
          +0.005*[#  26]+0.005*[#  28]+0.003*[#  10]+0.002*[#  15]+0.002*[#  18]
          +0.001*[#  24]+0.001*[#  27]
    |psi|^2 = 0.788
==== e(  27) =    26.05480 eV ==== 
     psi = 0.069*[#  20]+0.059*[#   2]+0.059*[#   3]+0.059*[#   4]+0.040*[#  21]
          +0.040*[#  22]+0.040*[#  23]+0.012*[#   1]+0.012*[#  11]
    |psi|^2 = 0.398
==== e(  28) =    26.82674 eV ==== 
     psi = 0.022*[#   2]+0.022*[#   3]+0.022*[#   4]+0.017*[#  20]+0.006*[#  11]
          +0.004*[#  21]+0.004*[#  22]+0.004*[#  23]
    |psi|^2 = 0.102

 k =   0.5833333333 -0.0833333333  0.9166666667
==== e(   1) =   -91.24286 eV ==== 
     psi = 0.961*[#  10]+0.009*[#  21]+0.009*[#  22]+0.009*[#  23]+0.005*[#  11]
          +0.001*[#   2]+0.001*[#   3]+0.001*[#   4]+0.001*[#  25]+0.001*[#  26]
          +0.001*[#  28]
    |psi|^2 = 1.000
==== e(   2) =   -51.63476 eV ==== 
     psi = 0.332*[#  12]+0.332*[#  13]+0.332*[#  14]+0.001*[#  20]
    |psi|^2 = 1.000
==== e(   3) =   -51.63443 eV ==== 
     psi = 0.332*[#  12]+0.332*[#  13]+0.332*[#  14]
    |psi|^2 = 1.000
==== e(   4) =   -51.63436 eV ==== 
     psi = 0.332*[#  12]+0.332*[#  13]+0.332*[#  14]
    |psi|^2 = 1.000
==== e(   5) =     6.89787 eV ==== 
     psi = 0.178*[#  25]+0.178*[#  26]+0.178*[#  28]+0.092*[#   1]+0.055*[#  11]
          +0.039*[#   5]+0.039*[#   8]+0.037*[#  15]+0.037*[#  18]+0.031*[#  20]
          +0.017*[#  21]+0.017*[#  22]+0.017*[#  23]+0.010*[#   2]+0.010*[#   3]
          +0.010*[#   4]+0.009*[#   6]+0.009*[#   7]+0.009*[#   9]+0.008*[#  16]
          +0.008*[#  17]+0.008*[#  19]+0.002*[#  10]
    |psi|^2 = 0.999
==== e(   6) =     7.07821 eV ==== 
     psi = 0.158*[#  25]+0.158*[#  26]+0.158*[#  28]+0.074*[#  11]+0.063*[#   1]
          +0.048*[#   5]+0.048*[#   8]+0.027*[#  21]+0.027*[#  22]+0.027*[#  23]
          +0.026*[#  20]+0.025*[#  15]+0.025*[#  18]+0.022*[#   6]+0.022*[#   7]
          +0.022*[#   9]+0.011*[#   2]+0.011*[#   3]+0.011*[#   4]+0.010*[#  16]
          +0.010*[#  17]+0.010*[#  19]+0.003*[#  10]+0.001*[#  24]+0.001*[#  27]
          
    |psi|^2 = 0.999
==== e(   7) =     7.52668 eV ==== 
     psi = 0.281*[#  24]+0.281*[#  27]+0.071*[#   6]+0.071*[#   7]+0.071*[#   9]
          +0.031*[#   2]+0.031*[#   3]+0.031*[#   4]+0.021*[#  16]+0.021*[#  17]
          +0.021*[#  19]+0.008*[#  21]+0.008*[#  22]+0.008*[#  23]+0.008*[#  25]
          +0.008*[#  26]+0.008*[#  28]+0.004*[#   5]+0.004*[#   8]+0.002*[#  15]
          +0.002*[#  18]
    |psi|^2 = 0.998
==== e(   8) =     7.63809 eV ==== 
     psi = 0.251*[#  20]+0.096*[#   6]+0.096*[#   7]+0.096*[#   9]+0.056*[#   2]
          +0.056*[#   3]+0.056*[#   4]+0.050*[#  16]+0.050*[#  17]+0.050*[#  19]
          +0.035*[#  25]+0.035*[#  26]+0.035*[#  28]+0.009*[#   5]+0.009*[#   8]
          +0.006*[#  15]+0.006*[#  18]+0.001*[#   1]
    |psi|^2 = 0.998
==== e(   9) =     7.93126 eV ==== 
     psi = 0.199*[#  25]+0.199*[#  26]+0.199*[#  28]+0.055*[#   6]+0.055*[#   7]
          +0.055*[#   9]+0.055*[#  16]+0.055*[#  17]+0.055*[#  19]+0.017*[#  24]
          +0.017*[#  27]+0.005*[#   2]+0.005*[#   3]+0.005*[#   4]+0.005*[#   5]
          +0.005*[#   8]+0.002*[#  15]+0.002*[#  18]+0.002*[#  20]+0.001*[#  21]
          +0.001*[#  22]+0.001*[#  23]
    |psi|^2 = 0.999
==== e(  10) =     8.71346 eV ==== 
     psi = 0.339*[#  24]+0.339*[#  27]+0.043*[#   6]+0.043*[#   7]+0.043*[#   9]
          +0.038*[#   5]+0.038*[#   8]+0.016*[#   2]+0.016*[#   3]+0.016*[#   4]
          +0.012*[#  16]+0.012*[#  17]+0.012*[#  19]+0.009*[#  20]+0.006*[#  15]
          +0.006*[#  18]+0.002*[#  11]+0.002*[#  21]+0.002*[#  22]+0.002*[#  23]
          +0.002*[#  25]+0.002*[#  26]+0.002*[#  28]
    |psi|^2 = 0.998
==== e(  11) =     8.97619 eV ==== 
     psi = 0.172*[#   5]+0.172*[#   8]+0.109*[#   6]+0.109*[#   7]+0.109*[#   9]
          +0.033*[#  11]+0.030*[#  21]+0.030*[#  22]+0.030*[#  23]+0.022*[#   1]
          +0.020*[#  24]+0.020*[#  27]+0.017*[#  15]+0.017*[#  18]+0.017*[#  25]
          +0.017*[#  26]+0.017*[#  28]+0.010*[#   2]+0.010*[#   3]+0.010*[#   4]
          +0.009*[#  16]+0.009*[#  17]+0.009*[#  19]+0.003*[#  20]
    |psi|^2 = 0.998
==== e(  12) =     9.23627 eV ==== 
     psi = 0.338*[#   5]+0.338*[#   8]+0.047*[#   6]+0.047*[#   7]+0.047*[#   9]
          +0.031*[#  24]+0.031*[#  27]+0.015*[#   1]+0.015*[#  21]+0.015*[#  22]
          +0.015*[#  23]+0.011*[#  15]+0.011*[#  18]+0.007*[#  16]+0.007*[#  17]
          +0.007*[#  19]+0.002*[#   2]+0.002*[#   3]+0.002*[#   4]+0.002*[#  25]
          +0.002*[#  26]+0.002*[#  28]+0.001*[#  11]+0.001*[#  20]
    |psi|^2 = 0.998
==== e(  13) =     9.78309 eV ==== 
     psi = 0.136*[#  16]+0.136*[#  17]+0.136*[#  19]+0.119*[#  15]+0.119*[#  18]
          +0.044*[#   5]+0.044*[#   8]+0.031*[#   1]+0.027*[#   6]+0.027*[#   7]
          +0.027*[#   9]+0.025*[#  25]+0.025*[#  26]+0.025*[#  28]+0.018*[#  21]
          +0.018*[#  22]+0.018*[#  23]+0.006*[#  24]+0.006*[#  27]+0.003*[#  20]
          +0.002*[#   2]+0.002*[#   3]+0.002*[#   4]
    |psi|^2 = 0.997
==== e(  14) =     9.92215 eV ==== 
     psi = 0.147*[#  15]+0.147*[#  18]+0.118*[#   6]+0.118*[#   7]+0.118*[#   9]
          +0.048*[#  16]+0.048*[#  17]+0.048*[#  19]+0.020*[#  11]+0.020*[#   5]
          +0.020*[#   8]+0.019*[#   2]+0.019*[#   3]+0.019*[#   4]+0.013*[#  21]
          +0.013*[#  22]+0.013*[#  23]+0.011*[#  24]+0.011*[#  27]+0.011*[#  20]
          +0.004*[#  25]+0.004*[#  26]+0.004*[#  28]+0.003*[#   1]
    |psi|^2 = 0.998
==== e(  15) =    10.11208 eV ==== 
     psi = 0.137*[#   6]+0.137*[#   7]+0.137*[#   9]+0.108*[#  16]+0.108*[#  17]
          +0.108*[#  19]+0.041*[#  15]+0.041*[#  18]+0.037*[#  24]+0.037*[#  27]
          +0.010*[#  21]+0.010*[#  22]+0.010*[#  23]+0.009*[#  20]+0.008*[#  11]
          +0.008*[#  25]+0.008*[#  26]+0.008*[#  28]+0.007*[#   2]+0.007*[#   3]
          +0.007*[#   4]+0.007*[#   5]+0.007*[#   8]+0.002*[#   1]
    |psi|^2 = 0.998
==== e(  16) =    10.18167 eV ==== 
     psi = 0.150*[#  15]+0.150*[#  18]+0.072*[#  16]+0.072*[#  17]+0.072*[#  19]
          +0.067*[#   6]+0.067*[#   7]+0.067*[#   9]+0.050*[#  24]+0.050*[#  27]
          +0.025*[#   5]+0.025*[#   8]+0.015*[#  21]+0.015*[#  22]+0.015*[#  23]
          +0.013*[#  25]+0.013*[#  26]+0.013*[#  28]+0.011*[#   2]+0.011*[#   3]
          +0.011*[#   4]+0.010*[#  11]+0.003*[#   1]
    |psi|^2 = 0.997
==== e(  17) =    10.43741 eV ==== 
     psi = 0.179*[#   5]+0.179*[#   8]+0.097*[#   6]+0.097*[#   7]+0.097*[#   9]
          +0.066*[#  25]+0.066*[#  26]+0.066*[#  28]+0.046*[#  15]+0.046*[#  18]
          +0.017*[#  24]+0.017*[#  27]+0.016*[#  11]+0.002*[#  21]+0.002*[#  22]
          +0.002*[#  23]+0.001*[#  16]+0.001*[#  17]+0.001*[#  19]
    |psi|^2 = 0.999
==== e(  18) =    11.25335 eV ==== 
     psi = 0.223*[#  15]+0.223*[#  18]+0.113*[#  16]+0.113*[#  17]+0.113*[#  19]
          +0.044*[#  25]+0.044*[#  26]+0.044*[#  28]+0.019*[#   1]+0.012*[#  24]
          +0.012*[#  27]+0.004*[#   5]+0.004*[#   8]+0.003*[#  20]+0.003*[#   2]
          +0.003*[#   3]+0.003*[#   4]+0.003*[#  21]+0.003*[#  22]+0.003*[#  23]
          +0.003*[#   6]+0.003*[#   7]+0.003*[#   9]
    |psi|^2 = 0.998
==== e(  19) =    11.54007 eV ==== 
     psi = 0.159*[#  16]+0.159*[#  17]+0.159*[#  19]+0.096*[#  25]+0.096*[#  26]
          +0.096*[#  28]+0.043*[#   6]+0.043*[#   7]+0.043*[#   9]+0.013*[#  15]
          +0.013*[#  18]+0.008*[#   5]+0.008*[#   8]+0.008*[#  21]+0.008*[#  22]
          +0.008*[#  23]+0.007*[#  20]+0.006*[#   2]+0.006*[#   3]+0.006*[#   4]
          +0.005*[#   1]+0.003*[#  24]+0.003*[#  27]
    |psi|^2 = 0.997
==== e(  20) =    11.75983 eV ==== 
     psi = 0.137*[#  16]+0.137*[#  17]+0.137*[#  19]+0.088*[#  20]+0.051*[#  24]
          +0.051*[#  27]+0.046*[#   2]+0.046*[#   3]+0.046*[#   4]+0.040*[#  25]
          +0.040*[#  26]+0.040*[#  28]+0.033*[#   6]+0.033*[#   7]+0.033*[#   9]
          +0.007*[#  15]+0.007*[#  18]+0.004*[#  21]+0.004*[#  22]+0.004*[#  23]
          +0.003*[#   5]+0.003*[#   8]+0.002*[#  11]+0.002*[#   1]
    |psi|^2 = 0.996
==== e(  21) =    12.05941 eV ==== 
     psi = 0.081*[#  21]+0.081*[#  22]+0.081*[#  23]+0.078*[#  15]+0.078*[#  18]
          +0.060*[#  11]+0.051*[#   2]+0.051*[#   3]+0.051*[#   4]+0.049*[#  24]
          +0.049*[#  27]+0.041*[#   1]+0.033*[#  25]+0.033*[#  26]+0.033*[#  28]
          +0.027*[#   5]+0.027*[#   8]+0.019*[#  16]+0.019*[#  17]+0.019*[#  19]
          +0.009*[#  20]+0.008*[#   6]+0.008*[#   7]+0.008*[#   9]+0.002*[#  10]
          
    |psi|^2 = 0.996
==== e(  22) =    12.89866 eV ==== 
     psi = 0.094*[#  21]+0.094*[#  22]+0.094*[#  23]+0.077*[#  11]+0.077*[#   1]
          +0.048*[#  15]+0.048*[#  18]+0.047*[#   2]+0.047*[#   3]+0.047*[#   4]
          +0.037*[#  20]+0.034*[#  25]+0.034*[#  26]+0.034*[#  28]+0.023*[#  16]
          +0.023*[#  17]+0.023*[#  19]+0.021*[#   5]+0.021*[#   8]+0.019*[#  24]
          +0.019*[#  27]+0.009*[#   6]+0.009*[#   7]+0.009*[#   9]
    |psi|^2 = 0.993
==== e(  23) =    13.83945 eV ==== 
     psi = 0.132*[#   2]+0.132*[#   3]+0.132*[#   4]+0.112*[#  21]+0.112*[#  22]
          +0.112*[#  23]+0.048*[#  24]+0.048*[#  27]+0.030*[#  11]+0.026*[#   1]
          +0.014*[#  15]+0.014*[#  18]+0.011*[#  25]+0.011*[#  26]+0.011*[#  28]
          +0.006*[#   5]+0.006*[#   8]+0.005*[#  16]+0.005*[#  17]+0.005*[#  19]
          +0.002*[#   6]+0.002*[#   7]+0.002*[#   9]+0.001*[#  20]
    |psi|^2 = 0.984
==== e(  24) =    20.92742 eV ==== 
     psi = 0.219*[#   1]+0.156*[#  11]+0.078*[#   2]+0.078*[#   3]+0.078*[#   4]
          +0.058*[#  20]+0.053*[#  21]+0.053*[#  22]+0.053*[#  23]+0.012*[#  25]
          +0.012*[#  26]+0.012*[#  28]+0.003*[#  10]+0.002*[#  15]+0.002*[#  18]
          +0.002*[#  16]+0.002*[#  17]+0.002*[#  19]
    |psi|^2 = 0.878
==== e(  25) =    22.32677 eV ==== 
     psi = 0.124*[#  20]+0.103*[#   1]+0.082*[#   2]+0.082*[#   3]+0.082*[#   4]
          +0.078*[#  11]+0.057*[#  21]+0.057*[#  22]+0.057*[#  23]+0.004*[#  25]
          +0.004*[#  26]+0.004*[#  28]+0.002*[#  10]+0.002*[#  16]+0.002*[#  17]
          +0.002*[#  19]+0.001*[#  15]+0.001*[#  18]
    |psi|^2 = 0.750
==== e(  26) =    22.96298 eV ==== 
     psi = 0.130*[#   1]+0.121*[#  11]+0.118*[#  20]+0.108*[#   2]+0.108*[#   3]
          +0.108*[#   4]+0.036*[#  21]+0.036*[#  22]+0.036*[#  23]+0.006*[#  25]
          +0.006*[#  26]+0.006*[#  28]+0.004*[#  10]+0.002*[#  15]+0.002*[#  18]
          +0.001*[#  16]+0.001*[#  17]+0.001*[#  19]+0.001*[#  24]+0.001*[#  27]
          
    |psi|^2 = 0.837
==== e(  27) =    24.40591 eV ==== 
     psi = 0.135*[#  20]+0.082*[#   2]+0.082*[#   3]+0.082*[#   4]+0.049*[#  21]
          +0.049*[#  22]+0.049*[#  23]+0.030*[#   1]+0.026*[#  11]+0.001*[#  16]
          +0.001*[#  17]+0.001*[#  19]+0.001*[#  10]+0.001*[#  25]+0.001*[#  26]
          +0.001*[#  28]
    |psi|^2 = 0.597
==== e(  28) =    27.06891 eV ==== 
     psi = 0.026*[#   2]+0.026*[#   3]+0.026*[#   4]+0.023*[#  20]+0.015*[#  11]
          +0.013*[#  21]+0.013*[#  22]+0.013*[#  23]+0.007*[#   1]+0.001*[#  10]
          
    |psi|^2 = 0.165

 k =   0.5000000000  0.0000000000  0.8333333333
==== e(   1) =   -91.24287 eV ==== 
     psi = 0.961*[#  10]+0.008*[#  21]+0.008*[#  22]+0.008*[#  23]+0.005*[#  11]
          +0.002*[#   2]+0.002*[#   3]+0.002*[#   4]+0.001*[#  25]+0.001*[#  26]
          +0.001*[#  28]
    |psi|^2 = 1.000
==== e(   2) =   -51.63475 eV ==== 
     psi = 0.332*[#  12]+0.332*[#  13]+0.332*[#  14]+0.001*[#  20]
    |psi|^2 = 1.000
==== e(   3) =   -51.63445 eV ==== 
     psi = 0.332*[#  12]+0.332*[#  13]+0.332*[#  14]
    |psi|^2 = 1.000
==== e(   4) =   -51.63434 eV ==== 
     psi = 0.332*[#  12]+0.332*[#  13]+0.332*[#  14]
    |psi|^2 = 1.000
==== e(   5) =     6.82949 eV ==== 
     psi = 0.133*[#  25]+0.133*[#  26]+0.133*[#  28]+0.098*[#   1]+0.083*[#  20]
          +0.059*[#  11]+0.029*[#   2]+0.029*[#   3]+0.029*[#   4]+0.028*[#  21]
          +0.028*[#  22]+0.028*[#  23]+0.027*[#  15]+0.027*[#  18]+0.027*[#   5]
          +0.027*[#   8]+0.014*[#   6]+0.014*[#   7]+0.014*[#   9]+0.011*[#  16]
          +0.011*[#  17]+0.011*[#  19]+0.003*[#  10]
    |psi|^2 = 0.998
==== e(   6) =     7.07808 eV ==== 
     psi = 0.190*[#  25]+0.190*[#  26]+0.190*[#  28]+0.072*[#  11]+0.062*[#   1]
          +0.053*[#   5]+0.053*[#   8]+0.028*[#  15]+0.028*[#  18]+0.018*[#  21]
          +0.018*[#  22]+0.018*[#  23]+0.017*[#   6]+0.017*[#   7]+0.017*[#   9]
          +0.007*[#  16]+0.007*[#  17]+0.007*[#  19]+0.002*[#  10]+0.002*[#   2]
          +0.002*[#   3]+0.002*[#   4]
    |psi|^2 = 0.999
==== e(   7) =     7.56966 eV ==== 
     psi = 0.267*[#  24]+0.267*[#  27]+0.072*[#   6]+0.072*[#   7]+0.072*[#   9]
          +0.028*[#   2]+0.028*[#   3]+0.028*[#   4]+0.017*[#  16]+0.017*[#  17]
          +0.017*[#  19]+0.016*[#  25]+0.016*[#  26]+0.016*[#  28]+0.011*[#   5]
          +0.011*[#   8]+0.009*[#  21]+0.009*[#  22]+0.009*[#  23]+0.006*[#  15]
          +0.006*[#  18]+0.004*[#  20]
    |psi|^2 = 0.998
==== e(   8) =     7.64617 eV ==== 
     psi = 0.220*[#  20]+0.098*[#   6]+0.098*[#   7]+0.098*[#   9]+0.050*[#  16]
          +0.050*[#  17]+0.050*[#  19]+0.048*[#   2]+0.048*[#   3]+0.048*[#   4]
          +0.045*[#  25]+0.045*[#  26]+0.045*[#  28]+0.011*[#   5]+0.011*[#   8]
          +0.007*[#  24]+0.007*[#  27]+0.007*[#  15]+0.007*[#  18]
    |psi|^2 = 0.998
==== e(   9) =     7.91173 eV ==== 
     psi = 0.199*[#  25]+0.199*[#  26]+0.199*[#  28]+0.056*[#  16]+0.056*[#  17]
          +0.056*[#  19]+0.044*[#   6]+0.044*[#   7]+0.044*[#   9]+0.023*[#  24]
          +0.023*[#  27]+0.010*[#   5]+0.010*[#   8]+0.006*[#   2]+0.006*[#   3]
          +0.006*[#   4]+0.005*[#  15]+0.005*[#  18]+0.002*[#  21]+0.002*[#  22]
          +0.002*[#  23]+0.001*[#   1]+0.001*[#  11]
    |psi|^2 = 0.999
==== e(  10) =     8.60900 eV ==== 
     psi = 0.334*[#  24]+0.334*[#  27]+0.042*[#   6]+0.042*[#   7]+0.042*[#   9]
          +0.040*[#   5]+0.040*[#   8]+0.016*[#   2]+0.016*[#   3]+0.016*[#   4]
          +0.013*[#  16]+0.013*[#  17]+0.013*[#  19]+0.011*[#  15]+0.011*[#  18]
          +0.008*[#  20]+0.001*[#  25]+0.001*[#  26]+0.001*[#  28]+0.001*[#  21]
          +0.001*[#  22]+0.001*[#  23]
    |psi|^2 = 0.998
==== e(  11) =     9.08063 eV ==== 
     psi = 0.191*[#   5]+0.191*[#   8]+0.144*[#   6]+0.144*[#   7]+0.144*[#   9]
          +0.028*[#  11]+0.017*[#  21]+0.017*[#  22]+0.017*[#  23]+0.013*[#  24]
          +0.013*[#  27]+0.012*[#  25]+0.012*[#  26]+0.012*[#  28]+0.010*[#   2]
          +0.010*[#   3]+0.010*[#   4]+0.003*[#  20]+0.003*[#  15]+0.003*[#  18]
          +0.002*[#   1]+0.001*[#  16]+0.001*[#  17]+0.001*[#  19]
    |psi|^2 = 0.998
==== e(  12) =     9.25167 eV ==== 
     psi = 0.322*[#   5]+0.322*[#   8]+0.035*[#  24]+0.035*[#  27]+0.033*[#   1]
          +0.028*[#  21]+0.028*[#  22]+0.028*[#  23]+0.026*[#   6]+0.026*[#   7]
          +0.026*[#   9]+0.019*[#  16]+0.019*[#  17]+0.019*[#  19]+0.005*[#  15]
          +0.005*[#  18]+0.004*[#   2]+0.004*[#   3]+0.004*[#   4]+0.003*[#  11]
          +0.003*[#  25]+0.003*[#  26]+0.003*[#  28]+0.001*[#  20]
    |psi|^2 = 0.998
==== e(  13) =     9.79726 eV ==== 
     psi = 0.131*[#  15]+0.131*[#  18]+0.102*[#  16]+0.102*[#  17]+0.102*[#  19]
          +0.054*[#   6]+0.054*[#   7]+0.054*[#   9]+0.042*[#   5]+0.042*[#   8]
          +0.021*[#   1]+0.018*[#  25]+0.018*[#  26]+0.018*[#  28]+0.015*[#  21]
          +0.015*[#  22]+0.015*[#  23]+0.010*[#   2]+0.010*[#   3]+0.010*[#   4]
          +0.009*[#  20]+0.008*[#  11]+0.007*[#  24]+0.007*[#  27]
    |psi|^2 = 0.997
==== e(  14) =     9.82383 eV ==== 
     psi = 0.153*[#  15]+0.153*[#  18]+0.091*[#   6]+0.091*[#   7]+0.091*[#   9]
          +0.058*[#  16]+0.058*[#  17]+0.058*[#  19]+0.026*[#   5]+0.026*[#   8]
          +0.020*[#  21]+0.020*[#  22]+0.020*[#  23]+0.019*[#  11]+0.016*[#   2]
          +0.016*[#   3]+0.016*[#   4]+0.014*[#   1]+0.011*[#  25]+0.011*[#  26]
          +0.011*[#  28]+0.006*[#  24]+0.006*[#  27]+0.004*[#  20]+0.001*[#  10]
          
    |psi|^2 = 0.997
==== e(  15) =    10.11513 eV ==== 
     psi = 0.129*[#   6]+0.129*[#   7]+0.129*[#   9]+0.125*[#  16]+0.125*[#  17]
          +0.125*[#  19]+0.033*[#  24]+0.033*[#  27]+0.027*[#  15]+0.027*[#  18]
          +0.011*[#  21]+0.011*[#  22]+0.011*[#  23]+0.009*[#   5]+0.009*[#   8]
          +0.009*[#  11]+0.009*[#  20]+0.008*[#  25]+0.008*[#  26]+0.008*[#  28]
          +0.007*[#   2]+0.007*[#   3]+0.007*[#   4]+0.002*[#   1]
    |psi|^2 = 0.998
==== e(  16) =    10.16983 eV ==== 
     psi = 0.145*[#  15]+0.145*[#  18]+0.080*[#  16]+0.080*[#  17]+0.080*[#  19]
          +0.062*[#   6]+0.062*[#   7]+0.062*[#   9]+0.044*[#  24]+0.044*[#  27]
          +0.027*[#   5]+0.027*[#   8]+0.018*[#  25]+0.018*[#  26]+0.018*[#  28]
          +0.015*[#  21]+0.015*[#  22]+0.015*[#  23]+0.010*[#   2]+0.010*[#   3]
          +0.010*[#   4]+0.007*[#  11]+0.004*[#   1]
    |psi|^2 = 0.997
==== e(  17) =    10.43709 eV ==== 
     psi = 0.156*[#   5]+0.156*[#   8]+0.104*[#   6]+0.104*[#   7]+0.104*[#   9]
          +0.059*[#  25]+0.059*[#  26]+0.059*[#  28]+0.052*[#  15]+0.052*[#  18]
          +0.036*[#  24]+0.036*[#  27]+0.012*[#  11]+0.002*[#  16]+0.002*[#  17]
          +0.002*[#  19]+0.001*[#   2]+0.001*[#   3]+0.001*[#   4]
    |psi|^2 = 0.999
==== e(  18) =    11.20882 eV ==== 
     psi = 0.232*[#  15]+0.232*[#  18]+0.099*[#  16]+0.099*[#  17]+0.099*[#  19]
          +0.029*[#  25]+0.029*[#  26]+0.029*[#  28]+0.024*[#   1]+0.022*[#  24]
          +0.022*[#  27]+0.012*[#   5]+0.012*[#   8]+0.007*[#  20]+0.006*[#   6]
          +0.006*[#   7]+0.006*[#   9]+0.005*[#  21]+0.005*[#  22]+0.005*[#  23]
          +0.005*[#   2]+0.005*[#   3]+0.005*[#   4]
    |psi|^2 = 0.998
==== e(  19) =    11.43122 eV ==== 
     psi = 0.133*[#  16]+0.133*[#  17]+0.133*[#  19]+0.086*[#  25]+0.086*[#  26]
          +0.086*[#  28]+0.036*[#   6]+0.036*[#   7]+0.036*[#   9]+0.023*[#  24]
          +0.023*[#  27]+0.020*[#   2]+0.020*[#   3]+0.020*[#   4]+0.020*[#  21]
          +0.020*[#  22]+0.020*[#  23]+0.016*[#  20]+0.015*[#   5]+0.015*[#   8]
          +0.005*[#   1]+0.005*[#  11]+0.004*[#  15]+0.004*[#  18]
    |psi|^2 = 0.997
==== e(  20) =    11.59831 eV ==== 
     psi = 0.142*[#  16]+0.142*[#  17]+0.142*[#  19]+0.074*[#  25]+0.074*[#  26]
          +0.074*[#  28]+0.055*[#  15]+0.055*[#  18]+0.034*[#  24]+0.034*[#  27]
          +0.026*[#   6]+0.026*[#   7]+0.026*[#   9]+0.016*[#   2]+0.016*[#   3]
          +0.016*[#   4]+0.015*[#  20]+0.007*[#  11]+0.005*[#  21]+0.005*[#  22]
          +0.005*[#  23]+0.003*[#   5]+0.003*[#   8]
    |psi|^2 = 0.998
==== e(  21) =    12.36748 eV ==== 
     psi = 0.108*[#  20]+0.085*[#   2]+0.085*[#   3]+0.085*[#   4]+0.071*[#  24]
          +0.071*[#  27]+0.055*[#  21]+0.055*[#  22]+0.055*[#  23]+0.041*[#  16]
          +0.041*[#  17]+0.041*[#  19]+0.040*[#  11]+0.030*[#  15]+0.030*[#  18]
          +0.017*[#   6]+0.017*[#   7]+0.017*[#   9]+0.015*[#   5]+0.015*[#   8]
          +0.015*[#   1]+0.002*[#  25]+0.002*[#  26]+0.002*[#  28]
    |psi|^2 = 0.993
==== e(  22) =    12.78449 eV ==== 
     psi = 0.098*[#  21]+0.098*[#  22]+0.098*[#  23]+0.093*[#   1]+0.078*[#  11]
          +0.058*[#  25]+0.058*[#  26]+0.058*[#  28]+0.054*[#  15]+0.054*[#  18]
          +0.032*[#  16]+0.032*[#  17]+0.032*[#  19]+0.023*[#   2]+0.023*[#   3]
          +0.023*[#   4]+0.022*[#   5]+0.022*[#   8]+0.011*[#   6]+0.011*[#   7]
          +0.011*[#   9]+0.002*[#  24]+0.002*[#  27]
    |psi|^2 = 0.994
==== e(  23) =    14.29263 eV ==== 
     psi = 0.124*[#   2]+0.124*[#   3]+0.124*[#   4]+0.111*[#  21]+0.111*[#  22]
          +0.111*[#  23]+0.045*[#  11]+0.038*[#   1]+0.036*[#  24]+0.036*[#  27]
          +0.017*[#  15]+0.017*[#  18]+0.011*[#  25]+0.011*[#  26]+0.011*[#  28]
          +0.009*[#  20]+0.007*[#   5]+0.007*[#   8]+0.006*[#  16]+0.006*[#  17]
          +0.006*[#  19]+0.003*[#   6]+0.003*[#   7]+0.003*[#   9]
    |psi|^2 = 0.977
==== e(  24) =    21.16167 eV ==== 
     psi = 0.196*[#   1]+0.119*[#  11]+0.080*[#   2]+0.080*[#   3]+0.080*[#   4]
          +0.076*[#  21]+0.076*[#  22]+0.076*[#  23]+0.016*[#  20]+0.009*[#  25]
          +0.009*[#  26]+0.009*[#  28]+0.003*[#  10]+0.002*[#  15]+0.002*[#  18]
          +0.002*[#  16]+0.002*[#  17]+0.002*[#  19]
    |psi|^2 = 0.839
==== e(  25) =    22.31267 eV ==== 
     psi = 0.201*[#  11]+0.199*[#   1]+0.095*[#   2]+0.095*[#   3]+0.095*[#   4]
          +0.041*[#  21]+0.041*[#  22]+0.041*[#  23]+0.011*[#  25]+0.011*[#  26]
          +0.011*[#  28]+0.005*[#  10]+0.003*[#  15]+0.003*[#  18]
    |psi|^2 = 0.856
==== e(  26) =    23.11914 eV ==== 
     psi = 0.278*[#  20]+0.097*[#   2]+0.097*[#   3]+0.097*[#   4]+0.031*[#  21]
          +0.031*[#  22]+0.031*[#  23]+0.007*[#   1]+0.005*[#  11]+0.003*[#  16]
          +0.003*[#  17]+0.003*[#  19]+0.002*[#  24]+0.002*[#  27]+0.001*[#   6]
          +0.001*[#   7]+0.001*[#   9]
    |psi|^2 = 0.689
==== e(  27) =    24.02868 eV ==== 
     psi = 0.127*[#  20]+0.074*[#   2]+0.074*[#   3]+0.074*[#   4]+0.057*[#   1]
          +0.050*[#  11]+0.039*[#  21]+0.039*[#  22]+0.039*[#  23]+0.002*[#  10]
          +0.002*[#  25]+0.002*[#  26]+0.002*[#  28]+0.001*[#  16]+0.001*[#  17]
          +0.001*[#  19]
    |psi|^2 = 0.591
==== e(  28) =    26.56519 eV ==== 
     psi = 0.029*[#   2]+0.029*[#   3]+0.029*[#   4]+0.029*[#  11]+0.025*[#  20]
          +0.019*[#  21]+0.019*[#  22]+0.019*[#  23]+0.011*[#   1]+0.002*[#  10]
          
    |psi|^2 = 0.212

 k =  -0.3333333333 -1.0000000000  0.0000000000
==== e(   1) =   -91.24294 eV ==== 
     psi = 0.960*[#  10]+0.010*[#  21]+0.010*[#  22]+0.010*[#  23]+0.005*[#  11]
          +0.001*[#  25]+0.001*[#  26]+0.001*[#  28]
    |psi|^2 = 1.000
==== e(   2) =   -51.63484 eV ==== 
     psi = 0.332*[#  12]+0.332*[#  13]+0.332*[#  14]
    |psi|^2 = 1.000
==== e(   3) =   -51.63444 eV ==== 
     psi = 0.332*[#  12]+0.332*[#  13]+0.332*[#  14]
    |psi|^2 = 1.000
==== e(   4) =   -51.63444 eV ==== 
     psi = 0.332*[#  12]+0.332*[#  13]+0.332*[#  14]
    |psi|^2 = 1.000
==== e(   5) =     6.85235 eV ==== 
     psi = 0.203*[#  25]+0.203*[#  26]+0.203*[#  28]+0.078*[#   1]+0.061*[#  11]
          +0.053*[#   5]+0.053*[#   8]+0.042*[#  15]+0.042*[#  18]+0.009*[#  21]
          +0.009*[#  22]+0.009*[#  23]+0.006*[#   6]+0.006*[#   7]+0.006*[#   9]
          +0.004*[#  16]+0.004*[#  17]+0.004*[#  19]+0.001*[#  10]
    |psi|^2 = 0.999
==== e(   6) =     7.25324 eV ==== 
     psi = 0.163*[#  25]+0.163*[#  26]+0.163*[#  28]+0.072*[#   1]+0.066*[#  11]
          +0.048*[#   5]+0.048*[#   8]+0.033*[#  21]+0.033*[#  22]+0.033*[#  23]
          +0.030*[#  15]+0.030*[#  18]+0.024*[#   6]+0.024*[#   7]+0.024*[#   9]
          +0.013*[#  16]+0.013*[#  17]+0.013*[#  19]+0.003*[#  10]
    |psi|^2 = 0.999
==== e(   7) =     7.44345 eV ==== 
     psi = 0.293*[#  24]+0.293*[#  27]+0.059*[#   6]+0.059*[#   7]+0.059*[#   9]
          +0.044*[#   2]+0.044*[#   3]+0.044*[#   4]+0.022*[#  16]+0.022*[#  17]
          +0.022*[#  19]+0.007*[#  21]+0.007*[#  22]+0.007*[#  23]+0.006*[#  20]
          +0.003*[#  25]+0.003*[#  26]+0.003*[#  28]
    |psi|^2 = 0.998
==== e(   8) =     7.61368 eV ==== 
     psi = 0.312*[#  20]+0.102*[#   6]+0.102*[#   7]+0.102*[#   9]+0.071*[#   2]
          +0.071*[#   3]+0.071*[#   4]+0.055*[#  16]+0.055*[#  17]+0.055*[#  19]
          
    |psi|^2 = 0.998
==== e(   9) =     7.94271 eV ==== 
     psi = 0.201*[#  25]+0.201*[#  26]+0.201*[#  28]+0.070*[#   6]+0.070*[#   7]
          +0.070*[#   9]+0.051*[#  16]+0.051*[#  17]+0.051*[#  19]+0.011*[#  24]
          +0.011*[#  27]+0.003*[#   2]+0.003*[#   3]+0.003*[#   4]
    |psi|^2 = 0.999
==== e(  10) =     8.74947 eV ==== 
     psi = 0.152*[#   5]+0.152*[#   8]+0.087*[#   6]+0.087*[#   7]+0.087*[#   9]
          +0.047*[#  21]+0.047*[#  22]+0.047*[#  23]+0.045*[#  11]+0.044*[#   1]
          +0.032*[#  15]+0.032*[#  18]+0.028*[#  25]+0.028*[#  26]+0.028*[#  28]
          +0.011*[#  16]+0.011*[#  17]+0.011*[#  19]+0.007*[#   2]+0.007*[#   3]
          +0.007*[#   4]+0.002*[#  10]
    |psi|^2 = 0.998
==== e(  11) =     8.91831 eV ==== 
     psi = 0.400*[#  24]+0.400*[#  27]+0.028*[#   6]+0.028*[#   7]+0.028*[#   9]
          +0.017*[#  16]+0.017*[#  17]+0.017*[#  19]+0.016*[#   2]+0.016*[#   3]
          +0.016*[#   4]+0.010*[#  20]+0.002*[#  25]+0.002*[#  26]+0.002*[#  28]
          
    |psi|^2 = 0.998
==== e(  12) =     9.16735 eV ==== 
     psi = 0.365*[#   5]+0.365*[#   8]+0.050*[#   6]+0.050*[#   7]+0.050*[#   9]
          +0.045*[#  15]+0.045*[#  18]+0.006*[#  21]+0.006*[#  22]+0.006*[#  23]
          +0.004*[#   1]+0.002*[#  25]+0.002*[#  26]+0.002*[#  28]
    |psi|^2 = 0.998
==== e(  13) =     9.76019 eV ==== 
     psi = 0.138*[#  16]+0.138*[#  17]+0.138*[#  19]+0.082*[#  15]+0.082*[#  18]
          +0.070*[#   6]+0.070*[#   7]+0.070*[#   9]+0.037*[#   5]+0.037*[#   8]
          +0.025*[#  25]+0.025*[#  26]+0.025*[#  28]+0.023*[#   1]+0.013*[#  21]
          +0.013*[#  22]+0.013*[#  23]
    |psi|^2 = 0.998
==== e(  14) =    10.04140 eV ==== 
     psi = 0.172*[#   6]+0.172*[#   7]+0.172*[#   9]+0.089*[#  16]+0.089*[#  17]
          +0.089*[#  19]+0.065*[#  24]+0.065*[#  27]+0.015*[#  20]+0.012*[#  25]
          +0.012*[#  26]+0.012*[#  28]+0.007*[#   2]+0.007*[#   3]+0.007*[#   4]
          +0.005*[#  21]+0.005*[#  22]+0.005*[#  23]
    |psi|^2 = 0.998
==== e(  15) =    10.14150 eV ==== 
     psi = 0.153*[#   6]+0.153*[#   7]+0.153*[#   9]+0.129*[#  16]+0.129*[#  17]
          +0.129*[#  19]+0.047*[#  24]+0.047*[#  27]+0.008*[#  20]+0.006*[#  21]
          +0.006*[#  22]+0.006*[#  23]+0.006*[#  25]+0.006*[#  26]+0.006*[#  28]
          +0.005*[#   2]+0.005*[#   3]+0.005*[#   4]
    |psi|^2 = 0.998
==== e(  16) =    10.21950 eV ==== 
     psi = 0.321*[#  15]+0.321*[#  18]+0.082*[#   5]+0.082*[#   8]+0.034*[#  11]
          +0.018*[#   2]+0.018*[#   3]+0.018*[#   4]+0.018*[#  21]+0.018*[#  22]
          +0.018*[#  23]+0.006*[#  25]+0.006*[#  26]+0.006*[#  28]+0.006*[#  16]
          +0.006*[#  17]+0.006*[#  19]+0.003*[#   6]+0.003*[#   7]+0.003*[#   9]
          +0.002*[#   1]
    |psi|^2 = 0.997
==== e(  17) =    10.46069 eV ==== 
     psi = 0.196*[#   5]+0.196*[#   8]+0.080*[#  15]+0.080*[#  18]+0.069*[#   6]
          +0.069*[#   7]+0.069*[#   9]+0.066*[#  25]+0.066*[#  26]+0.066*[#  28]
          +0.017*[#  11]+0.005*[#  21]+0.005*[#  22]+0.005*[#  23]+0.003*[#   1]
          +0.002*[#  16]+0.002*[#  17]+0.002*[#  19]+0.001*[#   2]+0.001*[#   3]
          +0.001*[#   4]
    |psi|^2 = 0.999
==== e(  18) =    11.31572 eV ==== 
     psi = 0.200*[#  15]+0.200*[#  18]+0.121*[#  16]+0.121*[#  17]+0.121*[#  19]
          +0.061*[#  25]+0.061*[#  26]+0.061*[#  28]+0.016*[#   1]+0.008*[#   6]
          +0.008*[#   7]+0.008*[#   9]+0.002*[#   5]+0.002*[#   8]+0.002*[#  21]
          +0.002*[#  22]+0.002*[#  23]+0.001*[#  11]
    |psi|^2 = 0.998
==== e(  19) =    11.59792 eV ==== 
     psi = 0.171*[#  16]+0.171*[#  17]+0.171*[#  19]+0.105*[#  25]+0.105*[#  26]
          +0.105*[#  28]+0.050*[#   6]+0.050*[#   7]+0.050*[#   9]+0.004*[#  20]
          +0.002*[#  24]+0.002*[#  27]+0.002*[#   2]+0.002*[#   3]+0.002*[#   4]
          
    |psi|^2 = 0.998
==== e(  20) =    11.86736 eV ==== 
     psi = 0.126*[#  20]+0.125*[#  16]+0.125*[#  17]+0.125*[#  19]+0.092*[#  24]
          +0.092*[#  27]+0.069*[#   2]+0.069*[#   3]+0.069*[#   4]+0.029*[#   6]
          +0.029*[#   7]+0.029*[#   9]+0.003*[#  21]+0.003*[#  22]+0.003*[#  23]
          +0.001*[#  25]+0.001*[#  26]+0.001*[#  28]
    |psi|^2 = 0.995
==== e(  21) =    12.16390 eV ==== 
     psi = 0.121*[#  15]+0.121*[#  18]+0.077*[#  11]+0.075*[#  21]+0.075*[#  22]
          +0.075*[#  23]+0.071*[#   1]+0.048*[#  25]+0.048*[#  26]+0.048*[#  28]
          +0.043*[#   5]+0.043*[#   8]+0.028*[#  16]+0.028*[#  17]+0.028*[#  19]
          +0.012*[#   6]+0.012*[#   7]+0.012*[#   9]+0.010*[#   2]+0.010*[#   3]
          +0.010*[#   4]+0.002*[#  10]
    |psi|^2 = 0.997
==== e(  22) =    12.88751 eV ==== 
     psi = 0.125*[#  21]+0.125*[#  22]+0.125*[#  23]+0.078*[#  11]+0.068*[#   1]
          +0.067*[#   2]+0.067*[#   3]+0.067*[#   4]+0.041*[#  15]+0.041*[#  18]
          +0.036*[#  25]+0.036*[#  26]+0.036*[#  28]+0.019*[#   5]+0.019*[#   8]
          +0.009*[#  16]+0.009*[#  17]+0.009*[#  19]+0.003*[#   6]+0.003*[#   7]
          +0.003*[#   9]
    |psi|^2 = 0.989
==== e(  23) =    13.28088 eV ==== 
     psi = 0.159*[#   2]+0.159*[#   3]+0.159*[#   4]+0.111*[#  21]+0.111*[#  22]
          +0.111*[#  23]+0.084*[#  24]+0.084*[#  27]+0.002*[#  20]+0.001*[#  16]
          +0.001*[#  17]+0.001*[#  19]
    |psi|^2 = 0.988
==== e(  24) =    20.57211 eV ==== 
     psi = 0.340*[#   1]+0.261*[#  11]+0.053*[#   2]+0.053*[#   3]+0.053*[#   4]
          +0.033*[#  21]+0.033*[#  22]+0.033*[#  23]+0.021*[#  25]+0.021*[#  26]
          +0.021*[#  28]+0.004*[#  10]+0.003*[#  15]+0.003*[#  18]+0.001*[#   5]
          +0.001*[#   8]
    |psi|^2 = 0.937
==== e(  25) =    21.01828 eV ==== 
     psi = 0.339*[#  20]+0.111*[#   2]+0.111*[#   3]+0.111*[#   4]+0.040*[#  21]
          +0.040*[#  22]+0.040*[#  23]+0.005*[#  16]+0.005*[#  17]+0.005*[#  19]
          +0.002*[#   6]+0.002*[#   7]+0.002*[#   9]+0.002*[#  24]+0.002*[#  27]
          
    |psi|^2 = 0.816
==== e(  26) =    24.23180 eV ==== 
     psi = 0.157*[#   1]+0.130*[#  11]+0.099*[#   2]+0.099*[#   3]+0.099*[#   4]
          +0.060*[#  21]+0.060*[#  22]+0.060*[#  23]+0.006*[#  10]+0.005*[#  25]
          +0.005*[#  26]+0.005*[#  28]+0.002*[#  15]+0.002*[#  18]
    |psi|^2 = 0.793
==== e(  27) =    25.13896 eV ==== 
     psi = 0.118*[#  20]+0.074*[#   2]+0.074*[#   3]+0.074*[#   4]+0.062*[#  21]
          +0.062*[#  22]+0.062*[#  23]+0.002*[#  16]+0.002*[#  17]+0.002*[#  19]
          +0.002*[#  24]+0.002*[#  27]
    |psi|^2 = 0.535
==== e(  28) =    27.82192 eV ==== 
     psi = 0.024*[#   2]+0.024*[#   3]+0.024*[#   4]+0.018*[#  20]+0.005*[#  21]
          +0.005*[#  22]+0.005*[#  23]
    |psi|^2 = 0.106

 k =  -0.5000000000 -1.0000000000  0.0000000000
==== e(   1) =   -91.24280 eV ==== 
     psi = 0.962*[#  10]+0.009*[#  21]+0.009*[#  22]+0.009*[#  23]+0.005*[#  11]
          +0.001*[#   2]+0.001*[#   3]+0.001*[#   4]+0.001*[#  25]+0.001*[#  26]
          +0.001*[#  28]
    |psi|^2 = 1.000
==== e(   2) =   -51.63472 eV ==== 
     psi = 0.332*[#  12]+0.332*[#  13]+0.332*[#  14]+0.001*[#  20]
    |psi|^2 = 1.000
==== e(   3) =   -51.63442 eV ==== 
     psi = 0.332*[#  12]+0.332*[#  13]+0.332*[#  14]
    |psi|^2 = 1.000
==== e(   4) =   -51.63430 eV ==== 
     psi = 0.332*[#  12]+0.332*[#  13]+0.332*[#  14]
    |psi|^2 = 1.000
==== e(   5) =     7.00948 eV ==== 
     psi = 0.192*[#  25]+0.192*[#  26]+0.192*[#  28]+0.153*[#   1]+0.065*[#  15]
          +0.065*[#  18]+0.024*[#  21]+0.024*[#  22]+0.024*[#  23]+0.017*[#  16]
          +0.017*[#  17]+0.017*[#  19]+0.009*[#   5]+0.009*[#   8]
    |psi|^2 = 0.999
==== e(   6) =     7.02762 eV ==== 
     psi = 0.180*[#  25]+0.180*[#  26]+0.180*[#  28]+0.127*[#  11]+0.092*[#   5]
          +0.092*[#   8]+0.028*[#   6]+0.028*[#   7]+0.028*[#   9]+0.015*[#  21]
          +0.015*[#  22]+0.015*[#  23]+0.007*[#  15]+0.007*[#  18]+0.004*[#  10]
          +0.001*[#   2]+0.001*[#   3]+0.001*[#   4]
    |psi|^2 = 0.999
==== e(   7) =     7.52327 eV ==== 
     psi = 0.281*[#  24]+0.281*[#  27]+0.077*[#   6]+0.077*[#   7]+0.077*[#   9]
          +0.031*[#   2]+0.031*[#   3]+0.031*[#   4]+0.022*[#  16]+0.022*[#  17]
          +0.022*[#  19]+0.009*[#  21]+0.009*[#  22]+0.009*[#  23]+0.007*[#  25]
          +0.007*[#  26]+0.007*[#  28]
    |psi|^2 = 0.998
==== e(   8) =     7.61727 eV ==== 
     psi = 0.313*[#  20]+0.102*[#   6]+0.102*[#   7]+0.102*[#   9]+0.073*[#   2]
          +0.073*[#   3]+0.073*[#   4]+0.054*[#  16]+0.054*[#  17]+0.054*[#  19]
          
    |psi|^2 = 0.998
==== e(   9) =     7.96507 eV ==== 
     psi = 0.201*[#  25]+0.201*[#  26]+0.201*[#  28]+0.061*[#  16]+0.061*[#  17]
          +0.061*[#  19]+0.052*[#   6]+0.052*[#   7]+0.052*[#   9]+0.020*[#  24]
          +0.020*[#  27]+0.005*[#   2]+0.005*[#   3]+0.005*[#   4]
    |psi|^2 = 0.999
==== e(  10) =     8.77778 eV ==== 
     psi = 0.404*[#  24]+0.404*[#  27]+0.026*[#   2]+0.026*[#   3]+0.026*[#   4]
          +0.026*[#   6]+0.026*[#   7]+0.026*[#   9]+0.016*[#  20]+0.006*[#  16]
          +0.006*[#  17]+0.006*[#  19]
    |psi|^2 = 0.998
==== e(  11) =     9.03735 eV ==== 
     psi = 0.181*[#   6]+0.181*[#   7]+0.181*[#   9]+0.156*[#   5]+0.156*[#   8]
          +0.035*[#  11]+0.015*[#  21]+0.015*[#  22]+0.015*[#  23]+0.013*[#  25]
          +0.013*[#  26]+0.013*[#  28]+0.008*[#   2]+0.008*[#   3]+0.008*[#   4]
          
    |psi|^2 = 0.999
==== e(  12) =     9.17240 eV ==== 
     psi = 0.424*[#   5]+0.424*[#   8]+0.037*[#   1]+0.033*[#  21]+0.033*[#  22]
          +0.033*[#  23]+0.003*[#  16]+0.003*[#  17]+0.003*[#  19]+0.001*[#  15]
          +0.001*[#  18]
    |psi|^2 = 0.997
==== e(  13) =     9.76912 eV ==== 
     psi = 0.160*[#  16]+0.160*[#  17]+0.160*[#  19]+0.131*[#  15]+0.131*[#  18]
          +0.043*[#   1]+0.030*[#   5]+0.030*[#   8]+0.027*[#  25]+0.027*[#  26]
          +0.027*[#  28]+0.024*[#  21]+0.024*[#  22]+0.024*[#  23]
    |psi|^2 = 0.997
==== e(  14) =     9.97888 eV ==== 
     psi = 0.395*[#  15]+0.395*[#  18]+0.038*[#  11]+0.026*[#   2]+0.026*[#   3]
          +0.026*[#   4]+0.018*[#  21]+0.018*[#  22]+0.018*[#  23]+0.013*[#   5]
          +0.013*[#   8]+0.003*[#   6]+0.003*[#   7]+0.003*[#   9]+0.001*[#  10]
          
    |psi|^2 = 0.997
==== e(  15) =    10.05277 eV ==== 
     psi = 0.173*[#   6]+0.173*[#   7]+0.173*[#   9]+0.137*[#  16]+0.137*[#  17]
          +0.137*[#  19]+0.023*[#  20]+0.017*[#  24]+0.017*[#  27]+0.005*[#   2]
          +0.005*[#   3]+0.005*[#   4]
    |psi|^2 = 0.999
==== e(  16) =    10.16189 eV ==== 
     psi = 0.154*[#   6]+0.154*[#   7]+0.154*[#   9]+0.092*[#  24]+0.092*[#  27]
          +0.072*[#  16]+0.072*[#  17]+0.072*[#  19]+0.019*[#  25]+0.019*[#  26]
          +0.019*[#  28]+0.016*[#  21]+0.016*[#  22]+0.016*[#  23]+0.010*[#   2]
          +0.010*[#   3]+0.010*[#   4]
    |psi|^2 = 0.997
==== e(  17) =    10.42952 eV ==== 
     psi = 0.205*[#   5]+0.205*[#   8]+0.105*[#   6]+0.105*[#   7]+0.105*[#   9]
          +0.077*[#  25]+0.077*[#  26]+0.077*[#  28]+0.023*[#  11]+0.006*[#  15]
          +0.006*[#  18]+0.002*[#  21]+0.002*[#  22]+0.002*[#  23]
    |psi|^2 = 1.000
==== e(  18) =    11.28279 eV ==== 
     psi = 0.232*[#  15]+0.232*[#  18]+0.116*[#  16]+0.116*[#  17]+0.116*[#  19]
          +0.055*[#  25]+0.055*[#  26]+0.055*[#  28]+0.016*[#   1]+0.001*[#  21]
          +0.001*[#  22]+0.001*[#  23]+0.001*[#   5]+0.001*[#   8]
    |psi|^2 = 0.998
==== e(  19) =    11.63884 eV ==== 
     psi = 0.175*[#  16]+0.175*[#  17]+0.175*[#  19]+0.105*[#  25]+0.105*[#  26]
          +0.105*[#  28]+0.048*[#   6]+0.048*[#   7]+0.048*[#   9]+0.002*[#  24]
          +0.002*[#  27]+0.001*[#   2]+0.001*[#   3]+0.001*[#   4]+0.001*[#  21]
          +0.001*[#  22]+0.001*[#  23]
    |psi|^2 = 0.998
==== e(  20) =    11.75800 eV ==== 
     psi = 0.137*[#  20]+0.133*[#  16]+0.133*[#  17]+0.133*[#  19]+0.076*[#  24]
          +0.076*[#  27]+0.070*[#   2]+0.070*[#   3]+0.070*[#   4]+0.031*[#   6]
          +0.031*[#   7]+0.031*[#   9]
    |psi|^2 = 0.995
==== e(  21) =    12.50299 eV ==== 
     psi = 0.156*[#   1]+0.123*[#  21]+0.123*[#  22]+0.123*[#  23]+0.069*[#  15]
          +0.069*[#  18]+0.050*[#  25]+0.050*[#  26]+0.050*[#  28]+0.036*[#  16]
          +0.036*[#  17]+0.036*[#  19]+0.034*[#   5]+0.034*[#   8]
    |psi|^2 = 0.992
==== e(  22) =    12.50499 eV ==== 
     psi = 0.172*[#  11]+0.086*[#  15]+0.086*[#  18]+0.074*[#  21]+0.074*[#  22]
          +0.074*[#  23]+0.058*[#   2]+0.058*[#   3]+0.058*[#   4]+0.048*[#  25]
          +0.048*[#  26]+0.048*[#  28]+0.034*[#   5]+0.034*[#   8]+0.015*[#   6]
          +0.015*[#   7]+0.015*[#   9]+0.002*[#  10]
    |psi|^2 = 0.997
==== e(  23) =    13.25081 eV ==== 
     psi = 0.155*[#   2]+0.155*[#   3]+0.155*[#   4]+0.104*[#  24]+0.104*[#  27]
          +0.103*[#  21]+0.103*[#  22]+0.103*[#  23]+0.001*[#  16]+0.001*[#  17]
          +0.001*[#  19]
    |psi|^2 = 0.993
==== e(  24) =    22.19242 eV ==== 
     psi = 0.512*[#   1]+0.098*[#  21]+0.098*[#  22]+0.098*[#  23]+0.009*[#  25]
          +0.009*[#  26]+0.009*[#  28]+0.001*[#   5]+0.001*[#   8]+0.001*[#  15]
          +0.001*[#  18]
    |psi|^2 = 0.838
==== e(  25) =    22.31596 eV ==== 
     psi = 0.380*[#  11]+0.168*[#   2]+0.168*[#   3]+0.168*[#   4]+0.014*[#  25]
          +0.014*[#  26]+0.014*[#  28]+0.010*[#  10]+0.005*[#  15]+0.005*[#  18]
          
    |psi|^2 = 0.947
==== e(  26) =    22.59100 eV ==== 
     psi = 0.118*[#  21]+0.118*[#  22]+0.118*[#  23]+0.076*[#   2]+0.076*[#   3]
          +0.076*[#   4]+0.002*[#  16]+0.002*[#  17]+0.002*[#  19]
    |psi|^2 = 0.593
==== e(  27) =    23.20964 eV ==== 
     psi = 0.440*[#  20]+0.124*[#   2]+0.124*[#   3]+0.124*[#   4]+0.003*[#  16]
          +0.003*[#  17]+0.003*[#  19]+0.003*[#  24]+0.003*[#  27]+0.002*[#   6]
          +0.002*[#   7]+0.002*[#   9]
    |psi|^2 = 0.833
==== e(  28) =    27.67739 eV ==== 
     psi = 0.024*[#  20]+0.016*[#   2]+0.016*[#   3]+0.016*[#   4]
    |psi|^2 = 0.073

Lowdin Charges: 

     Atom #   1: total charge =  11.1866, s =  0.5067, 
     Atom #   1: total charge =  11.1866, p =  1.0730, pz=  0.3577, px=  0.3577, py=  0.3577, 
     Atom #   1: total charge =  11.1866, d =  9.6069, dz2=  1.9516, dxz=  1.9012, dyz=  1.9012, dx2-y2=  1.9516, dxy=  1.9012, 
     Atom #   2: total charge =  17.0953, s =  2.3762, 
     Atom #   2: total charge =  17.0953, p =  5.9939, pz=  1.9980, px=  1.9980, py=  1.9980, 
     Atom #   2: total charge =  17.0953, d =  8.7253, dz2=  1.8217, dxz=  1.6940, dyz=  1.6940, dx2-y2=  1.8217, dxy=  1.6940, 
     Atom #   3: total charge =  10.6505, s =  0.6267, 
     Atom #   3: total charge =  10.6505, p =  1.0829, pz=  0.3610, px=  0.3610, py=  0.3610, 
     Atom #   3: total charge =  10.6505, d =  8.9409, dz2=  1.8670, dxz=  1.7356, dyz=  1.7356, dx2-y2=  1.8670, dxy=  1.7356, 
     Spilling Parameter:   0.0017

     PROJWFC      :      2.82s CPU      2.90s WALL


   This run was terminated on:  22:10:41  13Sep2024            

=------------------------------------------------------------------------------=
   JOB DONE.
=------------------------------------------------------------------------------=
